Transaction_ID,Date,Customer_ID,Product_Name,Category,Quantity,Unit_Price,Region,Customer_Segment,Payment_Method,Total_Revenue
TX-12525,2024-12-06,CUST-0042,Laptop Sleeve,Accessories,3,29.99,South,Small Business,Cash,89.97
TX-12922,2025-07-27,CUST-0004,Noise-Cancelling Headphones,Electronics,1,250.0,North,Small Business,Bank Transfer,250.0
TX-10889,2024-07-05,CUST-0202,Whiteboard,Office Supplies,5,79.99,South,Corporate,Credit Card,399.95
TX-10657,2025-07-14,CUST-0143,Laptop Sleeve,Accessories,2,28.19,North,Consumer,Credit Card,56.38
TX-14316,2024-02-10,CUST-0304,Whiteboard,Office Supplies,2,79.99,North,Corporate,PayPal,159.98
TX-10838,2025-11-19,CUST-0268,Wireless Mouse,Accessories,1,49.99,West,Small Business,PayPal,49.99
TX-12344,2025-02-28,CUST-0218,Noise-Cancelling Headphones,Electronics,3,250.0,East,Consumer,Credit Card,750.0
TX-12146,2025-09-08,CUST-0315,Desk Mat,Accessories,3,25.0,North,Small Business,Credit Card,75.0
TX-10199,2025-02-06,CUST-0271,Premium Tablet,Electronics,1,600.0,West,Consumer,Credit Card,600.0
TX-12846,2024-10-03,CUST-0073,Wireless Mouse,Accessories,3,49.99,East,Small Business,Bank Transfer,149.97
TX-14391,2024-07-12,CUST-0350,Desk Mat,Accessories,1,25.0,South,Consumer,Credit Card,25.0
TX-14713,2025-04-04,CUST-0017,Mechanical Keyboard,Accessories,3,80.99,South,Corporate,Cash,242.96999999999997
TX-10084,2025-09-24,CUST-0236,USB-C Multi-Hub,Accessories,1,39.99,South,Consumer,Cash,39.99
TX-11117,2024-04-01,CUST-0056,Laptop Sleeve,Accessories,3,29.99,South,Consumer,PayPal,89.97
TX-10393,2025-05-08,CUST-0033,Premium Notebook,Office Supplies,3,15.5,East,Consumer,Bank Transfer,46.5
TX-10033,2025-01-26,CUST-UNKNOWN,Whiteboard,Office Supplies,2,79.99,West,Small Business,PayPal,159.98
TX-11370,2024-01-10,CUST-0305,Gel Pens 12-Pack,Office Supplies,1,12.99,North,Consumer,Cash,12.99
TX-13639,2025-12-03,CUST-0042,Desk Mat,Accessories,2,25.0,South,Small Business,PayPal,50.0
TX-12796,2024-08-05,CUST-0366,Standing Desk,Office Supplies,8,450.0,West,Corporate,Credit Card,3600.0
TX-14100,2024-05-23,CUST-0274,Smartwatch,Electronics,4,164.0,East,Small Business,Credit Card,656.0
TX-13040,2024-10-01,CUST-0372,Standing Desk,Office Supplies,7,450.0,East,Corporate,Credit Card,3150.0
TX-14367,2025-05-27,CUST-0004,Pro Laptop,Electronics,4,1200.0,North,Small Business,Credit Card,4800.0
TX-10373,2024-01-13,CUST-0320,Laptop Sleeve,Accessories,4,29.99,South,Consumer,Credit Card,119.96
TX-13566,2024-06-18,CUST-0376,Pro Laptop,Electronics,4,1200.0,South,Consumer,PayPal,4800.0
TX-12172,2024-03-19,CUST-0160,Wireless Mouse,Accessories,1,45.49,South,Small Business,Bank Transfer,45.49
TX-11864,2024-12-15,CUST-0066,Whiteboard,Office Supplies,4,71.19,North,Small Business,Credit Card,284.76
TX-11181,2024-07-06,CUST-0182,Whiteboard,Office Supplies,3,79.99,East,Consumer,Bank Transfer,239.96999999999997
TX-13225,2025-02-25,CUST-0032,Pro Laptop,Electronics,7,1200.0,South,Corporate,Credit Card,8400.0
TX-11721,2025-12-11,CUST-0272,Noise-Cancelling Headphones,Electronics,4,250.0,West,Corporate,Credit Card,1000.0
TX-10486,2025-10-18,CUST-0069,USB-C Multi-Hub,Accessories,4,39.99,East,Consumer,Cash,159.96
TX-13290,2025-03-01,CUST-0236,4K Monitor,Electronics,4,350.0,South,Consumer,Cash,1400.0
TX-10065,2024-08-21,CUST-0212,Gel Pens 12-Pack,Office Supplies,8,12.99,North,Corporate,Cash,103.92
TX-11209,2024-07-15,CUST-0075,Ergonomic Chair,Office Supplies,2,299.99,North,Small Business,Credit Card,599.98
TX-10168,2025-07-28,CUST-0167,Desk Mat,Accessories,4,25.0,North,Small Business,Bank Transfer,100.0
TX-14533,2024-02-16,CUST-0108,Pro Laptop,Electronics,4,984.0,South,Corporate,PayPal,3936.0
TX-14109,2025-02-10,CUST-0203,Wireless Mouse,Accessories,2,43.49,South,Small Business,PayPal,86.98
TX-12825,2024-10-13,CUST-0254,Laptop Sleeve,Accessories,3,29.99,North,Consumer,Credit Card,89.97
TX-10746,2025-04-05,CUST-0009,Noise-Cancelling Headphones,Electronics,1,250.0,North,Small Business,Bank Transfer,250.0
TX-13154,2025-09-14,CUST-0081,Mechanical Keyboard,Accessories,4,99.99,North,Consumer,Bank Transfer,399.96
TX-10977,2024-01-29,CUST-0074,4K Monitor,Electronics,4,350.0,South,Small Business,Credit Card,1400.0
TX-10296,2025-03-29,CUST-0045,Premium Tablet,Electronics,3,600.0,East,Corporate,Cash,1800.0
TX-13903,2024-02-15,CUST-0117,Premium Tablet,Electronics,3,600.0,East,Consumer,Cash,1800.0
TX-10731,2024-05-02,CUST-0045,Mechanical Keyboard,Accessories,8,99.99,South,Corporate,PayPal,799.92
TX-14310,2024-09-15,CUST-0336,Premium Tablet,Electronics,7,600.0,North,Corporate,Bank Transfer,4200.0
TX-14883,2025-05-22,CUST-UNKNOWN,Smartwatch,Electronics,1,200.0,East,Consumer,Cash,200.0
TX-11699,2024-06-10,CUST-0215,Premium Tablet,Electronics,2,600.0,East,Consumer,PayPal,1200.0
TX-11872,2024-10-06,CUST-0161,Laptop Sleeve,Accessories,2,29.99,East,Consumer,PayPal,59.98
TX-11101,2024-05-08,CUST-0047,4K Monitor,Electronics,2,350.0,South,Small Business,PayPal,700.0
TX-14746,2024-10-10,CUST-0252,Gel Pens 12-Pack,Office Supplies,1,12.08,East,Consumer,Credit Card,12.08
TX-10079,2025-09-05,CUST-0029,Premium Tablet,Electronics,6,600.0,South,Corporate,PayPal,3600.0
TX-11038,2024-04-13,CUST-0347,Smartwatch,Electronics,3,200.0,West,Corporate,Bank Transfer,600.0
TX-12826,2024-06-12,CUST-0139,Standing Desk,Office Supplies,1,450.0,East,Consumer,Credit Card,450.0
TX-13656,2024-12-15,CUST-0121,Laptop Sleeve,Accessories,1,29.99,West,Consumer,PayPal,29.99
TX-13260,2025-09-02,CUST-0019,Pro Laptop,Electronics,4,1200.0,West,Consumer,PayPal,4800.0
TX-11197,2024-01-08,CUST-0080,USB-C Multi-Hub,Accessories,5,39.99,East,Corporate,Cash,199.95000000000002
TX-11200,2024-05-16,CUST-0203,Premium Notebook,Office Supplies,1,15.5,South,Small Business,PayPal,15.5
TX-10106,2025-04-25,CUST-0100,Whiteboard,Office Supplies,4,79.99,North,Small Business,Cash,319.96
TX-13738,2025-04-17,CUST-0376,Desk Mat,Accessories,4,25.0,South,Consumer,Cash,100.0
TX-11832,2024-09-15,CUST-0144,Wireless Mouse,Accessories,4,49.99,North,Small Business,Bank Transfer,199.96
TX-11094,2025-09-23,CUST-0389,Noise-Cancelling Headphones,Electronics,2,250.0,East,Small Business,Cash,500.0
TX-14476,2025-03-17,CUST-0025,Wireless Mouse,Accessories,1,49.99,East,Small Business,Credit Card,49.99
TX-13235,2025-09-17,CUST-0009,Standing Desk,Office Supplies,3,423.0,North,Small Business,PayPal,1269.0
TX-11272,2025-05-30,CUST-0052,Mechanical Keyboard,Accessories,1,99.99,South,Small Business,Cash,99.99
TX-11020,2024-12-14,CUST-0267,Pro Laptop,Electronics,4,1200.0,West,Consumer,Credit Card,4800.0
TX-11330,2024-04-15,CUST-0299,USB-C Multi-Hub,Accessories,4,39.99,North,Corporate,PayPal,159.96
TX-12484,2024-08-21,CUST-0196,USB-C Multi-Hub,Accessories,4,39.99,West,Small Business,PayPal,159.96
TX-14655,2025-12-03,CUST-0122,Mechanical Keyboard,Accessories,8,99.99,East,Corporate,PayPal,799.92
TX-10751,2025-09-22,CUST-0113,Premium Tablet,Electronics,4,600.0,West,Small Business,Bank Transfer,2400.0
TX-13658,2024-03-12,CUST-0308,Mechanical Keyboard,Accessories,7,99.99,North,Corporate,Credit Card,699.93
TX-12341,2025-11-18,CUST-0398,4K Monitor,Electronics,8,350.0,North,Corporate,PayPal,2800.0
TX-14635,2024-07-03,CUST-0190,Ergonomic Chair,Office Supplies,2,299.99,South,Consumer,PayPal,599.98
TX-11335,2025-01-15,CUST-0075,Ergonomic Chair,Office Supplies,1,299.99,North,Small Business,Bank Transfer,299.99
TX-11421,2025-07-26,CUST-0035,Gel Pens 12-Pack,Office Supplies,4,12.99,South,Small Business,Credit Card,51.96
TX-11427,2024-12-03,CUST-0340,Premium Tablet,Electronics,9,600.0,West,Corporate,Credit Card,5400.0
TX-13317,2024-07-08,CUST-0100,Premium Tablet,Electronics,4,600.0,North,Small Business,Bank Transfer,2400.0
TX-11041,2025-03-15,CUST-0126,4K Monitor,Electronics,2,350.0,North,Consumer,Bank Transfer,700.0
TX-11503,2024-09-24,CUST-0346,Gel Pens 12-Pack,Office Supplies,4,12.99,East,Small Business,Cash,51.96
TX-10856,2025-12-13,CUST-0163,Whiteboard,Office Supplies,8,79.99,South,Corporate,Bank Transfer,639.92
TX-13922,2024-12-18,CUST-UNKNOWN,Gel Pens 12-Pack,Office Supplies,4,12.99,South,Small Business,Bank Transfer,51.96
TX-10485,2025-03-14,CUST-0087,Noise-Cancelling Headphones,Electronics,2,250.0,South,Consumer,PayPal,500.0
TX-13938,2024-05-30,CUST-0349,Pro Laptop,Electronics,3,1200.0,East,Corporate,Cash,3600.0
TX-11174,2024-12-07,CUST-0116,Ergonomic Chair,Office Supplies,1,299.99,West,Small Business,Cash,299.99
TX-11362,2025-02-16,CUST-0142,Laptop Sleeve,Accessories,4,28.19,South,Consumer,Cash,112.76
TX-14684,2025-02-24,CUST-0364,Premium Tablet,Electronics,4,600.0,South,Small Business,Credit Card,2400.0
TX-13886,2024-05-25,CUST-0238,Smartwatch,Electronics,3,180.0,West,Small Business,PayPal,540.0
TX-12575,2025-11-27,CUST-0348,Ergonomic Chair,Office Supplies,1,242.99,West,Small Business,Cash,242.99
TX-14272,2024-09-06,CUST-0077,4K Monitor,Electronics,4,350.0,South,Consumer,Cash,1400.0
TX-10029,2025-05-14,CUST-0278,4K Monitor,Electronics,1,350.0,East,Consumer,PayPal,350.0
TX-12698,2025-11-05,CUST-0073,Desk Mat,Accessories,2,23.0,East,Small Business,PayPal,46.0
TX-14232,2025-04-13,CUST-0337,Noise-Cancelling Headphones,Electronics,3,250.0,South,Small Business,Cash,750.0
TX-14005,2025-12-02,CUST-0216,Wireless Mouse,Accessories,7,49.99,North,Corporate,Credit Card,349.93
TX-11305,2024-04-16,CUST-0046,Wireless Mouse,Accessories,4,49.99,East,Consumer,Credit Card,199.96
TX-10530,2025-08-11,CUST-0129,Desk Mat,Accessories,4,25.0,West,Consumer,Cash,100.0
TX-11684,2024-09-22,CUST-0300,USB-C Multi-Hub,Accessories,4,39.99,East,Small Business,PayPal,159.96
TX-10240,2025-07-22,CUST-0263,Ergonomic Chair,Office Supplies,1,299.99,West,Consumer,Credit Card,299.99
TX-14284,2024-07-31,CUST-0096,Mechanical Keyboard,Accessories,3,99.99,North,Corporate,PayPal,299.96999999999997
TX-12672,2025-05-11,CUST-0019,Mechanical Keyboard,Accessories,2,79.99,West,Consumer,Bank Transfer,159.98
TX-12088,2025-08-17,CUST-0344,Premium Tablet,Electronics,2,600.0,South,Corporate,PayPal,1200.0
TX-10157,2025-07-29,CUST-0100,Whiteboard,Office Supplies,3,79.99,North,Small Business,Credit Card,239.96999999999997
TX-10691,2025-11-12,CUST-0167,Gel Pens 12-Pack,Office Supplies,3,12.99,North,Small Business,Credit Card,38.97
TX-10297,2025-03-15,CUST-0072,Noise-Cancelling Headphones,Electronics,1,250.0,North,Small Business,PayPal,250.0
TX-12440,2025-07-17,CUST-0329,Premium Tablet,Electronics,3,600.0,East,Consumer,Bank Transfer,1800.0
TX-12990,2024-10-02,CUST-0047,4K Monitor,Electronics,1,350.0,South,Small Business,Cash,350.0
TX-13479,2025-11-01,CUST-0245,Gel Pens 12-Pack,Office Supplies,7,12.99,West,Corporate,Bank Transfer,90.93
TX-11952,2025-06-17,CUST-0148,Ergonomic Chair,Office Supplies,4,299.99,South,Small Business,Credit Card,1199.96
TX-13187,2025-09-15,CUST-0319,Premium Tablet,Electronics,2,504.0,North,Consumer,Credit Card,1008.0
TX-14892,2025-09-09,CUST-0223,Pro Laptop,Electronics,8,1200.0,South,Corporate,Credit Card,9600.0
TX-10023,2025-07-19,CUST-0194,Premium Notebook,Office Supplies,2,15.5,South,Small Business,PayPal,31.0
TX-14915,2024-07-04,CUST-0003,Laptop Sleeve,Accessories,2,29.99,South,Consumer,Credit Card,59.98
TX-13350,2025-08-15,CUST-0325,Smartwatch,Electronics,6,200.0,South,Corporate,Bank Transfer,1200.0
TX-13758,2025-01-29,CUST-0097,Standing Desk,Office Supplies,2,450.0,North,Small Business,Bank Transfer,900.0
TX-12509,2024-06-09,CUST-0005,Premium Tablet,Electronics,3,552.0,North,Small Business,Credit Card,1656.0
TX-14279,2024-02-12,CUST-0391,Mechanical Keyboard,Accessories,3,99.99,West,Consumer,Bank Transfer,299.96999999999997
TX-13662,2024-04-06,CUST-0112,4K Monitor,Electronics,5,350.0,West,Corporate,Credit Card,1750.0
TX-12034,2025-12-06,CUST-0174,Mechanical Keyboard,Accessories,4,99.99,South,Small Business,Cash,399.96
TX-14204,2025-12-12,CUST-0176,Noise-Cancelling Headphones,Electronics,4,250.0,East,Small Business,PayPal,1000.0
TX-11095,2025-09-26,CUST-0041,Premium Tablet,Electronics,3,600.0,East,Small Business,Cash,1800.0
TX-12867,2025-10-04,CUST-0254,Smartwatch,Electronics,4,200.0,North,Consumer,Credit Card,800.0
TX-10228,2025-04-15,CUST-0290,Premium Tablet,Electronics,6,600.0,West,Corporate,Credit Card,3600.0
TX-10239,2024-11-11,CUST-0390,Ergonomic Chair,Office Supplies,2,263.99,South,Small Business,Credit Card,527.98
TX-13017,2025-03-30,CUST-0210,Ergonomic Chair,Office Supplies,6,299.99,South,Corporate,Bank Transfer,1799.94
TX-13982,2024-09-09,CUST-0011,Standing Desk,Office Supplies,3,450.0,West,Consumer,Bank Transfer,1350.0
TX-14159,2024-05-29,CUST-0263,Whiteboard,Office Supplies,4,79.99,West,Consumer,Credit Card,319.96
TX-10179,2024-06-28,CUST-0214,Pro Laptop,Electronics,4,1008.0,West,Small Business,Cash,4032.0
TX-13997,2024-01-01,CUST-0235,Ergonomic Chair,Office Supplies,3,299.99,East,Small Business,Credit Card,899.97
TX-12404,2024-03-09,CUST-0054,Premium Tablet,Electronics,3,486.0,West,Small Business,Credit Card,1458.0
TX-12860,2024-02-10,CUST-0061,4K Monitor,Electronics,4,350.0,West,Small Business,Bank Transfer,1400.0
TX-11718,2024-10-29,CUST-0158,Gel Pens 12-Pack,Office Supplies,10,12.99,North,Corporate,Credit Card,129.9
TX-14280,2025-02-24,CUST-0267,Mechanical Keyboard,Accessories,4,99.99,West,Consumer,Cash,399.96
TX-11770,2024-07-07,CUST-0103,Noise-Cancelling Headphones,Electronics,1,250.0,East,Consumer,Bank Transfer,250.0
TX-12104,2025-12-07,CUST-0175,Smartwatch,Electronics,2,180.0,East,Consumer,PayPal,360.0
TX-14662,2024-07-17,CUST-0393,Mechanical Keyboard,Accessories,9,99.99,East,Corporate,Cash,899.91
TX-14924,2024-12-01,CUST-0320,Desk Mat,Accessories,3,25.0,South,Consumer,Credit Card,75.0
TX-10711,2025-07-13,CUST-0018,4K Monitor,Electronics,3,308.0,North,Consumer,Bank Transfer,924.0
TX-12133,2025-07-13,CUST-0390,Gel Pens 12-Pack,Office Supplies,2,12.99,South,Small Business,Bank Transfer,25.98
TX-12957,2024-02-29,CUST-0378,Whiteboard,Office Supplies,4,79.99,North,Small Business,Cash,319.96
TX-10333,2025-10-23,CUST-0066,Noise-Cancelling Headphones,Electronics,1,250.0,North,Small Business,Credit Card,250.0
TX-10896,2024-08-29,CUST-0317,Standing Desk,Office Supplies,3,396.0,South,Small Business,Cash,1188.0
TX-14153,2024-04-21,CUST-0338,Premium Tablet,Electronics,1,600.0,East,Consumer,PayPal,600.0
TX-14283,2024-10-31,CUST-0143,USB-C Multi-Hub,Accessories,4,39.99,North,Consumer,Cash,159.96
TX-13815,2024-09-24,CUST-0140,Ergonomic Chair,Office Supplies,3,299.99,North,Small Business,PayPal,899.97
TX-12395,2025-10-28,CUST-0070,Whiteboard,Office Supplies,6,64.79,East,Corporate,PayPal,388.74
TX-13992,2024-08-16,CUST-0374,USB-C Multi-Hub,Accessories,6,39.99,West,Corporate,Credit Card,239.94
TX-13595,2024-09-11,CUST-0224,USB-C Multi-Hub,Accessories,2,39.99,North,Small Business,Credit Card,79.98
TX-13038,2024-06-26,CUST-0102,Desk Mat,Accessories,3,25.0,North,Consumer,Credit Card,75.0
TX-14326,2025-05-22,CUST-0233,Standing Desk,Office Supplies,7,423.0,West,Corporate,Cash,2961.0
TX-10705,2025-02-19,CUST-0196,Whiteboard,Office Supplies,2,79.99,West,Small Business,PayPal,159.98
TX-11374,2025-04-14,CUST-0007,Premium Notebook,Office Supplies,3,13.17,North,Consumer,Cash,39.51
TX-12309,2024-05-28,CUST-0204,Premium Tablet,Electronics,4,600.0,North,Corporate,Credit Card,2400.0
TX-13963,2025-12-16,CUST-0117,Gel Pens 12-Pack,Office Supplies,2,12.99,East,Consumer,Bank Transfer,25.98
TX-14418,2025-12-08,CUST-0251,Laptop Sleeve,Accessories,2,29.99,South,Small Business,Cash,59.98
TX-12881,2024-08-15,CUST-0177,Ergonomic Chair,Office Supplies,2,257.99,West,Corporate,Bank Transfer,515.98
TX-11533,2025-08-31,CUST-0180,Laptop Sleeve,Accessories,2,29.99,North,Consumer,Bank Transfer,59.98
TX-13245,2025-01-25,CUST-0175,USB-C Multi-Hub,Accessories,4,39.99,East,Consumer,Credit Card,159.96
TX-12649,2024-10-14,CUST-0299,Premium Tablet,Electronics,3,600.0,North,Corporate,Cash,1800.0
TX-13065,2024-08-31,CUST-0155,Laptop Sleeve,Accessories,1,29.99,South,Small Business,Credit Card,29.99
TX-10829,2024-10-11,CUST-0179,Standing Desk,Office Supplies,10,450.0,West,Corporate,PayPal,4500.0
TX-13574,2024-12-27,CUST-0141,Smartwatch,Electronics,3,200.0,West,Small Business,PayPal,600.0
TX-11451,2024-10-07,CUST-0395,USB-C Multi-Hub,Accessories,3,36.39,East,Consumer,Cash,109.17
TX-13803,2024-03-24,CUST-0166,Premium Notebook,Office Supplies,2,15.5,East,Small Business,Cash,31.0
TX-12236,2024-12-04,CUST-0310,Mechanical Keyboard,Accessories,10,99.99,South,Corporate,Cash,999.9
TX-14897,2024-06-07,CUST-0236,Laptop Sleeve,Accessories,3,29.99,South,Consumer,PayPal,89.97
TX-10279,2024-06-21,CUST-0166,USB-C Multi-Hub,Accessories,3,39.99,East,Small Business,Bank Transfer,119.97
TX-13499,2024-10-12,CUST-0251,Pro Laptop,Electronics,3,1200.0,South,Small Business,Cash,3600.0
TX-11617,2025-11-11,CUST-0325,USB-C Multi-Hub,Accessories,10,39.99,South,Corporate,Cash,399.90000000000003
TX-11859,2024-06-11,CUST-0156,USB-C Multi-Hub,Accessories,5,39.99,East,Corporate,PayPal,199.95000000000002
TX-14890,2025-01-23,CUST-0011,Wireless Mouse,Accessories,2,40.99,West,Consumer,Credit Card,81.98
TX-12254,2025-08-26,CUST-0114,Mechanical Keyboard,Accessories,3,81.99,North,Small Business,Bank Transfer,245.96999999999997
TX-10893,2025-05-21,CUST-0061,Premium Tablet,Electronics,2,600.0,West,Small Business,Bank Transfer,1200.0
TX-12638,2025-08-22,CUST-0068,Pro Laptop,Electronics,2,1092.0,East,Small Business,Credit Card,2184.0
TX-10655,2025-07-10,CUST-UNKNOWN,Desk Mat,Accessories,2,25.0,South,Consumer,PayPal,50.0
TX-14687,2024-05-09,CUST-0309,4K Monitor,Electronics,6,350.0,West,Corporate,Bank Transfer,2100.0
TX-14614,2025-09-06,CUST-0085,Noise-Cancelling Headphones,Electronics,4,250.0,North,Consumer,Bank Transfer,1000.0
TX-10228,2025-04-15,CUST-0290,Premium Tablet,Electronics,3,600.0,West,Corporate,Credit Card,1800.0
TX-14618,2025-06-28,CUST-0020,Desk Mat,Accessories,10,25.0,East,Corporate,PayPal,250.0
TX-11129,2024-09-11,CUST-0189,Whiteboard,Office Supplies,9,79.99,South,Corporate,Cash,719.91
TX-12073,2025-02-25,CUST-0039,USB-C Multi-Hub,Accessories,1,39.99,South,Consumer,Cash,39.99
TX-14347,2024-04-23,CUST-0384,Premium Notebook,Office Supplies,3,15.5,South,Corporate,Bank Transfer,46.5
TX-10491,2024-08-16,CUST-0396,USB-C Multi-Hub,Accessories,4,39.99,North,Corporate,Cash,159.96
TX-11732,2025-12-09,CUST-0250,Standing Desk,Office Supplies,1,450.0,South,Consumer,Credit Card,450.0
TX-11215,2025-01-05,CUST-0302,Laptop Sleeve,Accessories,7,29.99,South,Corporate,PayPal,209.92999999999998
TX-12834,2025-10-30,CUST-0399,Pro Laptop,Electronics,3,1200.0,West,Consumer,PayPal,3600.0
TX-11268,2025-07-08,CUST-0055,Premium Tablet,Electronics,2,552.0,West,Corporate,Bank Transfer,1104.0
TX-14791,2024-08-29,CUST-0149,4K Monitor,Electronics,3,350.0,North,Small Business,Credit Card,1050.0
TX-11534,2024-07-16,CUST-0141,Gel Pens 12-Pack,Office Supplies,3,12.99,West,Small Business,Bank Transfer,38.97
TX-14688,2025-11-01,CUST-0298,Premium Notebook,Office Supplies,2,15.5,West,Corporate,Bank Transfer,31.0
TX-14984,2024-12-02,CUST-0204,Whiteboard,Office Supplies,8,79.99,North,Corporate,PayPal,639.92
TX-14305,2025-11-30,CUST-0047,Noise-Cancelling Headphones,Electronics,3,250.0,South,Small Business,Credit Card,750.0
TX-10653,2025-04-01,CUST-0148,Mechanical Keyboard,Accessories,1,99.99,South,Small Business,PayPal,99.99
TX-10994,2025-05-31,CUST-0059,Ergonomic Chair,Office Supplies,3,299.99,South,Small Business,Cash,899.97
TX-11018,2024-03-05,CUST-0321,Wireless Mouse,Accessories,1,49.99,North,Small Business,Cash,49.99
TX-14590,2024-02-24,CUST-0389,USB-C Multi-Hub,Accessories,1,39.99,East,Small Business,Credit Card,39.99
TX-10555,2024-10-25,CUST-0310,Desk Mat,Accessories,6,25.0,South,Corporate,Cash,150.0
TX-10008,2024-10-05,CUST-0042,Wireless Mouse,Accessories,4,49.99,South,Small Business,Bank Transfer,199.96
TX-11090,2025-02-24,CUST-0155,Desk Mat,Accessories,1,25.0,South,Small Business,PayPal,25.0
TX-13475,2024-10-25,CUST-0244,Whiteboard,Office Supplies,2,79.99,East,Corporate,Credit Card,159.98
TX-13321,2025-03-10,CUST-0128,4K Monitor,Electronics,4,325.5,West,Corporate,PayPal,1302.0
TX-14226,2025-04-07,CUST-0384,Premium Notebook,Office Supplies,4,13.17,South,Corporate,Bank Transfer,52.68
TX-13043,2025-06-01,CUST-0268,Premium Notebook,Office Supplies,2,13.02,West,Small Business,Cash,26.04
TX-11371,2025-04-28,CUST-0057,Pro Laptop,Electronics,3,1200.0,West,Consumer,PayPal,3600.0
TX-10144,2025-07-18,CUST-0141,Noise-Cancelling Headphones,Electronics,1,250.0,West,Small Business,PayPal,250.0
TX-10676,2025-01-15,CUST-0232,Standing Desk,Office Supplies,3,373.5,South,Small Business,PayPal,1120.5
TX-13934,2024-11-13,CUST-0210,4K Monitor,Electronics,3,350.0,South,Corporate,Cash,1050.0
TX-12751,2024-11-06,CUST-0351,Premium Notebook,Office Supplies,5,15.5,East,Corporate,Cash,77.5
TX-10931,2025-09-23,CUST-0185,Desk Mat,Accessories,3,23.75,North,Consumer,Credit Card,71.25
TX-13816,2025-02-06,CUST-0021,Desk Mat,Accessories,4,25.0,East,Consumer,Bank Transfer,100.0
TX-11606,2025-10-12,CUST-0010,USB-C Multi-Hub,Accessories,2,39.99,South,Small Business,Credit Card,79.98
TX-10151,2024-05-05,CUST-0127,Pro Laptop,Electronics,1,1200.0,South,Consumer,Bank Transfer,1200.0
TX-13589,2024-04-12,CUST-0089,Noise-Cancelling Headphones,Electronics,5,250.0,South,Corporate,Credit Card,1250.0
TX-13898,2024-11-06,CUST-0358,Ergonomic Chair,Office Supplies,7,299.99,East,Corporate,Credit Card,2099.9300000000003
TX-12413,2024-09-16,CUST-0186,Ergonomic Chair,Office Supplies,1,299.99,North,Small Business,Cash,299.99
TX-10227,2025-09-26,CUST-0270,Premium Notebook,Office Supplies,3,12.56,West,Small Business,Cash,37.68
TX-11539,2024-01-01,CUST-0166,Pro Laptop,Electronics,2,1200.0,East,Small Business,Cash,2400.0
TX-11744,2025-07-14,CUST-0332,Gel Pens 12-Pack,Office Supplies,3,12.99,South,Consumer,PayPal,38.97
TX-14264,2025-03-19,CUST-0167,USB-C Multi-Hub,Accessories,1,32.79,North,Small Business,Credit Card,32.79
TX-12312,2024-05-12,CUST-0022,4K Monitor,Electronics,1,315.0,West,Small Business,Cash,315.0
TX-11616,2024-12-26,CUST-0215,USB-C Multi-Hub,Accessories,3,39.99,East,Consumer,Bank Transfer,119.97
TX-12103,2025-11-15,CUST-0295,Mechanical Keyboard,Accessories,4,94.99,West,Small Business,Credit Card,379.96
TX-11406,2025-11-03,CUST-0022,Standing Desk,Office Supplies,4,450.0,West,Small Business,Cash,1800.0
TX-14934,2025-12-06,CUST-0055,Gel Pens 12-Pack,Office Supplies,6,12.99,West,Corporate,PayPal,77.94
TX-10501,2025-06-10,CUST-0330,Standing Desk,Office Supplies,4,387.0,North,Corporate,PayPal,1548.0
TX-10670,2025-08-05,CUST-0316,Premium Tablet,Electronics,5,600.0,North,Corporate,Bank Transfer,3000.0
TX-11835,2024-05-13,CUST-0320,4K Monitor,Electronics,1,350.0,South,Consumer,Bank Transfer,350.0
TX-13634,2025-07-18,CUST-0287,Pro Laptop,Electronics,1,1200.0,East,Small Business,Bank Transfer,1200.0
TX-12015,2024-06-18,CUST-0345,Ergonomic Chair,Office Supplies,1,299.99,South,Small Business,Cash,299.99
TX-10848,2024-02-03,CUST-0338,Standing Desk,Office Supplies,4,378.0,East,Consumer,Cash,1512.0
TX-10584,2024-05-17,CUST-0129,Smartwatch,Electronics,4,200.0,West,Consumer,Bank Transfer,800.0
TX-10248,2025-02-06,CUST-0187,4K Monitor,Electronics,2,350.0,South,Small Business,PayPal,700.0
TX-11052,2024-02-09,CUST-0280,Noise-Cancelling Headphones,Electronics,2,250.0,South,Small Business,Bank Transfer,500.0
TX-12313,2025-06-25,CUST-0390,Standing Desk,Office Supplies,2,387.0,South,Small Business,PayPal,774.0
TX-14275,2025-03-11,CUST-0089,Premium Tablet,Electronics,9,600.0,South,Corporate,Cash,5400.0
TX-12072,2025-11-11,CUST-0071,USB-C Multi-Hub,Accessories,8,39.99,South,Corporate,PayPal,319.92
TX-11629,2025-07-04,CUST-0062,Laptop Sleeve,Accessories,10,29.99,North,Corporate,Credit Card,299.9
TX-10100,2025-03-09,CUST-0010,Premium Notebook,Office Supplies,2,15.5,South,Small Business,PayPal,31.0
TX-12845,2024-04-05,CUST-0332,Ergonomic Chair,Office Supplies,2,242.99,South,Consumer,Bank Transfer,485.98
TX-10642,2025-08-08,CUST-0305,Laptop Sleeve,Accessories,1,29.99,North,Consumer,Credit Card,29.99
TX-14119,2025-07-26,CUST-0239,Premium Tablet,Electronics,3,600.0,South,Small Business,Credit Card,1800.0
TX-14066,2024-01-25,CUST-0088,Noise-Cancelling Headphones,Electronics,3,200.0,West,Small Business,Bank Transfer,600.0
TX-14020,2025-07-24,CUST-0247,4K Monitor,Electronics,2,318.5,West,Small Business,Cash,637.0
TX-10561,2024-05-14,CUST-0270,Pro Laptop,Electronics,1,1200.0,West,Small Business,Bank Transfer,1200.0
TX-11694,2024-01-17,CUST-0004,Gel Pens 12-Pack,Office Supplies,4,12.99,North,Small Business,Credit Card,51.96
TX-11943,2025-05-04,CUST-0337,4K Monitor,Electronics,4,350.0,West,Small Business,Credit Card,1400.0
TX-14157,2025-08-08,CUST-0310,Desk Mat,Accessories,4,20.25,South,Corporate,Cash,81.0
TX-12767,2024-06-27,CUST-0246,Desk Mat,Accessories,2,25.0,South,Small Business,Credit Card,50.0
TX-11170,2024-06-16,CUST-0043,Gel Pens 12-Pack,Office Supplies,2,10.91,East,Consumer,PayPal,21.82
TX-14183,2024-10-30,CUST-0286,USB-C Multi-Hub,Accessories,5,39.99,West,Corporate,Credit Card,199.95000000000002
TX-11173,2025-06-28,CUST-0281,Ergonomic Chair,Office Supplies,3,299.99,North,Consumer,Credit Card,899.97
TX-13671,2024-11-11,CUST-0049,Wireless Mouse,Accessories,6,49.99,West,Corporate,Bank Transfer,299.94
TX-11293,2025-03-14,CUST-0176,Standing Desk,Office Supplies,2,450.0,East,Small Business,Bank Transfer,900.0
TX-13814,2024-09-04,CUST-0192,Desk Mat,Accessories,8,22.5,North,Corporate,Cash,180.0
TX-12337,2024-10-21,CUST-0272,Gel Pens 12-Pack,Office Supplies,6,12.99,West,Corporate,PayPal,77.94
TX-14025,2025-02-05,CUST-0110,Premium Tablet,Electronics,3,600.0,North,Small Business,PayPal,1800.0
TX-10805,2025-09-11,CUST-0262,Noise-Cancelling Headphones,Electronics,4,250.0,North,Consumer,PayPal,1000.0
TX-13112,2024-01-05,CUST-0044,Premium Notebook,Office Supplies,2,15.5,South,Consumer,Credit Card,31.0
TX-14259,2025-10-12,CUST-0028,Smartwatch,Electronics,2,178.0,South,Consumer,Cash,356.0
TX-14711,2024-01-07,CUST-0363,Premium Notebook,Office Supplies,5,15.5,West,Corporate,Cash,77.5
TX-14657,2024-03-05,CUST-0287,Laptop Sleeve,Accessories,2,29.99,East,Small Business,Bank Transfer,59.98
TX-11717,2024-05-09,CUST-0049,Smartwatch,Electronics,3,200.0,West,Corporate,Credit Card,600.0
TX-13905,2024-11-05,CUST-0274,4K Monitor,Electronics,3,350.0,East,Small Business,Cash,1050.0
TX-12784,2024-06-12,CUST-0268,Whiteboard,Office Supplies,1,73.59,West,Small Business,Credit Card,73.59
TX-11281,2025-08-05,CUST-0250,Noise-Cancelling Headphones,Electronics,3,250.0,East,Consumer,Cash,750.0
TX-14955,2025-01-21,CUST-0051,Standing Desk,Office Supplies,2,423.0,East,Consumer,Cash,846.0
TX-14177,2024-10-01,CUST-0039,Gel Pens 12-Pack,Office Supplies,3,12.99,South,Consumer,Credit Card,38.97
TX-13941,2025-10-27,CUST-0400,Noise-Cancelling Headphones,Electronics,2,250.0,North,Consumer,Cash,500.0
TX-12457,2024-04-02,CUST-0344,Mechanical Keyboard,Accessories,9,99.99,South,Corporate,Bank Transfer,899.91
TX-12886,2024-05-26,CUST-0016,Premium Tablet,Electronics,2,600.0,East,Consumer,PayPal,1200.0
TX-12692,2025-07-05,CUST-0223,Desk Mat,Accessories,10,25.0,South,Corporate,Cash,250.0
TX-13189,2025-03-18,CUST-0321,Mechanical Keyboard,Accessories,2,99.99,North,Small Business,Cash,199.98
TX-11412,2024-06-11,CUST-0119,Pro Laptop,Electronics,4,1200.0,South,Small Business,Cash,4800.0
TX-10426,2024-12-16,CUST-0205,Premium Notebook,Office Supplies,8,15.5,North,Corporate,Cash,124.0
TX-10230,2024-06-24,CUST-0043,Gel Pens 12-Pack,Office Supplies,3,12.99,East,Consumer,Credit Card,38.97
TX-13747,2025-11-19,CUST-0116,Desk Mat,Accessories,2,25.0,West,Small Business,Bank Transfer,50.0
TX-13827,2025-09-10,CUST-0400,Noise-Cancelling Headphones,Electronics,2,250.0,North,Consumer,Credit Card,500.0
TX-14308,2024-02-09,CUST-0186,Mechanical Keyboard,Accessories,3,99.99,North,Small Business,Cash,299.96999999999997
TX-10416,2025-04-30,CUST-0360,Premium Tablet,Electronics,1,600.0,North,Small Business,Bank Transfer,600.0
TX-13011,2025-11-05,CUST-0087,Premium Notebook,Office Supplies,2,15.5,South,Consumer,Bank Transfer,31.0
TX-11837,2025-06-08,CUST-0218,Premium Notebook,Office Supplies,2,15.5,East,Consumer,Bank Transfer,31.0
TX-11786,2024-02-18,CUST-0198,Noise-Cancelling Headphones,Electronics,1,250.0,South,Consumer,Cash,250.0
TX-12369,2025-12-08,CUST-0115,Gel Pens 12-Pack,Office Supplies,3,12.99,North,Consumer,Credit Card,38.97
TX-10811,2024-10-23,CUST-0022,Whiteboard,Office Supplies,3,79.99,West,Small Business,Cash,239.96999999999997
TX-11973,2025-09-16,CUST-0085,Premium Tablet,Electronics,3,510.0,North,Consumer,Credit Card,1530.0
TX-10586,2024-10-08,CUST-0307,Mechanical Keyboard,Accessories,1,99.99,West,Consumer,PayPal,99.99
TX-10724,2024-05-28,CUST-0272,Ergonomic Chair,Office Supplies,6,299.99,West,Corporate,Cash,1799.94
TX-11995,2025-02-17,CUST-0269,Whiteboard,Office Supplies,7,79.99,East,Corporate,Cash,559.93
TX-12157,2024-01-24,CUST-0343,Smartwatch,Electronics,4,200.0,West,Small Business,Bank Transfer,800.0
TX-11175,2024-08-15,CUST-0194,Pro Laptop,Electronics,2,1200.0,South,Small Business,Bank Transfer,2400.0
TX-13128,2024-02-18,CUST-0243,Pro Laptop,Electronics,3,1200.0,West,Small Business,Credit Card,3600.0
TX-13250,2025-07-19,CUST-0239,Whiteboard,Office Supplies,3,66.39,South,Small Business,Bank Transfer,199.17000000000002
TX-12499,2025-11-13,CUST-0034,Pro Laptop,Electronics,8,1200.0,East,Corporate,Bank Transfer,9600.0
TX-12794,2024-09-06,CUST-0371,Ergonomic Chair,Office Supplies,2,299.99,East,Corporate,Bank Transfer,599.98
TX-11918,2025-07-17,CUST-0341,Premium Tablet,Electronics,7,504.0,North,Corporate,Cash,3528.0
TX-10776,2025-07-25,CUST-0386,Smartwatch,Electronics,2,200.0,North,Small Business,PayPal,400.0
TX-14750,2024-10-10,CUST-0225,Ergonomic Chair,Office Supplies,3,299.99,West,Consumer,Bank Transfer,899.97
TX-10949,2025-03-24,CUST-0235,Pro Laptop,Electronics,1,1200.0,East,Small Business,Credit Card,1200.0
TX-14775,2025-09-13,CUST-0130,Wireless Mouse,Accessories,3,45.99,West,Consumer,Bank Transfer,137.97
TX-10538,2025-05-19,CUST-0295,Gel Pens 12-Pack,Office Supplies,2,12.99,West,Small Business,Bank Transfer,25.98
TX-12057,2025-05-06,CUST-0011,Premium Tablet,Electronics,3,600.0,West,Consumer,PayPal,1800.0
TX-14192,2025-11-25,CUST-0029,4K Monitor,Electronics,5,350.0,South,Corporate,Bank Transfer,1750.0
TX-14395,2025-12-09,CUST-0370,Whiteboard,Office Supplies,9,79.99,South,Corporate,Cash,719.91
TX-10149,2025-04-20,CUST-0311,Noise-Cancelling Headphones,Electronics,7,250.0,East,Corporate,Bank Transfer,1750.0
TX-14281,2024-10-27,CUST-0286,Wireless Mouse,Accessories,7,49.99,West,Corporate,Cash,349.93
TX-11992,2024-05-15,CUST-0124,USB-C Multi-Hub,Accessories,3,39.99,West,Small Business,Cash,119.97
TX-13653,2025-12-08,CUST-0124,Smartwatch,Electronics,3,200.0,South,Small Business,Bank Transfer,600.0
TX-13410,2024-10-06,CUST-0043,Premium Notebook,Office Supplies,2,15.5,East,Consumer,Cash,31.0
TX-12252,2024-09-23,CUST-0041,USB-C Multi-Hub,Accessories,2,39.99,East,Small Business,Bank Transfer,79.98
TX-13673,2024-09-07,CUST-0387,Ergonomic Chair,Office Supplies,6,299.99,South,Corporate,Cash,1799.94
TX-10012,2025-11-17,CUST-0169,Gel Pens 12-Pack,Office Supplies,3,12.99,North,Consumer,Cash,38.97
TX-13794,2024-02-27,CUST-0289,Standing Desk,Office Supplies,2,450.0,North,Consumer,Cash,900.0
TX-13296,2025-02-17,CUST-0062,Premium Notebook,Office Supplies,2,15.5,North,Corporate,PayPal,31.0
TX-14778,2025-09-19,CUST-0051,USB-C Multi-Hub,Accessories,4,39.99,East,Consumer,PayPal,159.96
TX-10468,2024-07-16,CUST-0165,Wireless Mouse,Accessories,1,49.99,West,Small Business,PayPal,49.99
TX-13740,2024-12-17,CUST-0301,Ergonomic Chair,Office Supplies,1,299.99,West,Small Business,Bank Transfer,299.99
TX-10800,2025-08-10,CUST-0290,Desk Mat,Accessories,7,25.0,West,Corporate,Credit Card,175.0
TX-10472,2024-09-14,CUST-0295,Noise-Cancelling Headphones,Electronics,4,250.0,West,Small Business,Cash,1000.0
TX-11405,2024-05-03,CUST-0289,Ergonomic Chair,Office Supplies,3,299.99,North,Consumer,Credit Card,899.97
TX-11545,2024-07-14,CUST-0092,Wireless Mouse,Accessories,5,49.99,East,Corporate,Cash,249.95000000000002
TX-13842,2025-06-27,CUST-0396,Ergonomic Chair,Office Supplies,5,275.99,North,Corporate,Cash,1379.95
TX-12842,2024-04-23,CUST-0292,4K Monitor,Electronics,3,350.0,West,Corporate,Cash,1050.0
TX-12233,2025-06-19,CUST-0334,Pro Laptop,Electronics,2,1200.0,East,Small Business,Bank Transfer,2400.0
TX-14758,2025-02-13,CUST-0294,Standing Desk,Office Supplies,6,450.0,East,Corporate,Bank Transfer,2700.0
TX-10810,2024-10-06,CUST-0364,Mechanical Keyboard,Accessories,2,99.99,South,Small Business,PayPal,199.98
TX-12623,2025-12-16,CUST-0020,Desk Mat,Accessories,3,25.0,East,Corporate,Cash,75.0
TX-14546,2024-10-10,CUST-0288,Pro Laptop,Electronics,10,1200.0,West,Corporate,Bank Transfer,12000.0
TX-10907,2025-05-21,CUST-0021,Premium Notebook,Office Supplies,4,15.5,East,Consumer,Cash,62.0
TX-13852,2024-08-30,CUST-0341,Laptop Sleeve,Accessories,8,29.99,North,Corporate,Cash,239.92
TX-14615,2024-01-04,CUST-0126,Smartwatch,Electronics,1,200.0,North,Consumer,Bank Transfer,200.0
TX-10733,2025-11-14,CUST-0166,Standing Desk,Office Supplies,1,450.0,East,Small Business,Bank Transfer,450.0
TX-14049,2025-01-30,CUST-0233,Noise-Cancelling Headphones,Electronics,10,250.0,West,Corporate,Cash,2500.0
TX-11630,2024-03-02,CUST-0204,Wireless Mouse,Accessories,7,49.99,North,Corporate,Cash,349.93
TX-10599,2025-02-15,CUST-0337,4K Monitor,Electronics,4,350.0,West,Small Business,Bank Transfer,1400.0
TX-11483,2024-05-26,CUST-0377,Mechanical Keyboard,Accessories,8,99.99,South,Corporate,Bank Transfer,799.92
TX-12181,2025-07-17,CUST-0094,Whiteboard,Office Supplies,1,79.99,West,Consumer,Cash,79.99
TX-11665,2025-03-03,CUST-0003,Ergonomic Chair,Office Supplies,4,299.99,South,Consumer,Bank Transfer,1199.96
TX-11514,2025-02-04,CUST-0100,USB-C Multi-Hub,Accessories,3,39.99,North,Small Business,Cash,119.97
TX-12316,2024-10-15,CUST-0146,4K Monitor,Electronics,8,350.0,South,Corporate,PayPal,2800.0
TX-10505,2024-07-03,CUST-0265,Whiteboard,Office Supplies,1,79.99,West,Consumer,Bank Transfer,79.99
TX-10132,2025-01-15,CUST-0228,4K Monitor,Electronics,2,350.0,East,Small Business,Bank Transfer,700.0
TX-14917,2024-08-02,CUST-0120,Gel Pens 12-Pack,Office Supplies,2,12.99,West,Consumer,Credit Card,25.98
TX-11756,2024-09-26,CUST-0221,Premium Notebook,Office Supplies,5,15.5,East,Corporate,Bank Transfer,77.5
TX-14907,2025-10-27,CUST-0326,Whiteboard,Office Supplies,7,79.99,East,Corporate,PayPal,559.93
TX-10414,2025-10-17,CUST-0274,Wireless Mouse,Accessories,1,49.99,East,Small Business,Credit Card,49.99
TX-12559,2025-04-23,CUST-0399,Desk Mat,Accessories,3,25.0,West,Consumer,Cash,75.0
TX-14719,2025-09-13,CUST-0097,Pro Laptop,Electronics,4,1200.0,North,Small Business,PayPal,4800.0
TX-11670,2025-12-24,CUST-0144,Laptop Sleeve,Accessories,4,25.49,North,Small Business,Credit Card,101.96
TX-10287,2025-04-15,CUST-0009,Premium Tablet,Electronics,4,486.0,North,Small Business,Cash,1944.0
TX-14649,2024-02-22,CUST-0151,Pro Laptop,Electronics,9,1200.0,East,Corporate,Credit Card,10800.0
TX-14108,2025-12-05,CUST-0374,Gel Pens 12-Pack,Office Supplies,5,11.56,West,Corporate,Cash,57.800000000000004
TX-10429,2025-09-18,CUST-0015,Mechanical Keyboard,Accessories,9,88.99,West,Corporate,Cash,800.91
TX-10812,2025-04-19,CUST-0002,Noise-Cancelling Headphones,Electronics,3,212.5,East,Consumer,Cash,637.5
TX-13006,2025-10-11,CUST-0107,Premium Tablet,Electronics,4,492.0,West,Consumer,Bank Transfer,1968.0
TX-12094,2025-03-23,CUST-0002,Gel Pens 12-Pack,Office Supplies,2,12.99,East,Consumer,Credit Card,25.98
TX-12722,2025-12-13,CUST-0197,4K Monitor,Electronics,3,308.0,South,Consumer,Credit Card,924.0
TX-14402,2025-02-02,CUST-0131,Standing Desk,Office Supplies,7,450.0,South,Corporate,Cash,3150.0
TX-14947,2024-03-15,CUST-0080,Pro Laptop,Electronics,2,1200.0,East,Corporate,Bank Transfer,2400.0
TX-13891,2025-01-11,CUST-0388,USB-C Multi-Hub,Accessories,2,35.99,North,Consumer,Credit Card,71.98
TX-13132,2025-07-11,CUST-0284,Premium Notebook,Office Supplies,1,15.5,South,Small Business,Cash,15.5
TX-13526,2024-03-25,CUST-0072,Smartwatch,Electronics,1,200.0,North,Small Business,Bank Transfer,200.0
TX-10589,2025-07-05,CUST-0098,Desk Mat,Accessories,2,25.0,South,Small Business,Bank Transfer,50.0
TX-12101,2025-06-18,CUST-0131,Wireless Mouse,Accessories,6,49.99,South,Corporate,Bank Transfer,299.94
TX-11892,2024-09-23,CUST-0202,Noise-Cancelling Headphones,Electronics,9,250.0,South,Corporate,Credit Card,2250.0
TX-10465,2025-04-01,CUST-0124,Laptop Sleeve,Accessories,2,29.99,West,Small Business,Credit Card,59.98
TX-13616,2025-03-14,CUST-0247,Pro Laptop,Electronics,1,1200.0,West,Small Business,Credit Card,1200.0
TX-13545,2024-12-25,CUST-0274,Desk Mat,Accessories,1,25.0,East,Small Business,Credit Card,25.0
TX-14354,2025-11-23,CUST-0144,Whiteboard,Office Supplies,3,79.99,North,Small Business,Cash,239.96999999999997
TX-13459,2024-11-23,CUST-0300,Noise-Cancelling Headphones,Electronics,3,215.0,East,Small Business,PayPal,645.0
TX-14953,2025-07-02,CUST-0137,Laptop Sleeve,Accessories,4,29.99,South,Consumer,Cash,119.96
TX-14560,2025-08-22,CUST-0310,Pro Laptop,Electronics,2,972.0,South,Corporate,Cash,1944.0
TX-14431,2025-02-28,CUST-0117,Laptop Sleeve,Accessories,3,29.99,East,Consumer,Bank Transfer,89.97
TX-12123,2025-03-21,CUST-0118,Mechanical Keyboard,Accessories,3,99.99,South,Consumer,Bank Transfer,299.96999999999997
TX-14215,2024-03-27,CUST-0296,Wireless Mouse,Accessories,10,49.99,South,Corporate,Bank Transfer,499.90000000000003
TX-14882,2025-12-11,CUST-0378,USB-C Multi-Hub,Accessories,2,39.99,North,Small Business,Credit Card,79.98
TX-10944,2024-10-16,CUST-0045,Desk Mat,Accessories,4,21.5,East,Corporate,PayPal,86.0
TX-11270,2024-11-12,CUST-0385,Gel Pens 12-Pack,Office Supplies,10,12.99,South,Corporate,PayPal,129.9
TX-11652,2024-02-22,CUST-0164,Wireless Mouse,Accessories,2,46.99,East,Consumer,Cash,93.98
TX-12977,2025-03-05,CUST-0232,Premium Notebook,Office Supplies,2,15.5,East,Small Business,Cash,31.0
TX-10577,2025-11-28,CUST-0166,Pro Laptop,Electronics,1,1200.0,East,Small Business,Bank Transfer,1200.0
TX-12628,2024-03-21,CUST-0161,USB-C Multi-Hub,Accessories,3,39.99,East,Consumer,Cash,119.97
TX-13689,2025-07-29,CUST-0091,Whiteboard,Office Supplies,2,79.99,South,Small Business,Bank Transfer,159.98
TX-10721,2025-02-26,CUST-0395,Standing Desk,Office Supplies,4,450.0,East,Consumer,PayPal,1800.0
TX-12266,2024-05-14,CUST-0388,Ergonomic Chair,Office Supplies,3,245.99,North,Consumer,Bank Transfer,737.97
TX-10911,2024-12-02,CUST-0349,Smartwatch,Electronics,7,200.0,East,Corporate,Credit Card,1400.0
TX-10553,2025-04-19,CUST-0075,Noise-Cancelling Headphones,Electronics,4,250.0,North,Small Business,Cash,1000.0
TX-10952,2024-05-21,CUST-UNKNOWN,Smartwatch,Electronics,4,200.0,West,Small Business,Credit Card,800.0
TX-10544,2025-12-18,CUST-0187,Premium Notebook,Office Supplies,4,15.5,South,Small Business,PayPal,62.0
TX-10422,2025-06-07,CUST-0371,Noise-Cancelling Headphones,Electronics,5,250.0,East,Corporate,Cash,1250.0
TX-13194,2024-05-15,CUST-0254,Ergonomic Chair,Office Supplies,4,299.99,North,Consumer,Cash,1199.96
TX-11049,2024-12-10,CUST-0240,Gel Pens 12-Pack,Office Supplies,7,12.99,East,Corporate,Cash,90.93
TX-12488,2025-12-17,CUST-0015,Laptop Sleeve,Accessories,3,28.19,West,Corporate,PayPal,84.57000000000001
TX-14948,2025-06-02,CUST-0295,Whiteboard,Office Supplies,1,79.99,South,Small Business,Bank Transfer,79.99
TX-13865,2025-01-21,CUST-0043,4K Monitor,Electronics,4,350.0,East,Consumer,PayPal,1400.0
TX-11210,2025-01-24,CUST-0209,USB-C Multi-Hub,Accessories,2,39.99,South,Consumer,PayPal,79.98
TX-14709,2024-02-03,CUST-0051,4K Monitor,Electronics,2,350.0,East,Consumer,PayPal,700.0
TX-14996,2025-02-21,CUST-0112,Mechanical Keyboard,Accessories,5,92.99,West,Corporate,Bank Transfer,464.95
TX-10677,2024-07-25,CUST-0048,Whiteboard,Office Supplies,1,79.99,East,Consumer,Cash,79.99
TX-10290,2025-12-17,CUST-0220,Wireless Mouse,Accessories,3,49.99,West,Corporate,Credit Card,149.97
TX-10626,2025-06-28,CUST-0102,Desk Mat,Accessories,1,25.0,North,Consumer,Credit Card,25.0
TX-14581,2024-02-03,CUST-0247,Wireless Mouse,Accessories,3,49.99,West,Small Business,PayPal,149.97
TX-10252,2025-05-05,CUST-0299,Whiteboard,Office Supplies,10,79.99,North,Corporate,Cash,799.9
TX-14058,2024-03-24,CUST-0274,Desk Mat,Accessories,3,25.0,East,Small Business,Bank Transfer,75.0
TX-10350,2025-12-11,CUST-0315,Standing Desk,Office Supplies,2,450.0,North,Small Business,Cash,900.0
TX-14111,2025-08-26,CUST-0291,Gel Pens 12-Pack,Office Supplies,2,12.99,North,Small Business,Cash,25.98
TX-12302,2025-12-10,CUST-0361,Whiteboard,Office Supplies,3,79.99,South,Consumer,PayPal,239.96999999999997
TX-14077,2024-07-24,CUST-0064,Whiteboard,Office Supplies,4,79.99,West,Small Business,Cash,319.96
TX-10471,2024-06-06,CUST-0013,Premium Notebook,Office Supplies,1,14.26,East,Consumer,Credit Card,14.26
TX-10090,2025-03-28,CUST-0324,Premium Notebook,Office Supplies,1,15.5,North,Small Business,Bank Transfer,15.5
TX-11600,2025-10-14,CUST-0217,Ergonomic Chair,Office Supplies,2,299.99,South,Small Business,Bank Transfer,599.98
TX-14624,2025-06-11,CUST-0071,Premium Notebook,Office Supplies,4,15.5,South,Corporate,Bank Transfer,62.0
TX-11632,2025-08-16,CUST-0058,Mechanical Keyboard,Accessories,3,99.99,North,Consumer,Cash,299.96999999999997
TX-13084,2024-10-29,CUST-0337,Noise-Cancelling Headphones,Electronics,2,250.0,West,Small Business,Bank Transfer,500.0
TX-10026,2024-12-05,CUST-0226,4K Monitor,Electronics,9,350.0,South,Corporate,Credit Card,3150.0
TX-12124,2024-06-10,CUST-0305,Laptop Sleeve,Accessories,2,29.99,North,Consumer,Cash,59.98
TX-14081,2025-02-14,CUST-0107,Laptop Sleeve,Accessories,3,27.29,West,Consumer,Credit Card,81.87
TX-12707,2025-09-22,CUST-0088,Laptop Sleeve,Accessories,1,29.99,West,Small Business,Credit Card,29.99
TX-11988,2025-03-09,CUST-0121,Premium Tablet,Electronics,1,600.0,South,Consumer,Credit Card,600.0
TX-14001,2025-03-03,CUST-0376,Pro Laptop,Electronics,2,1200.0,South,Consumer,PayPal,2400.0
TX-11144,2024-05-30,CUST-0308,Standing Desk,Office Supplies,2,450.0,North,Corporate,Bank Transfer,900.0
TX-11578,2024-12-18,CUST-0352,Standing Desk,Office Supplies,9,450.0,South,Corporate,Cash,4050.0
TX-11420,2025-10-19,CUST-0107,Desk Mat,Accessories,3,25.0,West,Consumer,Bank Transfer,75.0
TX-13752,2025-09-28,CUST-0398,USB-C Multi-Hub,Accessories,4,39.99,North,Corporate,Credit Card,159.96
TX-13295,2025-04-08,CUST-0315,Noise-Cancelling Headphones,Electronics,2,250.0,North,Small Business,Bank Transfer,500.0
TX-11728,2025-11-19,CUST-0168,Pro Laptop,Electronics,3,1200.0,East,Small Business,Credit Card,3600.0
TX-14751,2025-12-10,CUST-0372,Whiteboard,Office Supplies,3,79.99,East,Corporate,Cash,239.96999999999997
TX-13984,2024-09-16,CUST-0012,Laptop Sleeve,Accessories,3,29.99,West,Small Business,PayPal,89.97
TX-10254,2025-11-04,CUST-0086,Laptop Sleeve,Accessories,1,29.99,West,Consumer,Cash,29.99
TX-11844,2025-01-31,CUST-0165,Laptop Sleeve,Accessories,2,29.99,West,Small Business,Cash,59.98
TX-13655,2024-06-16,CUST-0384,Premium Notebook,Office Supplies,10,15.5,South,Corporate,Bank Transfer,155.0
TX-10798,2024-06-15,CUST-0063,Smartwatch,Electronics,4,200.0,West,Small Business,PayPal,800.0
TX-14336,2025-12-13,CUST-0099,Mechanical Keyboard,Accessories,2,99.99,South,Consumer,Cash,199.98
TX-14631,2024-10-24,CUST-0014,Gel Pens 12-Pack,Office Supplies,3,12.99,South,Small Business,Bank Transfer,38.97
TX-10764,2025-07-04,CUST-0091,Pro Laptop,Electronics,4,1092.0,South,Small Business,Credit Card,4368.0
TX-14236,2024-09-06,CUST-0163,Smartwatch,Electronics,3,200.0,South,Corporate,Credit Card,600.0
TX-14787,2024-05-07,CUST-0127,Desk Mat,Accessories,4,25.0,South,Consumer,Bank Transfer,100.0
TX-12567,2025-08-25,CUST-0061,Standing Desk,Office Supplies,4,450.0,West,Small Business,Credit Card,1800.0
TX-14674,2025-04-05,CUST-0334,USB-C Multi-Hub,Accessories,4,39.99,East,Small Business,Cash,159.96
TX-10315,2025-11-02,CUST-0214,USB-C Multi-Hub,Accessories,3,39.99,West,Small Business,Credit Card,119.97
TX-13080,2024-09-02,CUST-0320,Smartwatch,Electronics,1,200.0,South,Consumer,PayPal,200.0
TX-11255,2025-07-18,CUST-0216,Premium Tablet,Electronics,5,600.0,North,Corporate,Credit Card,3000.0
TX-11618,2025-02-17,CUST-UNKNOWN,Premium Notebook,Office Supplies,4,15.5,North,Consumer,PayPal,62.0
TX-10683,2025-03-27,CUST-0344,Noise-Cancelling Headphones,Electronics,4,250.0,South,Corporate,PayPal,1000.0
TX-14213,2025-06-20,CUST-0098,Premium Tablet,Electronics,3,600.0,South,Small Business,PayPal,1800.0
TX-13162,2024-05-22,CUST-0159,Desk Mat,Accessories,1,22.0,North,Consumer,Cash,22.0
TX-10069,2025-03-09,CUST-0370,Noise-Cancelling Headphones,Electronics,6,217.5,South,Corporate,Bank Transfer,1305.0
TX-11437,2024-02-14,CUST-0161,Whiteboard,Office Supplies,2,71.19,East,Consumer,Bank Transfer,142.38
TX-13972,2024-06-19,CUST-0221,Noise-Cancelling Headphones,Electronics,9,250.0,East,Corporate,PayPal,2250.0
TX-14252,2024-01-04,CUST-0354,Whiteboard,Office Supplies,8,79.99,North,Corporate,PayPal,639.92
TX-13370,2025-12-23,CUST-0159,Premium Tablet,Electronics,3,600.0,North,Consumer,Cash,1800.0
TX-12029,2025-01-10,CUST-0348,USB-C Multi-Hub,Accessories,1,35.99,West,Small Business,Credit Card,35.99
TX-13151,2024-01-09,CUST-0190,Premium Tablet,Electronics,1,600.0,South,Consumer,Cash,600.0
TX-12770,2024-04-19,CUST-0183,Gel Pens 12-Pack,Office Supplies,2,12.99,West,Small Business,Bank Transfer,25.98
TX-10497,2025-06-17,CUST-0325,Premium Notebook,Office Supplies,10,15.5,South,Corporate,PayPal,155.0
TX-11471,2025-11-12,CUST-0147,Premium Notebook,Office Supplies,1,15.5,North,Small Business,Credit Card,15.5
TX-11702,2025-04-26,CUST-0074,Ergonomic Chair,Office Supplies,4,284.99,South,Small Business,PayPal,1139.96
TX-13684,2024-11-08,CUST-0324,Noise-Cancelling Headphones,Electronics,1,250.0,North,Small Business,Cash,250.0
TX-14237,2024-04-02,CUST-0355,4K Monitor,Electronics,3,350.0,East,Consumer,Credit Card,1050.0
TX-11002,2024-10-13,CUST-0259,Premium Notebook,Office Supplies,6,15.5,West,Corporate,Cash,93.0
TX-12471,2025-03-13,CUST-0042,Wireless Mouse,Accessories,3,49.99,South,Small Business,PayPal,149.97
TX-10387,2025-12-06,CUST-0084,Mechanical Keyboard,Accessories,3,99.99,South,Small Business,PayPal,299.96999999999997
TX-14235,2024-12-04,CUST-0296,Desk Mat,Accessories,5,25.0,South,Corporate,PayPal,125.0
TX-12671,2025-07-20,CUST-0381,Wireless Mouse,Accessories,3,49.99,West,Corporate,Cash,149.97
TX-14172,2024-06-01,CUST-0367,Laptop Sleeve,Accessories,3,24.29,North,Consumer,Bank Transfer,72.87
TX-13334,2025-02-03,CUST-0081,Standing Desk,Office Supplies,1,450.0,North,Consumer,Cash,450.0
TX-14464,2025-10-31,CUST-0307,Whiteboard,Office Supplies,1,79.99,West,Consumer,PayPal,79.99
TX-13771,2024-05-24,CUST-0214,Mechanical Keyboard,Accessories,2,99.99,West,Small Business,Credit Card,199.98
TX-10410,2024-10-24,CUST-0267,Laptop Sleeve,Accessories,3,29.99,West,Consumer,Cash,89.97
TX-14054,2024-08-23,CUST-0127,Wireless Mouse,Accessories,2,49.99,South,Consumer,Cash,99.98
TX-10109,2025-04-05,CUST-0076,Ergonomic Chair,Office Supplies,2,299.99,East,Small Business,Cash,599.98
TX-12543,2025-02-05,CUST-0084,4K Monitor,Electronics,1,350.0,South,Small Business,PayPal,350.0
TX-12528,2025-01-19,CUST-0080,Laptop Sleeve,Accessories,9,29.99,East,Corporate,PayPal,269.90999999999997
TX-14643,2025-11-26,CUST-0185,Pro Laptop,Electronics,3,1200.0,North,Consumer,Bank Transfer,3600.0
TX-13024,2024-05-12,CUST-0112,Laptop Sleeve,Accessories,7,26.99,West,Corporate,Credit Card,188.92999999999998
TX-13841,2024-11-04,CUST-0186,Wireless Mouse,Accessories,4,41.49,North,Small Business,Cash,165.96
TX-12402,2024-02-24,CUST-0346,Standing Desk,Office Supplies,2,409.5,East,Small Business,Credit Card,819.0
TX-11055,2024-06-01,CUST-0117,Premium Tablet,Electronics,4,600.0,East,Consumer,PayPal,2400.0
TX-14714,2024-10-03,CUST-0057,Noise-Cancelling Headphones,Electronics,2,250.0,West,Consumer,PayPal,500.0
TX-14739,2025-01-16,CUST-0198,Laptop Sleeve,Accessories,4,27.89,South,Consumer,Credit Card,111.56
TX-10624,2024-10-04,CUST-0338,Ergonomic Chair,Office Supplies,1,299.99,East,Consumer,Bank Transfer,299.99
TX-14591,2024-01-22,CUST-0092,Desk Mat,Accessories,8,25.0,East,Corporate,Credit Card,200.0
TX-13832,2025-03-18,CUST-0275,Gel Pens 12-Pack,Office Supplies,1,12.99,South,Small Business,Bank Transfer,12.99
TX-13694,2025-07-16,CUST-0268,Pro Laptop,Electronics,1,1200.0,West,Small Business,Bank Transfer,1200.0
TX-12251,2024-08-15,CUST-0100,Laptop Sleeve,Accessories,1,29.99,North,Small Business,Bank Transfer,29.99
TX-11675,2024-08-07,CUST-0095,Gel Pens 12-Pack,Office Supplies,2,12.99,South,Consumer,Cash,25.98
TX-14436,2025-04-17,CUST-0105,Mechanical Keyboard,Accessories,2,99.99,West,Consumer,PayPal,199.98
TX-10926,2024-07-02,CUST-0094,Ergonomic Chair,Office Supplies,1,299.99,West,Consumer,Cash,299.99
TX-12887,2025-10-04,CUST-0065,Noise-Cancelling Headphones,Electronics,3,250.0,East,Small Business,Credit Card,750.0
TX-11468,2024-11-18,CUST-0060,Mechanical Keyboard,Accessories,4,99.99,South,Small Business,Cash,399.96
TX-14357,2025-06-19,CUST-0193,Desk Mat,Accessories,3,25.0,South,Small Business,PayPal,75.0
TX-13737,2024-04-05,CUST-0262,Desk Mat,Accessories,4,25.0,North,Consumer,Credit Card,100.0
TX-13968,2024-12-02,CUST-0007,Pro Laptop,Electronics,3,1200.0,North,Consumer,PayPal,3600.0
TX-10177,2025-05-02,CUST-0245,Mechanical Keyboard,Accessories,6,99.99,West,Corporate,Bank Transfer,599.9399999999999
TX-12932,2024-11-19,CUST-0024,Pro Laptop,Electronics,3,1200.0,North,Small Business,Credit Card,3600.0
TX-13631,2024-04-25,CUST-0308,Whiteboard,Office Supplies,8,79.99,North,Corporate,PayPal,639.92
TX-10080,2024-09-18,CUST-UNKNOWN,Ergonomic Chair,Office Supplies,1,299.99,North,Small Business,Cash,299.99
TX-11456,2024-10-09,CUST-0254,Premium Tablet,Electronics,2,600.0,North,Consumer,PayPal,1200.0
TX-14549,2025-12-28,CUST-0193,Whiteboard,Office Supplies,1,79.99,South,Small Business,Credit Card,79.99
TX-11658,2024-11-22,CUST-0261,Gel Pens 12-Pack,Office Supplies,2,11.56,South,Small Business,PayPal,23.12
TX-14332,2024-09-10,CUST-0112,Desk Mat,Accessories,2,25.0,West,Corporate,Credit Card,50.0
TX-14024,2025-05-22,CUST-0206,Desk Mat,Accessories,2,22.25,South,Consumer,Cash,44.5
TX-14973,2025-05-28,CUST-0250,Smartwatch,Electronics,3,200.0,East,Consumer,Bank Transfer,600.0
TX-10221,2024-12-26,CUST-0280,Standing Desk,Office Supplies,1,450.0,East,Small Business,Credit Card,450.0
TX-10093,2024-02-12,CUST-0231,Mechanical Keyboard,Accessories,3,99.99,South,Small Business,Cash,299.96999999999997
TX-12647,2025-11-02,CUST-0231,Laptop Sleeve,Accessories,4,29.99,East,Small Business,Cash,119.96
TX-11937,2025-12-18,CUST-0060,Premium Tablet,Electronics,2,600.0,South,Small Business,PayPal,1200.0
TX-10841,2025-08-18,CUST-0304,Gel Pens 12-Pack,Office Supplies,7,12.99,North,Corporate,Cash,90.93
TX-14690,2024-10-23,CUST-0100,Noise-Cancelling Headphones,Electronics,1,250.0,North,Small Business,Cash,250.0
TX-13089,2025-12-16,CUST-0131,Wireless Mouse,Accessories,10,49.99,South,Corporate,Cash,499.90000000000003
TX-14113,2024-03-10,CUST-0330,Noise-Cancelling Headphones,Electronics,9,250.0,North,Corporate,Bank Transfer,2250.0
TX-14608,2025-06-02,CUST-0126,Desk Mat,Accessories,3,25.0,North,Consumer,PayPal,75.0
TX-13625,2025-01-25,CUST-0226,Mechanical Keyboard,Accessories,2,99.99,South,Corporate,Bank Transfer,199.98
TX-13722,2024-09-28,CUST-0396,Whiteboard,Office Supplies,6,79.99,North,Corporate,Bank Transfer,479.93999999999994
TX-10831,2024-06-24,CUST-0387,Wireless Mouse,Accessories,3,49.99,South,Corporate,PayPal,149.97
TX-13979,2025-02-13,CUST-0301,Noise-Cancelling Headphones,Electronics,3,250.0,West,Small Business,PayPal,750.0
TX-13337,2024-10-04,CUST-0202,Premium Notebook,Office Supplies,5,15.5,South,Corporate,Bank Transfer,77.5
TX-10828,2025-09-08,CUST-0106,Mechanical Keyboard,Accessories,2,92.99,South,Small Business,Bank Transfer,185.98
TX-12949,2025-01-21,CUST-0350,Premium Tablet,Electronics,4,600.0,South,Consumer,Credit Card,2400.0
TX-11025,2025-11-22,CUST-0169,Mechanical Keyboard,Accessories,1,83.99,North,Consumer,Credit Card,83.99
TX-14068,2025-11-12,CUST-0156,Laptop Sleeve,Accessories,8,29.99,East,Corporate,Bank Transfer,239.92
TX-14888,2025-03-20,CUST-0065,Desk Mat,Accessories,3,25.0,East,Small Business,Bank Transfer,75.0
TX-10681,2024-02-17,CUST-0393,USB-C Multi-Hub,Accessories,2,39.99,South,Corporate,Bank Transfer,79.98
TX-12131,2025-07-16,CUST-0070,Pro Laptop,Electronics,8,1200.0,East,Corporate,Cash,9600.0
TX-10219,2025-08-06,CUST-0126,Whiteboard,Office Supplies,3,79.99,North,Consumer,Bank Transfer,239.96999999999997
TX-12083,2025-11-29,CUST-0003,Laptop Sleeve,Accessories,3,29.99,South,Consumer,PayPal,89.97
TX-10742,2025-10-24,CUST-0175,Smartwatch,Electronics,3,188.0,East,Consumer,PayPal,564.0
TX-10043,2024-09-20,CUST-0247,Premium Notebook,Office Supplies,1,15.5,West,Small Business,Cash,15.5
TX-10210,2024-09-18,CUST-0105,Ergonomic Chair,Office Supplies,4,251.99,West,Consumer,Bank Transfer,1007.96
TX-12217,2025-01-23,CUST-0058,Smartwatch,Electronics,2,176.0,North,Consumer,Bank Transfer,352.0
TX-10354,2025-12-10,CUST-0056,Wireless Mouse,Accessories,1,49.99,South,Consumer,Cash,49.99
TX-13957,2025-10-23,CUST-0237,Standing Desk,Office Supplies,3,405.0,West,Small Business,Bank Transfer,1215.0
TX-14899,2024-12-10,CUST-0157,USB-C Multi-Hub,Accessories,3,39.99,East,Consumer,Cash,119.97
TX-10803,2024-07-18,CUST-0299,Mechanical Keyboard,Accessories,6,86.99,North,Corporate,PayPal,521.9399999999999
TX-14840,2025-04-20,CUST-0066,4K Monitor,Electronics,1,350.0,North,Small Business,PayPal,350.0
TX-10367,2025-07-08,CUST-0212,Mechanical Keyboard,Accessories,10,99.99,North,Corporate,Credit Card,999.9
TX-12945,2025-03-28,CUST-0152,Noise-Cancelling Headphones,Electronics,3,250.0,South,Small Business,Cash,750.0
TX-13770,2025-12-20,CUST-0082,USB-C Multi-Hub,Accessories,4,39.99,East,Corporate,Credit Card,159.96
TX-13780,2025-06-12,CUST-0205,Smartwatch,Electronics,2,200.0,South,Corporate,Bank Transfer,400.0
TX-10135,2025-05-17,CUST-0070,Smartwatch,Electronics,4,200.0,East,Corporate,Cash,800.0
TX-13027,2025-09-24,CUST-0133,Ergonomic Chair,Office Supplies,8,275.99,East,Corporate,Bank Transfer,2207.92
TX-10047,2025-07-28,CUST-0168,Mechanical Keyboard,Accessories,1,99.99,East,Small Business,Cash,99.99
TX-13288,2025-10-14,CUST-0104,Premium Tablet,Electronics,8,600.0,South,Corporate,Bank Transfer,4800.0
TX-14439,2025-03-17,CUST-0203,Wireless Mouse,Accessories,4,49.99,South,Small Business,PayPal,199.96
TX-13929,2025-10-14,CUST-UNKNOWN,Ergonomic Chair,Office Supplies,4,299.99,East,Corporate,Credit Card,1199.96
TX-14815,2025-08-18,CUST-0212,Noise-Cancelling Headphones,Electronics,3,222.5,North,Corporate,Credit Card,667.5
TX-12022,2024-09-05,CUST-0084,Desk Mat,Accessories,1,25.0,South,Small Business,Bank Transfer,25.0
TX-12728,2025-06-05,CUST-0100,Laptop Sleeve,Accessories,3,29.99,North,Small Business,Credit Card,89.97
TX-10061,2024-02-01,CUST-0032,Gel Pens 12-Pack,Office Supplies,8,12.99,East,Corporate,Credit Card,103.92
TX-11765,2025-09-16,CUST-UNKNOWN,USB-C Multi-Hub,Accessories,1,39.99,North,Consumer,Credit Card,39.99
TX-14671,2024-08-19,CUST-0240,Premium Tablet,Electronics,9,534.0,East,Corporate,Bank Transfer,4806.0
TX-10095,2025-03-25,CUST-0269,Laptop Sleeve,Accessories,4,29.99,East,Corporate,Bank Transfer,119.96
TX-10478,2024-01-12,CUST-0284,Mechanical Keyboard,Accessories,1,85.99,South,Small Business,Credit Card,85.99
TX-11741,2024-01-25,CUST-0323,Ergonomic Chair,Office Supplies,6,299.99,South,Corporate,Cash,1799.94
TX-14419,2024-06-10,CUST-0223,Ergonomic Chair,Office Supplies,7,299.99,South,Corporate,PayPal,2099.9300000000003
TX-11413,2024-08-25,CUST-0376,Pro Laptop,Electronics,2,1200.0,South,Consumer,Cash,2400.0
TX-11128,2025-02-15,CUST-0072,4K Monitor,Electronics,1,350.0,North,Small Business,Bank Transfer,350.0
TX-13153,2025-08-23,CUST-0061,Pro Laptop,Electronics,2,1116.0,West,Small Business,Credit Card,2232.0
TX-12406,2025-07-03,CUST-0008,Smartwatch,Electronics,4,200.0,South,Consumer,Cash,800.0
TX-10322,2024-08-31,CUST-0031,Noise-Cancelling Headphones,Electronics,3,250.0,North,Corporate,Credit Card,750.0
TX-12118,2025-10-04,CUST-0099,Premium Tablet,Electronics,2,600.0,South,Consumer,Credit Card,1200.0
TX-12245,2024-01-01,CUST-0205,Mechanical Keyboard,Accessories,5,90.99,North,Corporate,Bank Transfer,454.95
TX-11550,2025-10-25,CUST-0020,Ergonomic Chair,Office Supplies,4,299.99,East,Corporate,PayPal,1199.96
TX-11755,2025-06-15,CUST-0322,Desk Mat,Accessories,3,25.0,South,Consumer,Bank Transfer,75.0
TX-11569,2024-12-10,CUST-UNKNOWN,Noise-Cancelling Headphones,Electronics,3,250.0,South,Small Business,PayPal,750.0
TX-11034,2025-01-19,CUST-0095,Noise-Cancelling Headphones,Electronics,1,250.0,South,Consumer,Credit Card,250.0
TX-13916,2025-02-20,CUST-0074,Standing Desk,Office Supplies,4,450.0,South,Small Business,Cash,1800.0
TX-12093,2024-07-11,CUST-0341,Mechanical Keyboard,Accessories,9,99.99,North,Corporate,Cash,899.91
TX-14970,2025-01-29,CUST-0206,Gel Pens 12-Pack,Office Supplies,4,12.99,South,Consumer,Credit Card,51.96
TX-10291,2024-03-20,CUST-0068,Mechanical Keyboard,Accessories,3,89.99,East,Small Business,Credit Card,269.96999999999997
TX-14998,2025-07-05,CUST-0142,Premium Tablet,Electronics,1,600.0,South,Consumer,Cash,600.0
TX-12583,2025-06-25,CUST-0322,Wireless Mouse,Accessories,4,49.99,South,Consumer,PayPal,199.96
TX-10533,2025-06-12,CUST-0275,Noise-Cancelling Headphones,Electronics,2,212.5,West,Small Business,Bank Transfer,425.0
TX-11557,2025-07-28,CUST-0180,Noise-Cancelling Headphones,Electronics,4,250.0,North,Consumer,Credit Card,1000.0
TX-11135,2025-05-08,CUST-0340,Mechanical Keyboard,Accessories,5,80.99,West,Corporate,PayPal,404.95
TX-11448,2025-09-28,CUST-0219,Wireless Mouse,Accessories,1,49.99,North,Small Business,Cash,49.99
TX-13351,2024-07-29,CUST-0098,Wireless Mouse,Accessories,4,49.99,South,Small Business,PayPal,199.96
TX-13062,2025-07-29,CUST-0079,Premium Notebook,Office Supplies,2,15.5,North,Small Business,PayPal,31.0
TX-11583,2024-05-21,CUST-0256,Pro Laptop,Electronics,5,1200.0,North,Corporate,Bank Transfer,6000.0
TX-13601,2025-03-21,CUST-0399,Ergonomic Chair,Office Supplies,1,260.99,West,Consumer,Bank Transfer,260.99
TX-14099,2025-08-14,CUST-0342,4K Monitor,Electronics,2,350.0,East,Small Business,PayPal,700.0
TX-14075,2025-01-20,CUST-0169,Mechanical Keyboard,Accessories,2,99.99,North,Consumer,Cash,199.98
TX-13443,2025-08-22,CUST-0080,Premium Tablet,Electronics,8,600.0,East,Corporate,Bank Transfer,4800.0
TX-14945,2024-08-13,CUST-0343,Mechanical Keyboard,Accessories,4,99.99,West,Small Business,PayPal,399.96
TX-13413,2025-02-12,CUST-0316,Mechanical Keyboard,Accessories,8,99.99,North,Corporate,Bank Transfer,799.92
TX-13729,2024-12-31,CUST-0077,Noise-Cancelling Headphones,Electronics,3,250.0,South,Consumer,Bank Transfer,750.0
TX-12284,2024-06-30,CUST-0180,Gel Pens 12-Pack,Office Supplies,3,12.99,North,Consumer,Bank Transfer,38.97
TX-14303,2024-02-11,CUST-0341,Smartwatch,Electronics,8,200.0,North,Corporate,Bank Transfer,1600.0
TX-12414,2025-10-30,CUST-0334,Premium Notebook,Office Supplies,2,15.5,East,Small Business,PayPal,31.0
TX-12662,2025-11-08,CUST-0192,Smartwatch,Electronics,8,200.0,North,Corporate,Bank Transfer,1600.0
TX-11126,2024-12-11,CUST-0173,Premium Notebook,Office Supplies,3,15.5,East,Small Business,PayPal,46.5
TX-11322,2025-01-19,CUST-0325,Standing Desk,Office Supplies,4,414.0,South,Corporate,Bank Transfer,1656.0
TX-12584,2024-07-22,CUST-0063,Smartwatch,Electronics,3,200.0,West,Small Business,Bank Transfer,600.0
TX-14960,2024-10-24,CUST-0371,Premium Notebook,Office Supplies,3,13.48,East,Corporate,Bank Transfer,40.44
TX-14950,2024-01-01,CUST-0171,Whiteboard,Office Supplies,2,79.99,North,Small Business,Cash,159.98
TX-11564,2025-06-19,CUST-0231,Mechanical Keyboard,Accessories,1,85.99,East,Small Business,Cash,85.99
TX-11361,2024-04-10,CUST-0026,Desk Mat,Accessories,4,25.0,East,Small Business,PayPal,100.0
TX-11971,2025-01-27,CUST-0105,Laptop Sleeve,Accessories,1,25.19,West,Consumer,PayPal,25.19
TX-12226,2024-06-30,CUST-0164,Ergonomic Chair,Office Supplies,3,299.99,East,Consumer,PayPal,899.97
TX-13268,2024-11-14,CUST-0261,Mechanical Keyboard,Accessories,1,99.99,South,Small Business,Credit Card,99.99
TX-13071,2025-10-22,CUST-0387,Pro Laptop,Electronics,8,1200.0,South,Corporate,Bank Transfer,9600.0
TX-11204,2025-03-15,CUST-0378,Smartwatch,Electronics,4,200.0,North,Small Business,Bank Transfer,800.0
TX-12268,2025-07-24,CUST-0398,Gel Pens 12-Pack,Office Supplies,2,12.99,North,Corporate,Bank Transfer,25.98
TX-14522,2025-12-27,CUST-0336,Smartwatch,Electronics,6,200.0,South,Corporate,Credit Card,1200.0
TX-11029,2025-09-09,CUST-0176,Premium Notebook,Office Supplies,1,13.48,East,Small Business,PayPal,13.48
TX-12201,2024-05-29,CUST-0393,4K Monitor,Electronics,7,350.0,East,Corporate,Bank Transfer,2450.0
TX-11647,2025-07-01,CUST-0380,Wireless Mouse,Accessories,1,49.99,South,Small Business,Cash,49.99
TX-11477,2025-09-23,CUST-0056,Wireless Mouse,Accessories,1,49.99,South,Consumer,Bank Transfer,49.99
TX-11001,2024-03-12,CUST-0154,Smartwatch,Electronics,3,200.0,East,Corporate,PayPal,600.0
TX-12531,2025-10-02,CUST-0118,Premium Tablet,Electronics,1,546.0,South,Consumer,Bank Transfer,546.0
TX-14378,2025-12-29,CUST-0043,Whiteboard,Office Supplies,2,79.99,East,Consumer,Credit Card,159.98
TX-12292,2025-07-17,CUST-0074,Premium Tablet,Electronics,3,600.0,South,Small Business,Bank Transfer,1800.0
TX-10070,2024-06-07,CUST-0337,Standing Desk,Office Supplies,1,450.0,West,Small Business,Bank Transfer,450.0
TX-12917,2025-10-05,CUST-0175,Noise-Cancelling Headphones,Electronics,2,202.5,East,Consumer,Credit Card,405.0
TX-12432,2024-07-27,CUST-0333,4K Monitor,Electronics,4,350.0,South,Consumer,PayPal,1400.0
TX-14908,2025-06-22,CUST-0070,Gel Pens 12-Pack,Office Supplies,9,12.99,East,Corporate,Cash,116.91
TX-13285,2024-03-14,CUST-0331,Ergonomic Chair,Office Supplies,5,299.99,West,Corporate,Bank Transfer,1499.95
TX-11485,2025-03-25,CUST-0115,Noise-Cancelling Headphones,Electronics,3,250.0,North,Consumer,Credit Card,750.0
TX-12240,2025-03-27,CUST-0047,Standing Desk,Office Supplies,2,450.0,South,Small Business,Cash,900.0
TX-10859,2024-03-18,CUST-0275,Noise-Cancelling Headphones,Electronics,3,250.0,West,Small Business,Credit Card,750.0
TX-10734,2025-01-26,CUST-0031,Premium Notebook,Office Supplies,4,12.4,South,Corporate,Cash,49.6
TX-12754,2025-09-02,CUST-0029,Premium Tablet,Electronics,8,600.0,South,Corporate,PayPal,4800.0
TX-14505,2024-09-05,CUST-0077,Pro Laptop,Electronics,1,1200.0,South,Consumer,Credit Card,1200.0
TX-11877,2024-04-20,CUST-0234,Standing Desk,Office Supplies,4,418.5,West,Small Business,Bank Transfer,1674.0
TX-11739,2025-12-27,CUST-0202,Wireless Mouse,Accessories,7,49.99,South,Corporate,Cash,349.93
TX-13679,2025-09-23,CUST-0137,4K Monitor,Electronics,2,350.0,South,Consumer,Credit Card,700.0
TX-13607,2025-09-11,CUST-0400,Mechanical Keyboard,Accessories,3,99.99,North,Consumer,Cash,299.96999999999997
TX-11183,2024-11-16,CUST-0040,Mechanical Keyboard,Accessories,3,99.99,West,Corporate,PayPal,299.96999999999997
TX-13804,2025-12-26,CUST-0142,Pro Laptop,Electronics,3,1200.0,South,Consumer,Cash,3600.0
TX-13868,2024-03-19,CUST-0057,Wireless Mouse,Accessories,3,49.99,West,Consumer,Credit Card,149.97
TX-12135,2025-10-14,CUST-0043,Mechanical Keyboard,Accessories,4,99.99,East,Consumer,Credit Card,399.96
TX-10969,2024-07-16,CUST-0399,Gel Pens 12-Pack,Office Supplies,1,12.99,West,Consumer,PayPal,12.99
TX-14718,2024-03-11,CUST-0030,USB-C Multi-Hub,Accessories,3,39.99,North,Consumer,Credit Card,119.97
TX-11392,2025-09-21,CUST-0125,Laptop Sleeve,Accessories,3,29.99,North,Consumer,PayPal,89.97
TX-13657,2024-10-12,CUST-0324,Premium Tablet,Electronics,3,498.0,North,Small Business,Bank Transfer,1494.0
TX-10765,2025-03-31,CUST-0304,USB-C Multi-Hub,Accessories,8,39.99,North,Corporate,PayPal,319.92
TX-14422,2025-08-08,CUST-0020,4K Monitor,Electronics,3,350.0,East,Corporate,Cash,1050.0
TX-11924,2024-05-01,CUST-0217,Gel Pens 12-Pack,Office Supplies,1,12.99,South,Small Business,Bank Transfer,12.99
TX-10927,2024-10-31,CUST-0371,Gel Pens 12-Pack,Office Supplies,6,12.99,East,Corporate,Bank Transfer,77.94
TX-11954,2024-10-14,CUST-0175,Whiteboard,Office Supplies,3,79.99,East,Consumer,Bank Transfer,239.96999999999997
TX-10106,2025-04-25,CUST-UNKNOWN,Whiteboard,Office Supplies,4,79.99,North,Small Business,Cash,319.96
TX-13877,2025-09-10,CUST-0192,Smartwatch,Electronics,8,200.0,North,Corporate,Cash,1600.0
TX-11501,2025-02-11,CUST-0361,Smartwatch,Electronics,4,200.0,South,Consumer,Cash,800.0
TX-11538,2024-08-09,CUST-0047,Mechanical Keyboard,Accessories,2,99.99,South,Small Business,PayPal,199.98
TX-11905,2024-03-05,CUST-0375,Mechanical Keyboard,Accessories,5,99.99,East,Corporate,Credit Card,499.95
TX-13650,2024-08-04,CUST-0354,Laptop Sleeve,Accessories,2,29.99,North,Corporate,Cash,59.98
TX-12908,2025-01-14,CUST-0160,Noise-Cancelling Headphones,Electronics,1,250.0,South,Small Business,PayPal,250.0
TX-10233,2024-05-27,CUST-0386,Desk Mat,Accessories,1,22.75,North,Small Business,Bank Transfer,22.75
TX-14621,2025-06-12,CUST-0184,Gel Pens 12-Pack,Office Supplies,4,12.99,West,Small Business,PayPal,51.96
TX-10633,2025-12-23,CUST-0070,Standing Desk,Office Supplies,4,391.5,East,Corporate,Bank Transfer,1566.0
TX-11626,2025-03-30,CUST-0091,Whiteboard,Office Supplies,1,79.99,South,Small Business,Bank Transfer,79.99
TX-10415,2024-01-21,CUST-0060,Gel Pens 12-Pack,Office Supplies,4,12.99,South,Small Business,Credit Card,51.96
TX-12669,2024-07-11,CUST-0232,Wireless Mouse,Accessories,2,46.99,East,Small Business,Credit Card,93.98
TX-13831,2025-09-19,CUST-0135,Mechanical Keyboard,Accessories,3,99.99,West,Consumer,PayPal,299.96999999999997
TX-14850,2025-04-24,CUST-0326,Noise-Cancelling Headphones,Electronics,5,250.0,East,Corporate,Cash,1250.0
TX-14841,2025-10-20,CUST-0083,Noise-Cancelling Headphones,Electronics,4,225.0,South,Consumer,PayPal,900.0
TX-10787,2025-01-11,CUST-0355,Premium Tablet,Electronics,4,492.0,East,Consumer,Credit Card,1968.0
TX-10017,2025-09-15,CUST-0123,Mechanical Keyboard,Accessories,3,99.99,South,Consumer,Credit Card,299.96999999999997
TX-11231,2025-02-08,CUST-0119,Desk Mat,Accessories,3,25.0,South,Small Business,PayPal,75.0
TX-14830,2025-10-09,CUST-0145,Laptop Sleeve,Accessories,4,29.99,North,Small Business,Credit Card,119.96
TX-13703,2025-12-11,CUST-0313,Desk Mat,Accessories,10,20.0,West,Corporate,Bank Transfer,200.0
TX-13928,2024-11-05,CUST-0187,Ergonomic Chair,Office Supplies,4,299.99,South,Small Business,Cash,1199.96
TX-10596,2025-06-15,CUST-0372,4K Monitor,Electronics,8,297.5,East,Corporate,PayPal,2380.0
TX-12218,2025-08-10,CUST-0193,Premium Tablet,Electronics,2,510.0,South,Small Business,Cash,1020.0
TX-12182,2025-05-11,CUST-0288,Mechanical Keyboard,Accessories,5,99.99,West,Corporate,Bank Transfer,499.95
TX-12902,2024-06-25,CUST-0009,Premium Notebook,Office Supplies,3,15.5,North,Small Business,Credit Card,46.5
TX-14532,2024-08-10,CUST-0113,Mechanical Keyboard,Accessories,4,99.99,West,Small Business,Bank Transfer,399.96
TX-14967,2025-01-23,CUST-0200,Noise-Cancelling Headphones,Electronics,3,250.0,South,Small Business,Cash,750.0
TX-13262,2025-12-24,CUST-0224,USB-C Multi-Hub,Accessories,4,39.99,North,Small Business,Credit Card,159.96
TX-10371,2025-11-30,CUST-0322,4K Monitor,Electronics,3,350.0,South,Consumer,Bank Transfer,1050.0
TX-12533,2025-01-03,CUST-0296,Mechanical Keyboard,Accessories,2,99.99,South,Corporate,PayPal,199.98
TX-14301,2024-04-08,CUST-0035,Mechanical Keyboard,Accessories,1,99.99,South,Small Business,Bank Transfer,99.99
TX-10598,2025-08-13,CUST-0184,Desk Mat,Accessories,4,23.0,West,Small Business,Credit Card,92.0
TX-10238,2025-12-29,CUST-0079,Desk Mat,Accessories,3,23.75,North,Small Business,Bank Transfer,71.25
TX-13450,2024-12-15,CUST-0072,Pro Laptop,Electronics,1,1200.0,North,Small Business,Bank Transfer,1200.0
TX-14390,2025-02-16,CUST-0343,Mechanical Keyboard,Accessories,1,99.99,West,Small Business,Credit Card,99.99
TX-11946,2024-05-20,CUST-0164,Smartwatch,Electronics,2,200.0,East,Consumer,PayPal,400.0
TX-13741,2025-12-19,CUST-0002,Mechanical Keyboard,Accessories,2,99.99,East,Consumer,Cash,199.98
TX-12018,2024-01-23,CUST-UNKNOWN,Premium Notebook,Office Supplies,7,15.5,South,Corporate,Bank Transfer,108.5
TX-11351,2024-10-14,CUST-0375,Standing Desk,Office Supplies,3,450.0,East,Corporate,Bank Transfer,1350.0
TX-12580,2024-03-05,CUST-0013,Premium Notebook,Office Supplies,1,14.41,East,Consumer,Credit Card,14.41
TX-13516,2024-12-07,CUST-0086,Desk Mat,Accessories,2,20.75,West,Consumer,Bank Transfer,41.5
TX-13148,2025-07-01,CUST-0155,Premium Tablet,Electronics,3,600.0,South,Small Business,Cash,1800.0
TX-12789,2025-08-13,CUST-0025,Premium Notebook,Office Supplies,2,15.5,East,Small Business,Cash,31.0
TX-12650,2024-10-19,CUST-0020,Standing Desk,Office Supplies,7,391.5,East,Corporate,Credit Card,2740.5
TX-11192,2024-10-27,CUST-0324,Desk Mat,Accessories,2,25.0,North,Small Business,Bank Transfer,50.0
TX-13256,2024-06-08,CUST-0351,Gel Pens 12-Pack,Office Supplies,3,12.99,South,Corporate,PayPal,38.97
TX-11558,2025-04-19,CUST-0047,Pro Laptop,Electronics,2,1200.0,South,Small Business,Bank Transfer,2400.0
TX-13361,2024-03-13,CUST-0223,Whiteboard,Office Supplies,5,72.79,South,Corporate,Credit Card,363.95000000000005
TX-14278,2025-11-16,CUST-0177,Ergonomic Chair,Office Supplies,6,299.99,West,Corporate,PayPal,1799.94
TX-11788,2024-08-14,CUST-0365,Ergonomic Chair,Office Supplies,2,299.99,West,Small Business,Cash,599.98
TX-11554,2025-11-11,CUST-0342,Wireless Mouse,Accessories,1,49.99,East,Small Business,PayPal,49.99
TX-12167,2024-12-01,CUST-0257,Whiteboard,Office Supplies,1,79.99,West,Small Business,Credit Card,79.99
TX-12780,2024-02-22,CUST-0092,Pro Laptop,Electronics,9,1200.0,East,Corporate,Cash,10800.0
TX-11220,2024-04-30,CUST-0224,Smartwatch,Electronics,4,182.0,North,Small Business,Credit Card,728.0
TX-11983,2025-10-22,CUST-0272,Pro Laptop,Electronics,8,1104.0,West,Corporate,Bank Transfer,8832.0
TX-10621,2024-09-21,CUST-0319,Mechanical Keyboard,Accessories,1,99.99,North,Consumer,Cash,99.99
TX-12329,2024-11-11,CUST-0190,Whiteboard,Office Supplies,3,79.99,South,Consumer,Bank Transfer,239.96999999999997
TX-13683,2025-07-08,CUST-0387,4K Monitor,Electronics,2,350.0,South,Corporate,PayPal,700.0
TX-10566,2025-04-25,CUST-0274,Smartwatch,Electronics,4,178.0,East,Small Business,Bank Transfer,712.0
TX-13759,2024-04-15,CUST-0353,USB-C Multi-Hub,Accessories,9,39.99,West,Corporate,PayPal,359.91
TX-11235,2025-10-22,CUST-0052,Laptop Sleeve,Accessories,2,29.99,South,Small Business,Credit Card,59.98
TX-11073,2025-03-18,CUST-0235,Standing Desk,Office Supplies,1,450.0,East,Small Business,Cash,450.0
TX-10051,2025-09-22,CUST-0209,Ergonomic Chair,Office Supplies,3,299.99,South,Consumer,PayPal,899.97
TX-10881,2025-02-06,CUST-0131,Ergonomic Chair,Office Supplies,5,299.99,South,Corporate,Bank Transfer,1499.95
TX-14092,2025-05-20,CUST-0347,Standing Desk,Office Supplies,8,450.0,West,Corporate,Bank Transfer,3600.0
TX-12689,2024-08-16,CUST-0336,Wireless Mouse,Accessories,2,49.99,North,Corporate,Bank Transfer,99.98
TX-11345,2024-04-15,CUST-0015,Pro Laptop,Electronics,2,1080.0,West,Corporate,PayPal,2160.0
TX-10534,2024-12-16,CUST-0244,Premium Notebook,Office Supplies,5,13.02,East,Corporate,Bank Transfer,65.1
TX-13231,2025-06-05,CUST-0008,USB-C Multi-Hub,Accessories,4,39.99,South,Consumer,PayPal,159.96
TX-12339,2024-07-05,CUST-0179,Laptop Sleeve,Accessories,7,29.99,West,Corporate,Cash,209.92999999999998
TX-10443,2024-04-20,CUST-0024,Laptop Sleeve,Accessories,1,29.99,North,Small Business,Cash,29.99
TX-12330,2024-06-25,CUST-0127,Gel Pens 12-Pack,Office Supplies,1,12.99,South,Consumer,PayPal,12.99
TX-10195,2024-11-11,CUST-0203,Ergonomic Chair,Office Supplies,2,269.99,South,Small Business,Credit Card,539.98
TX-13000,2024-10-03,CUST-0362,Pro Laptop,Electronics,3,1200.0,South,Small Business,PayPal,3600.0
TX-14441,2025-06-10,CUST-0183,USB-C Multi-Hub,Accessories,3,39.99,West,Small Business,Credit Card,119.97
TX-14407,2025-01-01,CUST-0108,Gel Pens 12-Pack,Office Supplies,5,11.43,West,Corporate,PayPal,57.15
TX-14506,2025-08-15,CUST-0139,Standing Desk,Office Supplies,1,450.0,East,Consumer,Bank Transfer,450.0
TX-13046,2024-03-09,CUST-0153,Wireless Mouse,Accessories,3,49.99,East,Consumer,Credit Card,149.97
TX-14701,2024-03-18,CUST-0396,Premium Tablet,Electronics,3,600.0,North,Corporate,Credit Card,1800.0
TX-13008,2025-06-16,CUST-0171,Laptop Sleeve,Accessories,3,29.99,North,Small Business,PayPal,89.97
TX-12596,2024-06-05,CUST-0073,4K Monitor,Electronics,1,350.0,East,Small Business,Credit Card,350.0
TX-12964,2024-08-26,CUST-0017,Standing Desk,Office Supplies,3,450.0,South,Corporate,Cash,1350.0
TX-12547,2024-11-06,CUST-0399,Premium Notebook,Office Supplies,1,15.5,West,Consumer,Cash,15.5
TX-10644,2025-06-12,CUST-0392,Wireless Mouse,Accessories,2,49.99,North,Small Business,Bank Transfer,99.98
TX-13761,2024-06-07,CUST-0242,Noise-Cancelling Headphones,Electronics,1,250.0,East,Consumer,Credit Card,250.0
TX-13573,2025-09-27,CUST-0389,Standing Desk,Office Supplies,1,409.5,East,Small Business,Credit Card,409.5
TX-12480,2024-03-11,CUST-0240,Standing Desk,Office Supplies,7,450.0,East,Corporate,Cash,3150.0
TX-14429,2024-07-08,CUST-0159,Smartwatch,Electronics,4,180.0,South,Consumer,PayPal,720.0
TX-10120,2025-10-20,CUST-0238,Desk Mat,Accessories,2,20.75,West,Small Business,PayPal,41.5
TX-12238,2025-09-12,CUST-0173,Laptop Sleeve,Accessories,1,29.99,East,Small Business,Credit Card,29.99
TX-11902,2024-02-05,CUST-0062,Standing Desk,Office Supplies,6,450.0,South,Corporate,Cash,2700.0
TX-14918,2025-09-18,CUST-0244,Noise-Cancelling Headphones,Electronics,3,250.0,East,Corporate,Bank Transfer,750.0
TX-12487,2024-01-10,CUST-0305,4K Monitor,Electronics,3,308.0,North,Consumer,Bank Transfer,924.0
TX-13669,2024-07-03,CUST-0157,Premium Tablet,Electronics,2,516.0,East,Consumer,Bank Transfer,1032.0
TX-10134,2024-04-30,CUST-0135,Gel Pens 12-Pack,Office Supplies,2,12.99,West,Consumer,Bank Transfer,25.98
TX-12495,2024-07-06,CUST-0178,Laptop Sleeve,Accessories,3,29.99,North,Consumer,Cash,89.97
TX-12002,2025-04-21,CUST-0191,Smartwatch,Electronics,4,200.0,East,Corporate,Cash,800.0
TX-13902,2025-11-02,CUST-0367,Standing Desk,Office Supplies,1,450.0,North,Consumer,Cash,450.0
TX-10184,2024-03-29,CUST-0206,Wireless Mouse,Accessories,2,49.99,South,Consumer,PayPal,99.98
TX-12970,2024-07-22,CUST-0107,Smartwatch,Electronics,4,200.0,West,Consumer,PayPal,800.0
TX-12138,2024-05-31,CUST-0308,Laptop Sleeve,Accessories,10,29.99,North,Corporate,Cash,299.9
TX-10511,2025-09-09,CUST-0277,Smartwatch,Electronics,4,200.0,West,Consumer,Bank Transfer,800.0
TX-11499,2024-10-29,CUST-0387,Gel Pens 12-Pack,Office Supplies,9,12.99,South,Corporate,Bank Transfer,116.91
TX-10062,2025-03-30,CUST-0042,Whiteboard,Office Supplies,2,68.79,South,Small Business,Credit Card,137.58
TX-14794,2024-09-16,CUST-0082,4K Monitor,Electronics,8,350.0,East,Corporate,Cash,2800.0
TX-12876,2024-09-30,CUST-0330,Wireless Mouse,Accessories,4,49.99,North,Corporate,Credit Card,199.96
TX-13768,2025-12-01,CUST-0376,Pro Laptop,Electronics,4,1200.0,South,Consumer,Credit Card,4800.0
TX-14350,2024-02-01,CUST-0102,Ergonomic Chair,Office Supplies,1,299.99,North,Consumer,PayPal,299.99
TX-10763,2024-10-18,CUST-0172,Desk Mat,Accessories,2,25.0,South,Corporate,Credit Card,50.0
TX-10251,2024-06-06,CUST-UNKNOWN,Gel Pens 12-Pack,Office Supplies,1,12.99,North,Consumer,Cash,12.99
TX-13014,2024-11-03,CUST-0097,USB-C Multi-Hub,Accessories,2,32.39,North,Small Business,Credit Card,64.78
TX-11849,2025-08-29,CUST-0152,Desk Mat,Accessories,3,25.0,South,Small Business,PayPal,75.0
TX-11424,2024-03-10,CUST-0081,Ergonomic Chair,Office Supplies,2,299.99,North,Consumer,Bank Transfer,599.98
TX-12643,2024-09-24,CUST-0362,Whiteboard,Office Supplies,3,79.99,South,Small Business,PayPal,239.96999999999997
TX-13620,2025-06-25,CUST-0191,Pro Laptop,Electronics,3,1200.0,East,Corporate,Bank Transfer,3600.0
TX-10122,2025-06-11,CUST-0204,Desk Mat,Accessories,6,25.0,North,Corporate,Credit Card,150.0
TX-11751,2025-06-29,CUST-0069,Ergonomic Chair,Office Supplies,3,299.99,East,Consumer,Credit Card,899.97
TX-13788,2024-04-10,CUST-0373,4K Monitor,Electronics,8,350.0,East,Corporate,Credit Card,2800.0
TX-11919,2025-01-17,CUST-0281,Whiteboard,Office Supplies,4,79.99,North,Consumer,PayPal,319.96
TX-13066,2025-08-02,CUST-0215,Ergonomic Chair,Office Supplies,4,269.99,East,Consumer,PayPal,1079.96
TX-10567,2024-10-26,CUST-0281,Standing Desk,Office Supplies,4,450.0,North,Consumer,Cash,1800.0
TX-13349,2024-10-31,CUST-0227,Standing Desk,Office Supplies,3,450.0,West,Consumer,Bank Transfer,1350.0
TX-14814,2024-07-12,CUST-0363,Noise-Cancelling Headphones,Electronics,3,250.0,West,Corporate,Bank Transfer,750.0
TX-12841,2024-09-16,CUST-0162,USB-C Multi-Hub,Accessories,4,39.99,East,Consumer,Credit Card,159.96
TX-10807,2024-11-11,CUST-0288,Premium Tablet,Electronics,9,600.0,South,Corporate,Cash,5400.0
TX-11620,2024-04-10,CUST-0197,Desk Mat,Accessories,4,23.75,South,Consumer,Cash,95.0
TX-11588,2024-01-12,CUST-0249,Desk Mat,Accessories,8,25.0,North,Corporate,Credit Card,200.0
TX-12354,2025-04-01,CUST-0008,Noise-Cancelling Headphones,Electronics,2,250.0,South,Consumer,Cash,500.0
TX-11103,2024-06-29,CUST-0156,Whiteboard,Office Supplies,9,79.99,South,Corporate,PayPal,719.91
TX-11784,2024-10-21,CUST-0358,4K Monitor,Electronics,2,350.0,East,Corporate,PayPal,700.0
TX-10720,2024-02-03,CUST-0044,4K Monitor,Electronics,2,350.0,South,Consumer,Cash,700.0
TX-12750,2025-10-12,CUST-0016,Gel Pens 12-Pack,Office Supplies,3,12.99,East,Consumer,Cash,38.97
TX-14069,2024-06-14,CUST-0118,Wireless Mouse,Accessories,4,49.99,South,Consumer,Credit Card,199.96
TX-11444,2024-10-03,CUST-0197,Ergonomic Chair,Office Supplies,1,299.99,South,Consumer,Bank Transfer,299.99
TX-14910,2024-08-22,CUST-0328,Standing Desk,Office Supplies,2,450.0,North,Consumer,Cash,900.0
TX-10602,2025-04-03,CUST-0204,Pro Laptop,Electronics,6,1200.0,North,Corporate,Credit Card,7200.0
TX-12515,2024-06-04,CUST-0060,Smartwatch,Electronics,4,200.0,South,Small Business,Cash,800.0
TX-12231,2024-12-01,CUST-0202,USB-C Multi-Hub,Accessories,2,39.99,South,Corporate,Bank Transfer,79.98
TX-12437,2025-06-04,CUST-0324,Laptop Sleeve,Accessories,4,26.09,North,Small Business,Cash,104.36
TX-10794,2024-06-19,CUST-0317,4K Monitor,Electronics,3,350.0,South,Small Business,PayPal,1050.0
TX-10318,2025-01-12,CUST-0289,Whiteboard,Office Supplies,2,79.99,North,Consumer,Cash,159.98
TX-13628,2025-02-04,CUST-0196,Smartwatch,Electronics,4,200.0,West,Small Business,PayPal,800.0
TX-11487,2024-02-10,CUST-0277,Mechanical Keyboard,Accessories,1,99.99,West,Consumer,Cash,99.99
TX-10274,2025-07-04,CUST-0148,Smartwatch,Electronics,4,200.0,South,Small Business,Credit Card,800.0
TX-11894,2024-07-29,CUST-0103,USB-C Multi-Hub,Accessories,2,39.99,East,Consumer,Bank Transfer,79.98
TX-10549,2025-05-02,CUST-0323,Smartwatch,Electronics,7,200.0,South,Corporate,Bank Transfer,1400.0
TX-12594,2025-10-07,CUST-0363,Whiteboard,Office Supplies,6,79.99,West,Corporate,Cash,479.93999999999994
TX-12119,2024-07-19,CUST-0108,Premium Tablet,Electronics,6,528.0,West,Corporate,Cash,3168.0
TX-14922,2024-05-04,CUST-0386,Premium Notebook,Office Supplies,2,15.5,North,Small Business,PayPal,31.0
TX-14827,2025-11-24,CUST-0067,4K Monitor,Electronics,2,318.5,North,Small Business,Bank Transfer,637.0
TX-10605,2024-04-04,CUST-0293,Whiteboard,Office Supplies,5,79.99,North,Corporate,Credit Card,399.95
TX-14083,2025-05-01,CUST-0357,4K Monitor,Electronics,8,350.0,East,Corporate,Cash,2800.0
TX-10527,2025-07-16,CUST-0146,Laptop Sleeve,Accessories,7,29.99,South,Corporate,Bank Transfer,209.92999999999998
TX-12837,2024-11-16,CUST-0070,Whiteboard,Office Supplies,2,79.99,East,Corporate,Credit Card,159.98
TX-12379,2024-07-28,CUST-0056,Premium Tablet,Electronics,4,600.0,South,Consumer,Cash,2400.0
TX-12910,2025-06-24,CUST-0218,Premium Tablet,Electronics,4,504.0,East,Consumer,PayPal,2016.0
TX-13826,2025-01-18,CUST-0079,USB-C Multi-Hub,Accessories,3,39.99,North,Small Business,Credit Card,119.97
TX-14855,2024-01-10,CUST-0142,4K Monitor,Electronics,3,350.0,South,Consumer,Cash,1050.0
TX-12696,2025-06-17,CUST-0168,Desk Mat,Accessories,4,25.0,East,Small Business,Bank Transfer,100.0
TX-10298,2025-09-06,CUST-0146,Wireless Mouse,Accessories,6,49.99,South,Corporate,PayPal,299.94
TX-12687,2024-06-06,CUST-0331,Standing Desk,Office Supplies,6,400.5,South,Corporate,PayPal,2403.0
TX-12572,2024-05-25,CUST-0041,Whiteboard,Office Supplies,4,79.99,East,Small Business,Credit Card,319.96
TX-11634,2024-03-16,CUST-0364,Standing Desk,Office Supplies,3,450.0,South,Small Business,Bank Transfer,1350.0
TX-14437,2025-06-01,CUST-0289,4K Monitor,Electronics,1,350.0,North,Consumer,Cash,350.0
TX-13779,2024-07-09,CUST-0368,Noise-Cancelling Headphones,Electronics,1,250.0,East,Consumer,PayPal,250.0
TX-11074,2024-02-14,CUST-0123,Noise-Cancelling Headphones,Electronics,3,250.0,South,Consumer,Credit Card,750.0
TX-12646,2024-07-18,CUST-0159,Premium Notebook,Office Supplies,2,15.5,North,Consumer,Bank Transfer,31.0
TX-12809,2024-01-02,CUST-0070,Standing Desk,Office Supplies,2,400.5,East,Corporate,Bank Transfer,801.0
TX-13764,2024-10-30,CUST-0273,Pro Laptop,Electronics,1,1200.0,East,Consumer,Cash,1200.0
TX-10756,2024-03-23,CUST-0092,4K Monitor,Electronics,6,350.0,East,Corporate,Cash,2100.0
TX-11044,2025-04-20,CUST-0365,Whiteboard,Office Supplies,4,79.99,West,Small Business,Cash,319.96
TX-12818,2025-06-19,CUST-0034,Desk Mat,Accessories,5,25.0,East,Corporate,Cash,125.0
TX-13316,2025-11-03,CUST-0037,Premium Notebook,Office Supplies,2,14.72,North,Small Business,PayPal,29.44
TX-11253,2024-07-27,CUST-0009,Whiteboard,Office Supplies,4,79.99,North,Small Business,PayPal,319.96
TX-11860,2025-05-26,CUST-0222,Standing Desk,Office Supplies,9,450.0,North,Corporate,Credit Card,4050.0
TX-13950,2024-06-01,CUST-0231,Noise-Cancelling Headphones,Electronics,2,250.0,East,Small Business,Cash,500.0
TX-11879,2025-01-19,CUST-0322,Premium Notebook,Office Supplies,4,15.5,South,Consumer,PayPal,62.0
TX-10376,2025-08-08,CUST-0312,Ergonomic Chair,Office Supplies,4,299.99,West,Corporate,Bank Transfer,1199.96
TX-14710,2025-01-08,CUST-0371,Premium Tablet,Electronics,8,600.0,East,Corporate,PayPal,4800.0
TX-11075,2024-08-10,CUST-0211,Wireless Mouse,Accessories,7,49.99,East,Corporate,Credit Card,349.93
TX-11909,2024-01-02,CUST-0333,4K Monitor,Electronics,4,350.0,South,Consumer,Cash,1400.0
TX-10842,2025-02-18,CUST-0249,USB-C Multi-Hub,Accessories,4,36.39,North,Corporate,Cash,145.56
TX-10378,2024-12-05,CUST-0026,Desk Mat,Accessories,3,20.75,East,Small Business,Bank Transfer,62.25
TX-11187,2024-01-08,CUST-0366,Whiteboard,Office Supplies,7,79.99,West,Corporate,PayPal,559.93
TX-11321,2025-05-17,CUST-0212,Smartwatch,Electronics,3,200.0,North,Corporate,PayPal,600.0
TX-14173,2025-02-22,CUST-0310,Standing Desk,Office Supplies,10,450.0,South,Corporate,Bank Transfer,4500.0
TX-10964,2025-10-12,CUST-0277,USB-C Multi-Hub,Accessories,2,39.99,West,Consumer,Bank Transfer,79.98
TX-13880,2025-08-11,CUST-0114,Premium Tablet,Electronics,2,600.0,North,Small Business,Cash,1200.0
TX-11932,2025-04-19,CUST-0290,Whiteboard,Office Supplies,2,79.99,West,Corporate,Bank Transfer,159.98
TX-13836,2024-10-21,CUST-0135,Pro Laptop,Electronics,3,1080.0,West,Consumer,Cash,3240.0
TX-11292,2024-11-01,CUST-0232,Whiteboard,Office Supplies,2,75.19,East,Small Business,Bank Transfer,150.38
TX-13270,2024-11-26,CUST-0102,Whiteboard,Office Supplies,4,79.99,North,Consumer,Credit Card,319.96
TX-13214,2024-05-02,CUST-0026,Wireless Mouse,Accessories,2,44.49,East,Small Business,Cash,88.98
TX-12303,2025-07-01,CUST-UNKNOWN,Pro Laptop,Electronics,5,1200.0,South,Corporate,Credit Card,6000.0
TX-14951,2024-02-17,CUST-0106,Premium Tablet,Electronics,3,600.0,South,Small Business,Credit Card,1800.0
TX-13322,2024-02-08,CUST-0017,Standing Desk,Office Supplies,4,450.0,South,Corporate,PayPal,1800.0
TX-12577,2025-03-31,CUST-0237,Standing Desk,Office Supplies,4,450.0,West,Small Business,Cash,1800.0
TX-11934,2024-12-05,CUST-0352,Pro Laptop,Electronics,5,1200.0,South,Corporate,Cash,6000.0
TX-10175,2025-08-23,CUST-0026,Laptop Sleeve,Accessories,2,26.69,East,Small Business,PayPal,53.38
TX-12778,2025-03-24,CUST-0088,USB-C Multi-Hub,Accessories,4,39.99,West,Small Business,Bank Transfer,159.96
TX-14858,2025-02-22,CUST-0268,Premium Notebook,Office Supplies,3,15.5,West,Small Business,PayPal,46.5
TX-12004,2025-01-30,CUST-0335,Ergonomic Chair,Office Supplies,3,299.99,North,Small Business,Bank Transfer,899.97
TX-10045,2024-09-27,CUST-0275,Smartwatch,Electronics,3,200.0,West,Small Business,Bank Transfer,600.0
TX-12792,2024-01-21,CUST-0063,4K Monitor,Electronics,2,283.5,West,Small Business,Credit Card,567.0
TX-13309,2025-03-27,CUST-UNKNOWN,Desk Mat,Accessories,4,25.0,North,Consumer,Credit Card,100.0
TX-12727,2025-11-27,CUST-0287,Whiteboard,Office Supplies,3,79.99,East,Small Business,Cash,239.96999999999997
TX-14781,2024-10-24,CUST-0385,Premium Tablet,Electronics,10,600.0,South,Corporate,Bank Transfer,6000.0
TX-11541,2025-01-21,CUST-0397,Gel Pens 12-Pack,Office Supplies,3,12.99,West,Consumer,Bank Transfer,38.97
TX-11666,2024-05-23,CUST-0234,Ergonomic Chair,Office Supplies,2,299.99,West,Small Business,PayPal,599.98
TX-13077,2025-11-06,CUST-0174,Mechanical Keyboard,Accessories,3,88.99,South,Small Business,Bank Transfer,266.96999999999997
TX-11881,2025-12-31,CUST-0035,Premium Tablet,Electronics,1,600.0,South,Small Business,PayPal,600.0
TX-13456,2024-05-03,CUST-0012,Gel Pens 12-Pack,Office Supplies,2,11.56,West,Small Business,Bank Transfer,23.12
TX-11720,2025-06-22,CUST-0078,Laptop Sleeve,Accessories,1,29.99,East,Consumer,Bank Transfer,29.99
TX-13143,2025-05-02,CUST-0245,Premium Notebook,Office Supplies,6,15.5,West,Corporate,Bank Transfer,93.0
TX-12459,2025-02-16,CUST-0224,Standing Desk,Office Supplies,2,450.0,North,Small Business,PayPal,900.0
TX-10283,2025-01-12,CUST-0250,Whiteboard,Office Supplies,1,79.99,East,Consumer,Credit Card,79.99
TX-14613,2025-10-26,CUST-0307,Laptop Sleeve,Accessories,4,28.49,West,Consumer,Cash,113.96
TX-11032,2024-06-15,CUST-0022,Standing Desk,Office Supplies,1,450.0,West,Small Business,PayPal,450.0
TX-11425,2024-02-28,CUST-0280,Wireless Mouse,Accessories,4,49.99,East,Small Business,Bank Transfer,199.96
TX-13167,2025-08-08,CUST-0032,Standing Desk,Office Supplies,4,450.0,East,Corporate,Bank Transfer,1800.0
TX-14577,2024-03-21,CUST-0179,Standing Desk,Office Supplies,6,450.0,West,Corporate,Cash,2700.0
TX-10877,2024-04-25,CUST-0163,Desk Mat,Accessories,9,25.0,South,Corporate,PayPal,225.0
TX-12100,2025-07-18,CUST-0261,Mechanical Keyboard,Accessories,1,99.99,South,Small Business,Bank Transfer,99.99
TX-11168,2024-08-08,CUST-0069,Laptop Sleeve,Accessories,2,29.99,East,Consumer,Bank Transfer,59.98
TX-12589,2024-03-30,CUST-0018,Gel Pens 12-Pack,Office Supplies,1,12.99,North,Consumer,Credit Card,12.99
TX-13273,2024-11-05,CUST-0322,Premium Notebook,Office Supplies,4,15.5,South,Consumer,Bank Transfer,62.0
TX-12732,2024-06-19,CUST-0340,Laptop Sleeve,Accessories,8,29.99,West,Corporate,Credit Card,239.92
TX-12215,2024-11-17,CUST-0104,Gel Pens 12-Pack,Office Supplies,3,12.99,South,Corporate,Cash,38.97
TX-11672,2024-03-16,CUST-0397,Desk Mat,Accessories,2,25.0,West,Consumer,PayPal,50.0
TX-11047,2025-01-21,CUST-0293,Noise-Cancelling Headphones,Electronics,6,235.0,North,Corporate,Credit Card,1410.0
TX-13338,2025-08-17,CUST-0359,Standing Desk,Office Supplies,3,414.0,East,Small Business,PayPal,1242.0
TX-14585,2024-10-08,CUST-0370,Standing Desk,Office Supplies,4,450.0,South,Corporate,Bank Transfer,1800.0
TX-12518,2025-08-30,CUST-0160,Smartwatch,Electronics,1,200.0,South,Small Business,PayPal,200.0
TX-13164,2024-03-05,CUST-0188,USB-C Multi-Hub,Accessories,2,39.99,North,Corporate,Credit Card,79.98
TX-11519,2024-04-21,CUST-0171,Pro Laptop,Electronics,1,1200.0,North,Small Business,PayPal,1200.0
TX-10099,2025-01-20,CUST-0330,Standing Desk,Office Supplies,10,450.0,North,Corporate,Credit Card,4500.0
TX-11084,2025-03-30,CUST-0003,Smartwatch,Electronics,2,200.0,South,Consumer,PayPal,400.0
TX-11897,2025-04-13,CUST-UNKNOWN,Smartwatch,Electronics,9,200.0,West,Corporate,Bank Transfer,1800.0
TX-11391,2025-04-17,CUST-0015,Wireless Mouse,Accessories,8,49.99,West,Corporate,Credit Card,399.92
TX-11244,2024-03-27,CUST-0023,Mechanical Keyboard,Accessories,4,99.99,North,Corporate,Cash,399.96
TX-10351,2025-12-06,CUST-0001,Laptop Sleeve,Accessories,3,26.99,South,Consumer,Credit Card,80.97
TX-12771,2025-01-25,CUST-0377,Gel Pens 12-Pack,Office Supplies,8,12.99,South,Corporate,PayPal,103.92
TX-11056,2025-07-19,CUST-0370,Premium Notebook,Office Supplies,3,15.5,South,Corporate,Bank Transfer,46.5
TX-10915,2024-03-13,CUST-0281,Desk Mat,Accessories,1,25.0,North,Consumer,Cash,25.0
TX-14829,2024-03-05,CUST-UNKNOWN,Laptop Sleeve,Accessories,4,29.99,East,Consumer,Cash,119.96
TX-10718,2024-10-08,CUST-0008,Wireless Mouse,Accessories,2,49.99,South,Consumer,PayPal,99.98
TX-12741,2024-01-18,CUST-0184,Premium Notebook,Office Supplies,1,15.5,South,Small Business,Bank Transfer,15.5
TX-14269,2024-06-20,CUST-0108,Mechanical Keyboard,Accessories,2,99.99,West,Corporate,PayPal,199.98
TX-11553,2024-01-18,CUST-0171,USB-C Multi-Hub,Accessories,2,39.99,North,Small Business,Bank Transfer,79.98
TX-10308,2024-02-26,CUST-0159,Mechanical Keyboard,Accessories,1,99.99,North,Consumer,Credit Card,99.99
TX-12654,2025-08-10,CUST-0111,Pro Laptop,Electronics,5,1200.0,West,Corporate,Credit Card,6000.0
TX-10833,2025-01-23,CUST-0218,4K Monitor,Electronics,2,280.0,East,Consumer,Cash,560.0
TX-10366,2024-08-19,CUST-0138,Wireless Mouse,Accessories,2,44.99,North,Small Business,Credit Card,89.98
TX-12274,2025-01-16,CUST-0328,4K Monitor,Electronics,2,350.0,North,Consumer,Credit Card,700.0
TX-12107,2024-07-19,CUST-0126,Ergonomic Chair,Office Supplies,3,299.99,North,Consumer,Bank Transfer,899.97
TX-11438,2025-11-04,CUST-0040,Whiteboard,Office Supplies,5,79.99,West,Corporate,Cash,399.95
TX-13817,2025-02-16,CUST-0071,Standing Desk,Office Supplies,2,450.0,South,Corporate,Bank Transfer,900.0
TX-12576,2025-10-25,CUST-0355,Desk Mat,Accessories,3,25.0,East,Consumer,PayPal,75.0
TX-13434,2025-04-24,CUST-UNKNOWN,Wireless Mouse,Accessories,3,49.99,South,Small Business,Bank Transfer,149.97
TX-10019,2024-10-25,CUST-0140,Gel Pens 12-Pack,Office Supplies,4,12.99,North,Small Business,PayPal,51.96
TX-13109,2024-12-10,CUST-0016,Desk Mat,Accessories,4,25.0,East,Consumer,Cash,100.0
TX-14528,2025-10-10,CUST-0151,Whiteboard,Office Supplies,9,79.99,East,Corporate,Bank Transfer,719.91
TX-13754,2025-11-24,CUST-0039,4K Monitor,Electronics,3,350.0,South,Consumer,Bank Transfer,1050.0
TX-10218,2025-08-21,CUST-0297,Desk Mat,Accessories,6,23.0,South,Corporate,PayPal,138.0
TX-12478,2025-07-05,CUST-0395,Wireless Mouse,Accessories,1,49.99,East,Consumer,Bank Transfer,49.99
TX-10438,2025-01-07,CUST-0028,Smartwatch,Electronics,3,200.0,North,Consumer,Cash,600.0
TX-11149,2024-07-18,CUST-0359,Desk Mat,Accessories,1,25.0,East,Small Business,PayPal,25.0
TX-11010,2025-12-21,CUST-0101,Desk Mat,Accessories,1,25.0,North,Consumer,Bank Transfer,25.0
TX-13336,2025-08-18,CUST-0358,Standing Desk,Office Supplies,6,450.0,East,Corporate,Cash,2700.0
TX-13483,2024-04-15,CUST-0224,Pro Laptop,Electronics,3,1200.0,North,Small Business,Cash,3600.0
TX-13570,2024-12-25,CUST-0347,Pro Laptop,Electronics,6,1104.0,West,Corporate,Bank Transfer,6624.0
TX-14677,2025-02-28,CUST-0115,Smartwatch,Electronics,1,200.0,North,Consumer,Bank Transfer,200.0
TX-12191,2025-05-27,CUST-0159,Laptop Sleeve,Accessories,2,29.99,North,Consumer,PayPal,59.98
TX-12803,2024-09-02,CUST-0242,Standing Desk,Office Supplies,4,450.0,East,Consumer,Credit Card,1800.0
TX-10802,2024-08-13,CUST-0229,Ergonomic Chair,Office Supplies,3,299.99,East,Small Business,Credit Card,899.97
TX-13292,2024-02-02,CUST-0069,Premium Tablet,Electronics,2,600.0,East,Consumer,Bank Transfer,1200.0
TX-12259,2025-09-05,CUST-0248,Pro Laptop,Electronics,2,1200.0,South,Small Business,Bank Transfer,2400.0
TX-14788,2024-04-14,CUST-0160,Whiteboard,Office Supplies,1,74.39,South,Small Business,Bank Transfer,74.39
TX-12497,2025-05-19,CUST-0052,Standing Desk,Office Supplies,2,450.0,South,Small Business,Cash,900.0
TX-10582,2025-12-19,CUST-UNKNOWN,Smartwatch,Electronics,5,200.0,West,Corporate,Bank Transfer,1000.0
TX-10203,2025-02-15,CUST-0277,Pro Laptop,Electronics,2,1200.0,West,Consumer,Bank Transfer,2400.0
TX-14098,2025-04-18,CUST-0223,Ergonomic Chair,Office Supplies,5,299.99,South,Corporate,PayPal,1499.95
TX-13466,2025-02-08,CUST-0393,Desk Mat,Accessories,2,21.5,East,Corporate,Cash,43.0
TX-12280,2024-03-12,CUST-0270,Premium Tablet,Electronics,1,564.0,West,Small Business,PayPal,564.0
TX-12210,2025-09-05,CUST-0145,Standing Desk,Office Supplies,1,450.0,North,Small Business,Cash,450.0
TX-14870,2024-09-04,CUST-0389,Premium Notebook,Office Supplies,3,15.5,East,Small Business,PayPal,46.5
TX-11623,2025-10-31,CUST-0262,Premium Tablet,Electronics,4,600.0,North,Consumer,Bank Transfer,2400.0
TX-11736,2024-08-14,CUST-0303,Premium Notebook,Office Supplies,1,15.5,South,Small Business,Cash,15.5
TX-14700,2025-12-02,CUST-0282,Ergonomic Chair,Office Supplies,4,299.99,South,Consumer,Credit Card,1199.96
TX-13674,2025-12-19,CUST-0047,4K Monitor,Electronics,4,350.0,South,Small Business,Credit Card,1400.0
TX-14385,2024-05-03,CUST-0324,Noise-Cancelling Headphones,Electronics,2,250.0,North,Small Business,PayPal,500.0
TX-13400,2024-05-09,CUST-0391,Wireless Mouse,Accessories,3,49.99,West,Consumer,Bank Transfer,149.97
TX-10517,2025-02-10,CUST-0387,Smartwatch,Electronics,10,174.0,South,Corporate,Cash,1740.0
TX-12063,2025-09-27,CUST-0393,Pro Laptop,Electronics,4,1200.0,East,Corporate,PayPal,4800.0
TX-14632,2025-09-07,CUST-0397,Noise-Cancelling Headphones,Electronics,3,250.0,West,Consumer,Credit Card,750.0
TX-11874,2025-05-31,CUST-0193,Ergonomic Chair,Office Supplies,3,299.99,South,Small Business,Bank Transfer,899.97
TX-10668,2025-10-14,CUST-0104,USB-C Multi-Hub,Accessories,6,39.99,South,Corporate,Credit Card,239.94
TX-11840,2024-06-06,CUST-0293,Pro Laptop,Electronics,3,1200.0,North,Corporate,Credit Card,3600.0
TX-13193,2024-11-07,CUST-0044,Wireless Mouse,Accessories,4,49.99,South,Consumer,Bank Transfer,199.96
TX-14941,2024-04-22,CUST-0221,USB-C Multi-Hub,Accessories,7,39.99,East,Corporate,PayPal,279.93
TX-12011,2024-04-05,CUST-0316,Premium Notebook,Office Supplies,8,13.95,North,Corporate,PayPal,111.6
TX-13617,2024-03-23,CUST-0368,Pro Laptop,Electronics,4,1200.0,East,Consumer,Credit Card,4800.0
TX-11260,2025-12-16,CUST-0241,Premium Notebook,Office Supplies,9,15.5,North,Corporate,Credit Card,139.5
TX-12388,2025-08-18,CUST-0203,Laptop Sleeve,Accessories,4,29.99,South,Small Business,Bank Transfer,119.96
TX-12153,2025-03-05,CUST-0388,Mechanical Keyboard,Accessories,3,99.99,North,Consumer,Cash,299.96999999999997
TX-13392,2024-10-17,CUST-0242,Standing Desk,Office Supplies,2,450.0,East,Consumer,Bank Transfer,900.0
TX-13442,2024-07-28,CUST-0070,Premium Tablet,Electronics,9,600.0,East,Corporate,Credit Card,5400.0
TX-14166,2024-09-22,CUST-0297,Laptop Sleeve,Accessories,5,29.99,South,Corporate,Bank Transfer,149.95
TX-10759,2025-09-18,CUST-0046,USB-C Multi-Hub,Accessories,3,36.39,East,Consumer,Cash,109.17
TX-11057,2025-03-15,CUST-0358,Standing Desk,Office Supplies,9,450.0,East,Corporate,Cash,4050.0
TX-12346,2024-01-21,CUST-0135,Mechanical Keyboard,Accessories,1,99.99,West,Consumer,Bank Transfer,99.99
TX-14294,2024-03-13,CUST-0164,Premium Notebook,Office Supplies,4,15.5,East,Consumer,Bank Transfer,62.0
TX-13096,2025-09-26,CUST-0066,Smartwatch,Electronics,4,176.0,North,Small Business,Cash,704.0
TX-14536,2024-11-13,CUST-0371,Premium Notebook,Office Supplies,2,13.79,East,Corporate,Cash,27.58
TX-12555,2025-07-27,CUST-0123,Noise-Cancelling Headphones,Electronics,4,250.0,South,Consumer,PayPal,1000.0
TX-10214,2024-09-02,CUST-0283,Premium Notebook,Office Supplies,4,15.5,West,Small Business,Cash,62.0
TX-13382,2024-02-01,CUST-0190,4K Monitor,Electronics,3,350.0,South,Consumer,Cash,1050.0
TX-11108,2025-04-25,CUST-0101,Premium Tablet,Electronics,1,600.0,North,Consumer,Credit Card,600.0
TX-10693,2024-04-19,CUST-0167,Wireless Mouse,Accessories,3,49.99,North,Small Business,Cash,149.97
TX-13050,2024-08-21,CUST-0362,Smartwatch,Electronics,3,200.0,South,Small Business,Cash,600.0
TX-12924,2024-10-27,CUST-0203,Premium Tablet,Electronics,1,600.0,South,Small Business,Cash,600.0
TX-13635,2025-05-13,CUST-0350,Mechanical Keyboard,Accessories,4,99.99,South,Consumer,PayPal,399.96
TX-11221,2024-05-12,CUST-0290,Premium Tablet,Electronics,8,600.0,West,Corporate,Cash,4800.0
TX-14822,2025-03-27,CUST-0384,Whiteboard,Office Supplies,8,79.99,South,Corporate,PayPal,639.92
TX-13131,2025-11-28,CUST-0202,Pro Laptop,Electronics,5,1200.0,South,Corporate,Bank Transfer,6000.0
TX-11224,2025-06-21,CUST-0113,Premium Notebook,Office Supplies,1,15.5,South,Small Business,PayPal,15.5
TX-14972,2024-11-24,CUST-0187,Noise-Cancelling Headphones,Electronics,4,250.0,South,Small Business,PayPal,1000.0
TX-10196,2024-03-06,CUST-0278,Pro Laptop,Electronics,4,1200.0,East,Consumer,Credit Card,4800.0
TX-14406,2024-07-23,CUST-0247,Laptop Sleeve,Accessories,1,29.99,West,Small Business,Credit Card,29.99
TX-12195,2024-08-21,CUST-0267,Mechanical Keyboard,Accessories,3,99.99,West,Consumer,Bank Transfer,299.96999999999997
TX-14260,2025-10-26,CUST-UNKNOWN,Standing Desk,Office Supplies,1,423.0,East,Consumer,Credit Card,423.0
TX-10879,2025-09-12,CUST-0018,Wireless Mouse,Accessories,2,49.99,North,Consumer,Bank Transfer,99.98
TX-14203,2024-01-14,CUST-0214,Wireless Mouse,Accessories,4,49.99,West,Small Business,Bank Transfer,199.96
TX-12655,2024-09-16,CUST-0210,Gel Pens 12-Pack,Office Supplies,3,12.99,South,Corporate,Credit Card,38.97
TX-11344,2024-02-18,CUST-0357,Gel Pens 12-Pack,Office Supplies,3,12.99,East,Corporate,Bank Transfer,38.97
TX-14346,2024-02-08,CUST-0063,Premium Notebook,Office Supplies,3,15.5,West,Small Business,Credit Card,46.5
TX-10887,2024-11-17,CUST-0128,Mechanical Keyboard,Accessories,8,99.99,West,Corporate,Bank Transfer,799.92
TX-11417,2025-03-24,CUST-0348,Standing Desk,Office Supplies,2,450.0,West,Small Business,PayPal,900.0
TX-10068,2025-07-29,CUST-0288,Ergonomic Chair,Office Supplies,8,299.99,West,Corporate,Bank Transfer,2399.92
TX-12517,2025-07-30,CUST-0285,Desk Mat,Accessories,3,21.5,South,Consumer,PayPal,64.5
TX-10568,2024-06-16,CUST-0331,Gel Pens 12-Pack,Office Supplies,5,11.17,West,Corporate,Bank Transfer,55.85
TX-11669,2024-11-29,CUST-0370,Desk Mat,Accessories,2,25.0,South,Corporate,Cash,50.0
TX-10096,2024-10-16,CUST-UNKNOWN,Whiteboard,Office Supplies,1,75.19,West,Consumer,Bank Transfer,75.19
TX-13102,2025-09-09,CUST-0271,Mechanical Keyboard,Accessories,1,99.99,West,Consumer,PayPal,99.99
TX-14343,2025-06-15,CUST-0216,Whiteboard,Office Supplies,8,79.99,North,Corporate,Cash,639.92
TX-10139,2025-07-18,CUST-0067,Wireless Mouse,Accessories,3,49.99,North,Small Business,Bank Transfer,149.97
TX-14923,2025-10-20,CUST-0292,Ergonomic Chair,Office Supplies,4,299.99,West,Corporate,PayPal,1199.96
TX-12640,2024-01-29,CUST-0073,USB-C Multi-Hub,Accessories,1,39.99,East,Small Business,PayPal,39.99
TX-13447,2024-09-22,CUST-0307,Laptop Sleeve,Accessories,4,29.99,West,Consumer,Cash,119.96
TX-13021,2024-04-05,CUST-0045,Mechanical Keyboard,Accessories,8,99.99,East,Corporate,Credit Card,799.92
TX-11590,2025-07-01,CUST-0187,Premium Tablet,Electronics,4,600.0,South,Small Business,Cash,2400.0
TX-11340,2025-01-27,CUST-0122,Wireless Mouse,Accessories,6,49.99,East,Corporate,Credit Card,299.94
TX-14447,2024-03-30,CUST-0227,USB-C Multi-Hub,Accessories,4,34.79,West,Consumer,Cash,139.16
TX-13227,2025-11-15,CUST-0222,Wireless Mouse,Accessories,9,49.99,North,Corporate,Cash,449.91
TX-14545,2024-04-06,CUST-0130,USB-C Multi-Hub,Accessories,2,39.99,West,Consumer,Bank Transfer,79.98
TX-10463,2024-08-06,CUST-0340,Premium Notebook,Office Supplies,7,15.5,West,Corporate,Bank Transfer,108.5
TX-14376,2025-04-28,CUST-0366,Gel Pens 12-Pack,Office Supplies,9,12.99,West,Corporate,Credit Card,116.91
TX-11261,2024-06-08,CUST-0329,4K Monitor,Electronics,2,290.5,East,Consumer,PayPal,581.0
TX-13838,2025-10-25,CUST-0159,Smartwatch,Electronics,3,200.0,North,Consumer,Bank Transfer,600.0
TX-10594,2024-03-22,CUST-0240,Wireless Mouse,Accessories,7,49.99,East,Corporate,Cash,349.93
TX-11615,2024-08-04,CUST-0293,Standing Desk,Office Supplies,4,450.0,North,Corporate,Cash,1800.0
TX-10625,2025-10-26,CUST-0261,Wireless Mouse,Accessories,3,49.99,South,Small Business,Cash,149.97
TX-10450,2024-05-15,CUST-0364,Mechanical Keyboard,Accessories,3,99.99,South,Small Business,Credit Card,299.96999999999997
TX-11536,2024-07-01,CUST-0135,Wireless Mouse,Accessories,2,49.99,West,Consumer,Cash,99.98
TX-12536,2024-05-10,CUST-0357,Premium Tablet,Electronics,7,498.0,East,Corporate,PayPal,3486.0
TX-11096,2024-06-04,CUST-0193,Pro Laptop,Electronics,2,1200.0,South,Small Business,Cash,2400.0
TX-14246,2025-05-08,CUST-0370,USB-C Multi-Hub,Accessories,9,35.59,South,Corporate,PayPal,320.31000000000006
TX-11609,2024-06-04,CUST-0237,Desk Mat,Accessories,2,25.0,West,Small Business,PayPal,50.0
TX-10996,2025-08-23,CUST-0127,Mechanical Keyboard,Accessories,3,99.99,South,Consumer,Cash,299.96999999999997
TX-14747,2025-08-28,CUST-0341,Mechanical Keyboard,Accessories,6,91.99,North,Corporate,Bank Transfer,551.9399999999999
TX-13221,2025-06-08,CUST-0242,Ergonomic Chair,Office Supplies,2,299.99,East,Consumer,PayPal,599.98
TX-12361,2024-01-12,CUST-0277,Pro Laptop,Electronics,1,1200.0,West,Consumer,Bank Transfer,1200.0
TX-13678,2024-03-18,CUST-0342,Pro Laptop,Electronics,2,1200.0,East,Small Business,Bank Transfer,2400.0
TX-13980,2025-11-18,CUST-0094,USB-C Multi-Hub,Accessories,2,39.99,West,Consumer,Cash,79.98
TX-10150,2024-05-13,CUST-UNKNOWN,Whiteboard,Office Supplies,3,79.99,South,Small Business,Bank Transfer,239.96999999999997
TX-11752,2024-08-18,CUST-0021,4K Monitor,Electronics,2,322.0,East,Consumer,Bank Transfer,644.0
TX-14004,2025-06-04,CUST-0243,Laptop Sleeve,Accessories,3,29.99,West,Small Business,Credit Card,89.97
TX-12746,2024-02-14,CUST-0202,Premium Notebook,Office Supplies,7,15.5,South,Corporate,Cash,108.5
TX-12307,2024-10-10,CUST-0377,Mechanical Keyboard,Accessories,2,99.99,South,Corporate,PayPal,199.98
TX-10088,2024-06-26,CUST-0309,Pro Laptop,Electronics,4,1200.0,West,Corporate,Cash,4800.0
TX-10457,2025-09-27,CUST-0227,Noise-Cancelling Headphones,Electronics,2,250.0,West,Consumer,PayPal,500.0
TX-11338,2025-10-23,CUST-0388,Premium Notebook,Office Supplies,3,12.87,North,Consumer,PayPal,38.61
TX-14578,2024-11-23,CUST-0067,Ergonomic Chair,Office Supplies,3,299.99,North,Small Business,PayPal,899.97
TX-13318,2025-12-08,CUST-0357,Noise-Cancelling Headphones,Electronics,4,250.0,East,Corporate,PayPal,1000.0
TX-13275,2025-03-13,CUST-0153,Pro Laptop,Electronics,4,1200.0,East,Consumer,PayPal,4800.0
TX-14240,2024-08-02,CUST-0027,Desk Mat,Accessories,2,25.0,South,Small Business,Bank Transfer,50.0
TX-14708,2024-05-26,CUST-0156,Pro Laptop,Electronics,7,1200.0,East,Corporate,Bank Transfer,8400.0
TX-10999,2025-09-27,CUST-0086,Pro Laptop,Electronics,4,1200.0,West,Consumer,Bank Transfer,4800.0
TX-13920,2024-08-23,CUST-UNKNOWN,Gel Pens 12-Pack,Office Supplies,1,12.99,West,Consumer,Cash,12.99
TX-13286,2025-11-14,CUST-0358,4K Monitor,Electronics,6,350.0,East,Corporate,PayPal,2100.0
TX-10192,2025-06-01,CUST-0275,Premium Tablet,Electronics,3,552.0,West,Small Business,Cash,1656.0
TX-14133,2024-01-02,CUST-0131,Premium Notebook,Office Supplies,6,15.5,South,Corporate,Credit Card,93.0
TX-14309,2025-08-19,CUST-0291,Pro Laptop,Electronics,3,1200.0,North,Small Business,Cash,3600.0
TX-12225,2025-12-04,CUST-0120,Standing Desk,Office Supplies,2,450.0,West,Consumer,Credit Card,900.0
TX-14256,2025-11-16,CUST-0036,Gel Pens 12-Pack,Office Supplies,4,12.99,East,Small Business,PayPal,51.96
TX-14450,2024-06-02,CUST-0262,Laptop Sleeve,Accessories,4,29.99,North,Consumer,Bank Transfer,119.96
TX-13681,2025-03-09,CUST-0397,4K Monitor,Electronics,3,350.0,West,Consumer,PayPal,1050.0
TX-12592,2024-05-07,CUST-0080,Ergonomic Chair,Office Supplies,7,299.99,East,Corporate,PayPal,2099.9300000000003
TX-12321,2025-01-02,CUST-0282,Whiteboard,Office Supplies,3,79.99,South,Consumer,Cash,239.96999999999997
TX-14517,2024-12-10,CUST-0284,Laptop Sleeve,Accessories,2,23.99,South,Small Business,Cash,47.98
TX-13520,2024-11-23,CUST-0112,Whiteboard,Office Supplies,5,75.19,West,Corporate,Credit Card,375.95
TX-14853,2025-05-30,CUST-0270,Laptop Sleeve,Accessories,2,29.99,West,Small Business,PayPal,59.98
TX-11818,2024-06-09,CUST-0265,Standing Desk,Office Supplies,4,450.0,West,Consumer,Credit Card,1800.0
TX-12700,2024-04-25,CUST-UNKNOWN,Desk Mat,Accessories,1,25.0,North,Small Business,Credit Card,25.0
TX-13013,2024-04-18,CUST-0274,Noise-Cancelling Headphones,Electronics,4,250.0,East,Small Business,PayPal,1000.0
TX-11730,2025-09-16,CUST-0233,Pro Laptop,Electronics,7,1200.0,West,Corporate,Bank Transfer,8400.0
TX-13924,2024-02-19,CUST-0017,Premium Notebook,Office Supplies,6,15.5,South,Corporate,Bank Transfer,93.0
TX-14062,2025-10-27,CUST-0013,Smartwatch,Electronics,4,200.0,East,Consumer,Credit Card,800.0
TX-14946,2025-05-23,CUST-0061,Noise-Cancelling Headphones,Electronics,4,250.0,West,Small Business,Cash,1000.0
TX-10191,2025-06-24,CUST-0361,Ergonomic Chair,Office Supplies,1,299.99,South,Consumer,Credit Card,299.99
TX-11782,2024-05-18,CUST-0102,Gel Pens 12-Pack,Office Supplies,4,12.99,North,Consumer,Cash,51.96
TX-11723,2024-10-12,CUST-0268,Gel Pens 12-Pack,Office Supplies,4,10.52,West,Small Business,Bank Transfer,42.08
TX-14250,2024-12-04,CUST-0169,USB-C Multi-Hub,Accessories,4,39.99,North,Consumer,Bank Transfer,159.96
TX-12748,2024-04-29,CUST-0166,Whiteboard,Office Supplies,4,64.79,East,Small Business,Cash,259.16
TX-14609,2024-03-25,CUST-0220,Whiteboard,Office Supplies,7,79.99,West,Corporate,Bank Transfer,559.93
TX-11747,2025-01-26,CUST-0363,Premium Notebook,Office Supplies,7,15.5,West,Corporate,Cash,108.5
TX-13824,2024-01-03,CUST-0229,Laptop Sleeve,Accessories,1,29.99,East,Small Business,Cash,29.99
TX-11822,2024-03-28,CUST-0011,Pro Laptop,Electronics,3,1200.0,West,Consumer,Credit Card,3600.0
TX-13698,2025-04-13,CUST-0329,Smartwatch,Electronics,1,200.0,East,Consumer,Credit Card,200.0
TX-11242,2024-08-19,CUST-0351,Ergonomic Chair,Office Supplies,9,299.99,East,Corporate,PayPal,2699.91
TX-14965,2024-01-07,CUST-0140,USB-C Multi-Hub,Accessories,3,39.99,North,Small Business,Cash,119.97
TX-14032,2024-04-14,CUST-0041,USB-C Multi-Hub,Accessories,1,34.79,East,Small Business,Bank Transfer,34.79
TX-14570,2025-02-27,CUST-0003,Desk Mat,Accessories,3,25.0,South,Consumer,Cash,75.0
TX-10166,2024-04-22,CUST-0098,Smartwatch,Electronics,3,170.0,South,Small Business,Cash,510.0
TX-13705,2025-08-13,CUST-0118,Premium Notebook,Office Supplies,3,13.02,South,Consumer,Credit Card,39.06
TX-13274,2025-04-29,CUST-0295,Ergonomic Chair,Office Supplies,2,299.99,West,Small Business,Cash,599.98
TX-11024,2025-11-06,CUST-0233,Gel Pens 12-Pack,Office Supplies,8,12.99,West,Corporate,Credit Card,103.92
TX-14802,2024-03-07,CUST-0224,Laptop Sleeve,Accessories,2,29.99,North,Small Business,PayPal,59.98
TX-12277,2024-10-17,CUST-UNKNOWN,Laptop Sleeve,Accessories,4,29.99,West,Consumer,Cash,119.96
TX-13708,2024-02-04,CUST-0170,Premium Tablet,Electronics,3,600.0,East,Consumer,Cash,1800.0
TX-11867,2025-10-09,CUST-0118,Laptop Sleeve,Accessories,2,29.99,South,Consumer,PayPal,59.98
TX-14831,2024-05-11,CUST-0144,Noise-Cancelling Headphones,Electronics,4,250.0,North,Small Business,Bank Transfer,1000.0
TX-13955,2024-06-11,CUST-0198,Noise-Cancelling Headphones,Electronics,1,250.0,South,Consumer,PayPal,250.0
TX-14763,2024-11-24,CUST-0325,Pro Laptop,Electronics,3,1200.0,South,Corporate,Bank Transfer,3600.0
TX-10152,2025-09-22,CUST-0215,Premium Tablet,Electronics,3,558.0,East,Consumer,Bank Transfer,1674.0
TX-12570,2024-02-27,CUST-0232,Desk Mat,Accessories,2,25.0,East,Small Business,Cash,50.0
TX-14715,2025-10-04,CUST-0048,Whiteboard,Office Supplies,3,79.99,East,Consumer,Cash,239.96999999999997
TX-13454,2025-01-30,CUST-0315,Gel Pens 12-Pack,Office Supplies,3,12.99,North,Small Business,Cash,38.97
TX-11505,2024-02-16,CUST-0158,Gel Pens 12-Pack,Office Supplies,5,12.99,North,Corporate,PayPal,64.95
TX-13528,2024-08-13,CUST-0038,Pro Laptop,Electronics,3,1200.0,South,Small Business,PayPal,3600.0
TX-11654,2025-08-18,CUST-0221,Smartwatch,Electronics,5,200.0,East,Corporate,Cash,1000.0
TX-12905,2025-08-23,CUST-0257,Mechanical Keyboard,Accessories,1,99.99,West,Small Business,Bank Transfer,99.99
TX-11115,2025-12-29,CUST-0204,Laptop Sleeve,Accessories,3,29.99,North,Corporate,PayPal,89.97
TX-14851,2024-10-12,CUST-0184,USB-C Multi-Hub,Accessories,3,39.99,West,Small Business,PayPal,119.97
TX-11397,2025-10-17,CUST-0155,USB-C Multi-Hub,Accessories,1,39.99,South,Small Business,Cash,39.99
TX-13001,2024-12-29,CUST-0369,Pro Laptop,Electronics,1,1200.0,West,Small Business,Bank Transfer,1200.0
TX-10031,2025-12-11,CUST-UNKNOWN,Noise-Cancelling Headphones,Electronics,2,250.0,West,Corporate,Bank Transfer,500.0
TX-10937,2025-12-31,CUST-0213,Whiteboard,Office Supplies,3,79.99,East,Small Business,Credit Card,239.96999999999997
TX-11258,2024-06-10,CUST-0016,Noise-Cancelling Headphones,Electronics,2,250.0,East,Consumer,Credit Card,500.0
TX-14145,2025-03-31,CUST-0142,Laptop Sleeve,Accessories,1,24.29,South,Consumer,PayPal,24.29
TX-11158,2025-05-15,CUST-0329,Laptop Sleeve,Accessories,2,29.99,East,Consumer,Credit Card,59.98
TX-10309,2025-12-19,CUST-0178,Laptop Sleeve,Accessories,3,29.99,North,Consumer,PayPal,89.97
TX-12974,2024-08-12,CUST-0378,Mechanical Keyboard,Accessories,2,99.99,North,Small Business,Cash,199.98
TX-14764,2024-02-08,CUST-0097,Gel Pens 12-Pack,Office Supplies,3,12.21,North,Small Business,Cash,36.63
TX-13159,2024-12-24,CUST-0146,Premium Notebook,Office Supplies,8,14.26,South,Corporate,Cash,114.08
TX-13745,2025-05-27,CUST-0174,Noise-Cancelling Headphones,Electronics,4,250.0,South,Small Business,Bank Transfer,1000.0
TX-10495,2025-05-14,CUST-0119,Noise-Cancelling Headphones,Electronics,3,230.0,South,Small Business,PayPal,690.0
TX-10205,2024-05-26,CUST-UNKNOWN,Smartwatch,Electronics,3,162.0,West,Consumer,Bank Transfer,486.0
TX-14205,2025-04-21,CUST-0356,Gel Pens 12-Pack,Office Supplies,4,12.34,West,Consumer,Bank Transfer,49.36
TX-13407,2024-10-11,CUST-0001,Whiteboard,Office Supplies,4,79.99,North,Consumer,Credit Card,319.96
TX-13885,2025-01-17,CUST-0287,Wireless Mouse,Accessories,2,49.99,East,Small Business,Cash,99.98
TX-10305,2025-02-15,CUST-0275,Laptop Sleeve,Accessories,2,28.19,West,Small Business,Bank Transfer,56.38
TX-14703,2024-07-11,CUST-0295,Premium Tablet,Electronics,1,600.0,West,Small Business,Bank Transfer,600.0
TX-12743,2025-05-29,CUST-0390,Ergonomic Chair,Office Supplies,1,245.99,South,Small Business,Cash,245.99
TX-11061,2025-08-04,CUST-0017,Premium Tablet,Electronics,7,600.0,South,Corporate,Cash,4200.0
TX-10843,2025-05-24,CUST-0069,Pro Laptop,Electronics,1,1200.0,East,Consumer,Credit Card,1200.0
TX-12753,2024-03-24,CUST-0148,Premium Notebook,Office Supplies,2,12.87,South,Small Business,Credit Card,25.74
TX-12282,2024-04-02,CUST-0267,Smartwatch,Electronics,3,168.0,West,Consumer,Cash,504.0
TX-10211,2024-07-14,CUST-0194,Laptop Sleeve,Accessories,3,25.19,South,Small Business,Credit Card,75.57000000000001
TX-14693,2024-07-24,CUST-0236,Noise-Cancelling Headphones,Electronics,4,250.0,South,Consumer,PayPal,1000.0
TX-10679,2025-06-12,CUST-0347,Premium Tablet,Electronics,2,600.0,West,Corporate,Cash,1200.0
TX-10565,2024-09-23,CUST-0080,Ergonomic Chair,Office Supplies,2,299.99,East,Corporate,PayPal,599.98
TX-12194,2025-04-13,CUST-0016,Desk Mat,Accessories,2,25.0,East,Consumer,PayPal,50.0
TX-13633,2025-08-01,CUST-0199,Laptop Sleeve,Accessories,4,29.99,West,Consumer,Credit Card,119.96
TX-10680,2025-06-18,CUST-0060,Noise-Cancelling Headphones,Electronics,1,250.0,South,Small Business,Credit Card,250.0
TX-10180,2024-10-23,CUST-0005,Whiteboard,Office Supplies,1,79.99,North,Small Business,Bank Transfer,79.99
TX-12699,2024-11-08,CUST-0024,Standing Desk,Office Supplies,3,450.0,North,Small Business,PayPal,1350.0
TX-12456,2025-01-04,CUST-0161,Smartwatch,Electronics,4,200.0,East,Consumer,Cash,800.0
TX-12348,2025-05-28,CUST-0020,USB-C Multi-Hub,Accessories,9,39.99,East,Corporate,Cash,359.91
TX-14299,2025-12-07,CUST-0340,Standing Desk,Office Supplies,2,450.0,West,Corporate,Cash,900.0
TX-10278,2024-07-30,CUST-0106,4K Monitor,Electronics,3,350.0,South,Small Business,Bank Transfer,1050.0
TX-14895,2025-12-03,CUST-0030,Premium Tablet,Electronics,3,600.0,North,Consumer,Credit Card,1800.0
TX-14403,2024-01-11,CUST-0314,Wireless Mouse,Accessories,9,49.99,North,Corporate,Bank Transfer,449.91
TX-10432,2024-09-11,CUST-0247,Gel Pens 12-Pack,Office Supplies,2,10.52,West,Small Business,Credit Card,21.04
TX-10289,2024-03-25,CUST-0191,Mechanical Keyboard,Accessories,2,99.99,East,Corporate,Cash,199.98
TX-11027,2025-09-27,CUST-0125,Pro Laptop,Electronics,1,1200.0,South,Consumer,PayPal,1200.0
TX-10535,2024-07-13,CUST-0103,Premium Tablet,Electronics,3,600.0,East,Consumer,PayPal,1800.0
TX-13480,2024-07-20,CUST-0328,Pro Laptop,Electronics,4,1200.0,North,Consumer,Bank Transfer,4800.0
TX-10188,2025-05-29,CUST-0361,Ergonomic Chair,Office Supplies,3,299.99,South,Consumer,Bank Transfer,899.97
TX-13422,2024-10-13,CUST-0201,4K Monitor,Electronics,3,308.0,East,Corporate,Cash,924.0
TX-13971,2025-05-07,CUST-0245,Noise-Cancelling Headphones,Electronics,5,250.0,West,Corporate,Credit Card,1250.0
TX-13142,2025-11-19,CUST-0076,Noise-Cancelling Headphones,Electronics,2,250.0,East,Small Business,Cash,500.0
TX-10270,2025-05-16,CUST-0148,Premium Tablet,Electronics,3,600.0,South,Small Business,Cash,1800.0
TX-14325,2024-09-19,CUST-0266,Gel Pens 12-Pack,Office Supplies,3,12.99,South,Consumer,Credit Card,38.97
TX-14110,2024-03-15,CUST-0275,Premium Tablet,Electronics,3,600.0,West,Small Business,Bank Transfer,1800.0
TX-12187,2024-10-19,CUST-0366,Premium Notebook,Office Supplies,4,15.5,West,Corporate,Cash,62.0
TX-13749,2025-05-23,CUST-0246,Ergonomic Chair,Office Supplies,2,299.99,South,Small Business,Credit Card,599.98
TX-10111,2025-01-18,CUST-0164,Noise-Cancelling Headphones,Electronics,2,202.5,East,Consumer,PayPal,405.0
TX-12610,2025-05-23,CUST-0050,Pro Laptop,Electronics,3,1104.0,West,Consumer,Bank Transfer,3312.0
TX-10220,2025-05-15,CUST-0371,Desk Mat,Accessories,9,25.0,South,Corporate,PayPal,225.0
TX-12819,2025-01-02,CUST-0263,Premium Tablet,Electronics,2,600.0,West,Consumer,Cash,1200.0
TX-10627,2025-06-26,CUST-0157,Gel Pens 12-Pack,Office Supplies,4,11.04,East,Consumer,PayPal,44.16
TX-11212,2024-12-25,CUST-0127,Ergonomic Chair,Office Supplies,2,254.99,South,Consumer,Credit Card,509.98
TX-13406,2025-07-19,CUST-0177,Premium Notebook,Office Supplies,6,15.5,West,Corporate,Credit Card,93.0
TX-14931,2025-09-28,CUST-0202,Smartwatch,Electronics,4,200.0,South,Corporate,Cash,800.0
TX-10790,2025-11-29,CUST-0178,Gel Pens 12-Pack,Office Supplies,1,12.34,North,Consumer,Bank Transfer,12.34
TX-12025,2025-05-18,CUST-0203,Mechanical Keyboard,Accessories,4,99.99,South,Small Business,Cash,399.96
TX-10461,2025-07-17,CUST-0184,Noise-Cancelling Headphones,Electronics,2,250.0,West,Small Business,PayPal,500.0
TX-14428,2025-07-26,CUST-0371,Wireless Mouse,Accessories,2,49.99,East,Corporate,PayPal,99.98
TX-10551,2025-11-26,CUST-0102,Laptop Sleeve,Accessories,2,29.99,North,Consumer,Bank Transfer,59.98
TX-12389,2025-01-25,CUST-0353,Noise-Cancelling Headphones,Electronics,7,250.0,West,Corporate,Bank Transfer,1750.0
TX-12445,2025-02-06,CUST-0190,Ergonomic Chair,Office Supplies,1,299.99,South,Consumer,PayPal,299.99
TX-10198,2025-01-21,CUST-0193,4K Monitor,Electronics,2,280.0,South,Small Business,Bank Transfer,560.0
TX-12627,2025-04-18,CUST-0212,Mechanical Keyboard,Accessories,8,99.99,North,Corporate,Bank Transfer,799.92
TX-11705,2024-09-20,CUST-0066,Whiteboard,Office Supplies,3,79.99,North,Small Business,Credit Card,239.96999999999997
TX-10402,2025-05-27,CUST-0062,Desk Mat,Accessories,10,25.0,North,Corporate,Bank Transfer,250.0
TX-14936,2025-01-21,CUST-0230,Ergonomic Chair,Office Supplies,4,299.99,North,Small Business,Cash,1199.96
TX-14411,2024-08-22,CUST-0368,Ergonomic Chair,Office Supplies,1,275.99,East,Consumer,Bank Transfer,275.99
TX-14792,2024-05-31,CUST-0372,USB-C Multi-Hub,Accessories,8,39.99,East,Corporate,PayPal,319.92
TX-14988,2025-09-09,CUST-0157,Desk Mat,Accessories,4,25.0,East,Consumer,PayPal,100.0
TX-12242,2024-03-20,CUST-0315,Smartwatch,Electronics,4,200.0,South,Small Business,Cash,800.0
TX-14919,2024-02-22,CUST-0393,Smartwatch,Electronics,7,200.0,East,Corporate,Credit Card,1400.0
TX-10650,2025-01-28,CUST-0373,Laptop Sleeve,Accessories,4,29.99,East,Corporate,Cash,119.96
TX-10708,2024-05-19,CUST-0329,Gel Pens 12-Pack,Office Supplies,4,12.99,East,Consumer,PayPal,51.96
TX-14587,2025-03-18,CUST-0106,Noise-Cancelling Headphones,Electronics,4,250.0,South,Small Business,Cash,1000.0
TX-14440,2024-06-06,CUST-0212,Premium Notebook,Office Supplies,9,15.5,North,Corporate,PayPal,139.5
TX-11912,2024-12-21,CUST-0191,Premium Notebook,Office Supplies,6,15.5,East,Corporate,PayPal,93.0
TX-13116,2025-05-16,CUST-0254,Premium Tablet,Electronics,1,600.0,North,Consumer,Cash,600.0
TX-11945,2024-04-25,CUST-0269,USB-C Multi-Hub,Accessories,10,39.99,East,Corporate,Credit Card,399.90000000000003
TX-10314,2024-09-07,CUST-0187,Standing Desk,Office Supplies,2,450.0,South,Small Business,Credit Card,900.0
TX-12815,2024-12-02,CUST-0233,Smartwatch,Electronics,3,200.0,West,Corporate,Cash,600.0
TX-14500,2024-12-15,CUST-0018,4K Monitor,Electronics,3,350.0,North,Consumer,Bank Transfer,1050.0
TX-10113,2024-01-20,CUST-0077,Laptop Sleeve,Accessories,4,29.99,South,Consumer,Credit Card,119.96
TX-10960,2025-06-24,CUST-0313,Smartwatch,Electronics,9,200.0,West,Corporate,PayPal,1800.0
TX-12952,2025-05-01,CUST-0311,Smartwatch,Electronics,2,200.0,East,Corporate,Bank Transfer,400.0
TX-12288,2024-05-03,CUST-0331,Standing Desk,Office Supplies,3,450.0,West,Corporate,Cash,1350.0
TX-13828,2024-10-09,CUST-0092,Mechanical Keyboard,Accessories,10,99.99,East,Corporate,Bank Transfer,999.9
TX-13371,2024-01-05,CUST-0083,Laptop Sleeve,Accessories,1,27.89,South,Consumer,Bank Transfer,27.89
TX-11614,2025-07-04,CUST-0068,Whiteboard,Office Supplies,1,79.99,East,Small Business,Credit Card,79.99
TX-14048,2025-05-29,CUST-0185,Ergonomic Chair,Office Supplies,3,299.99,North,Consumer,Credit Card,899.97
TX-11323,2025-08-03,CUST-0017,Noise-Cancelling Headphones,Electronics,7,250.0,South,Corporate,Cash,1750.0
TX-13464,2025-11-27,CUST-0074,Premium Tablet,Electronics,4,600.0,South,Small Business,PayPal,2400.0
TX-14554,2025-03-11,CUST-0037,Noise-Cancelling Headphones,Electronics,1,250.0,North,Small Business,Cash,250.0
TX-14421,2024-09-26,CUST-0372,4K Monitor,Electronics,10,350.0,East,Corporate,PayPal,3500.0
TX-11966,2024-11-16,CUST-0390,Pro Laptop,Electronics,1,1044.0,South,Small Business,Bank Transfer,1044.0
TX-12450,2025-04-15,CUST-0008,Mechanical Keyboard,Accessories,4,99.99,South,Consumer,Credit Card,399.96
TX-14811,2025-03-02,CUST-0213,Pro Laptop,Electronics,2,1200.0,East,Small Business,Credit Card,2400.0
TX-13377,2024-12-05,CUST-0340,Standing Desk,Office Supplies,8,450.0,West,Corporate,Credit Card,3600.0
TX-14216,2025-06-18,CUST-0226,Pro Laptop,Electronics,9,1200.0,South,Corporate,Credit Card,10800.0
TX-14901,2025-11-05,CUST-0225,Wireless Mouse,Accessories,2,49.99,West,Consumer,PayPal,99.98
TX-12617,2024-05-28,CUST-0024,Pro Laptop,Electronics,1,1200.0,North,Small Business,Bank Transfer,1200.0
TX-14030,2025-04-08,CUST-0399,Gel Pens 12-Pack,Office Supplies,1,11.82,West,Consumer,Credit Card,11.82
TX-14387,2025-02-19,CUST-0248,Laptop Sleeve,Accessories,1,29.99,South,Small Business,Cash,29.99
TX-14239,2024-06-18,CUST-0040,Noise-Cancelling Headphones,Electronics,8,250.0,West,Corporate,Credit Card,2000.0
TX-14400,2024-05-15,CUST-0387,Pro Laptop,Electronics,4,1200.0,South,Corporate,Cash,4800.0
TX-14930,2024-02-14,CUST-0152,Desk Mat,Accessories,2,25.0,South,Small Business,PayPal,50.0
TX-12287,2025-11-04,CUST-0374,Smartwatch,Electronics,2,200.0,West,Corporate,PayPal,400.0
TX-10789,2025-05-23,CUST-0078,4K Monitor,Electronics,1,350.0,East,Consumer,Bank Transfer,350.0
TX-14348,2025-07-11,CUST-0058,USB-C Multi-Hub,Accessories,2,39.99,North,Consumer,Cash,79.98
TX-11870,2024-07-16,CUST-0395,Standing Desk,Office Supplies,3,450.0,East,Consumer,Credit Card,1350.0
TX-12091,2024-12-15,CUST-0332,Noise-Cancelling Headphones,Electronics,3,250.0,South,Consumer,Cash,750.0
TX-10871,2024-10-11,CUST-0091,Wireless Mouse,Accessories,4,40.99,South,Small Business,Credit Card,163.96
TX-11738,2025-10-20,CUST-0295,Pro Laptop,Electronics,2,1200.0,West,Small Business,Bank Transfer,2400.0
TX-11360,2024-06-03,CUST-0204,Desk Mat,Accessories,10,22.75,North,Corporate,Bank Transfer,227.5
TX-14466,2025-11-18,CUST-0304,4K Monitor,Electronics,8,311.5,North,Corporate,Cash,2492.0
TX-10073,2024-12-25,CUST-0290,Desk Mat,Accessories,3,25.0,West,Corporate,PayPal,75.0
TX-12420,2025-01-31,CUST-0127,Noise-Cancelling Headphones,Electronics,3,215.0,South,Consumer,PayPal,645.0
TX-12468,2024-05-19,CUST-0038,Whiteboard,Office Supplies,3,79.99,South,Small Business,Credit Card,239.96999999999997
TX-11375,2025-10-17,CUST-0113,Mechanical Keyboard,Accessories,3,85.99,West,Small Business,Cash,257.96999999999997
TX-13053,2025-05-01,CUST-0295,USB-C Multi-Hub,Accessories,1,39.99,West,Small Business,Credit Card,39.99
TX-13039,2024-01-04,CUST-0305,Standing Desk,Office Supplies,3,450.0,North,Consumer,Bank Transfer,1350.0
TX-14601,2024-07-31,CUST-0128,Gel Pens 12-Pack,Office Supplies,10,10.52,West,Corporate,Cash,105.19999999999999
TX-14725,2024-03-07,CUST-0063,Desk Mat,Accessories,1,21.5,West,Small Business,Credit Card,21.5
TX-12275,2024-05-14,CUST-0330,Noise-Cancelling Headphones,Electronics,7,250.0,North,Corporate,Credit Card,1750.0
TX-13439,2024-06-12,CUST-0284,Noise-Cancelling Headphones,Electronics,4,250.0,South,Small Business,Credit Card,1000.0
TX-11767,2024-07-02,CUST-0093,Smartwatch,Electronics,3,162.0,East,Corporate,Bank Transfer,486.0
TX-10494,2025-11-06,CUST-0075,Desk Mat,Accessories,3,25.0,North,Small Business,Credit Card,75.0
TX-13176,2024-09-07,CUST-0329,4K Monitor,Electronics,2,315.0,East,Consumer,PayPal,630.0
TX-12220,2025-06-06,CUST-0023,Smartwatch,Electronics,6,200.0,North,Corporate,Bank Transfer,1200.0
TX-11295,2025-08-07,CUST-0200,4K Monitor,Electronics,2,350.0,South,Small Business,Credit Card,700.0
TX-11164,2025-10-30,CUST-0132,Pro Laptop,Electronics,3,1200.0,North,Corporate,Bank Transfer,3600.0
TX-12317,2024-01-09,CUST-0296,USB-C Multi-Hub,Accessories,4,39.99,South,Corporate,PayPal,159.96
TX-11773,2025-07-30,CUST-0192,Premium Tablet,Electronics,5,552.0,North,Corporate,Cash,2760.0
TX-13659,2024-09-17,CUST-0253,Standing Desk,Office Supplies,1,450.0,South,Consumer,PayPal,450.0
TX-14043,2025-05-12,CUST-0210,Laptop Sleeve,Accessories,5,28.19,South,Corporate,Bank Transfer,140.95000000000002
TX-11744,2025-07-14,CUST-0332,Gel Pens 12-Pack,Office Supplies,3,12.99,South,Consumer,PayPal,38.97
TX-10618,2024-08-27,CUST-0103,USB-C Multi-Hub,Accessories,2,37.59,East,Consumer,Credit Card,75.18
TX-11740,2025-08-10,CUST-0020,Gel Pens 12-Pack,Office Supplies,2,12.99,East,Corporate,PayPal,25.98
TX-11729,2025-09-04,CUST-0242,Smartwatch,Electronics,3,200.0,East,Consumer,Credit Card,600.0
TX-13161,2025-02-21,CUST-0195,Premium Tablet,Electronics,8,600.0,North,Corporate,Credit Card,4800.0
TX-14010,2024-08-16,CUST-0373,Wireless Mouse,Accessories,10,44.49,East,Corporate,PayPal,444.90000000000003
TX-12940,2025-01-27,CUST-0010,Noise-Cancelling Headphones,Electronics,3,250.0,South,Small Business,Cash,750.0
TX-13460,2024-11-04,CUST-0337,Ergonomic Chair,Office Supplies,2,299.99,West,Small Business,PayPal,599.98
TX-10869,2024-09-08,CUST-0159,Gel Pens 12-Pack,Office Supplies,4,12.99,North,Consumer,Cash,51.96
TX-12758,2024-05-23,CUST-0365,Ergonomic Chair,Office Supplies,4,299.99,West,Small Business,Credit Card,1199.96
TX-11042,2024-12-01,CUST-0065,Laptop Sleeve,Accessories,4,29.99,East,Small Business,PayPal,119.96
TX-13257,2025-02-12,CUST-0349,Premium Tablet,Electronics,3,600.0,East,Corporate,Credit Card,1800.0
TX-10356,2024-04-13,CUST-0296,Mechanical Keyboard,Accessories,4,81.99,South,Corporate,Cash,327.96
TX-11162,2025-07-05,CUST-0334,Premium Tablet,Electronics,1,600.0,East,Small Business,PayPal,600.0
TX-12805,2024-09-12,CUST-0152,4K Monitor,Electronics,1,350.0,South,Small Business,Cash,350.0
TX-13690,2025-04-05,CUST-0175,4K Monitor,Electronics,3,350.0,East,Consumer,PayPal,1050.0
TX-13707,2025-07-03,CUST-0301,Noise-Cancelling Headphones,Electronics,4,250.0,West,Small Business,Credit Card,1000.0
TX-13496,2024-06-19,CUST-0248,Gel Pens 12-Pack,Office Supplies,4,10.91,South,Small Business,Credit Card,43.64
TX-11807,2025-12-01,CUST-UNKNOWN,Wireless Mouse,Accessories,4,49.99,East,Consumer,Credit Card,199.96
TX-13731,2025-03-16,CUST-0324,Wireless Mouse,Accessories,1,49.99,North,Small Business,Bank Transfer,49.99
TX-13693,2024-11-26,CUST-0241,Premium Notebook,Office Supplies,2,15.5,North,Corporate,Bank Transfer,31.0
TX-13918,2025-03-05,CUST-0089,Pro Laptop,Electronics,8,1200.0,South,Corporate,PayPal,9600.0
TX-12890,2024-01-26,CUST-0055,Wireless Mouse,Accessories,7,43.99,West,Corporate,PayPal,307.93
TX-10332,2025-12-03,CUST-0331,4K Monitor,Electronics,6,329.0,West,Corporate,Credit Card,1974.0
TX-14394,2025-12-24,CUST-0121,Whiteboard,Office Supplies,3,79.99,West,Consumer,PayPal,239.96999999999997
TX-12776,2025-12-01,CUST-0084,Pro Laptop,Electronics,4,1200.0,South,Small Business,Bank Transfer,4800.0
TX-12342,2025-03-26,CUST-0131,Gel Pens 12-Pack,Office Supplies,8,11.17,South,Corporate,PayPal,89.36
TX-13721,2025-02-05,CUST-0228,USB-C Multi-Hub,Accessories,1,39.99,East,Small Business,Cash,39.99
TX-13048,2024-11-11,CUST-0358,Whiteboard,Office Supplies,3,79.99,East,Corporate,Credit Card,239.96999999999997
TX-11116,2024-06-18,CUST-0219,Premium Notebook,Office Supplies,4,15.5,North,Small Business,Bank Transfer,62.0
TX-14255,2025-06-24,CUST-0147,Gel Pens 12-Pack,Office Supplies,2,12.99,North,Small Business,Cash,25.98
TX-13606,2025-02-13,CUST-0232,Ergonomic Chair,Office Supplies,2,299.99,East,Small Business,Credit Card,599.98
TX-12554,2024-11-14,CUST-0365,4K Monitor,Electronics,4,350.0,West,Small Business,Bank Transfer,1400.0
TX-12653,2025-09-30,CUST-0120,Premium Tablet,Electronics,1,600.0,West,Consumer,PayPal,600.0
TX-13313,2024-01-16,CUST-0249,Wireless Mouse,Accessories,10,42.99,North,Corporate,Cash,429.90000000000003
TX-13403,2025-05-24,CUST-0287,Wireless Mouse,Accessories,2,49.99,East,Small Business,Cash,99.98
TX-10445,2025-03-19,CUST-0300,Whiteboard,Office Supplies,2,79.99,East,Small Business,PayPal,159.98
TX-12276,2024-11-27,CUST-0018,Mechanical Keyboard,Accessories,4,99.99,North,Consumer,PayPal,399.96
TX-10452,2025-03-08,CUST-0268,Pro Laptop,Electronics,4,1128.0,West,Small Business,PayPal,4512.0
TX-11593,2025-04-16,CUST-0188,4K Monitor,Electronics,7,350.0,North,Corporate,Bank Transfer,2450.0
TX-14460,2024-05-14,CUST-0279,Gel Pens 12-Pack,Office Supplies,2,12.99,East,Corporate,Credit Card,25.98
TX-12997,2025-10-06,CUST-0129,Ergonomic Chair,Office Supplies,2,299.99,West,Consumer,Credit Card,599.98
TX-10014,2025-02-17,CUST-0264,4K Monitor,Electronics,4,304.5,South,Small Business,Cash,1218.0
TX-12663,2025-07-13,CUST-0398,Smartwatch,Electronics,3,200.0,North,Corporate,Bank Transfer,600.0
TX-10945,2024-04-13,CUST-0253,Standing Desk,Office Supplies,2,450.0,South,Consumer,Credit Card,900.0
TX-10247,2025-02-11,CUST-0164,Gel Pens 12-Pack,Office Supplies,2,12.99,East,Consumer,Bank Transfer,25.98
TX-13265,2024-04-13,CUST-0337,Pro Laptop,Electronics,3,1200.0,West,Small Business,Bank Transfer,3600.0
TX-10360,2025-02-23,CUST-0370,Laptop Sleeve,Accessories,6,29.99,South,Corporate,Bank Transfer,179.94
TX-14683,2024-07-11,CUST-0096,4K Monitor,Electronics,10,350.0,North,Corporate,Cash,3500.0
TX-14176,2024-10-18,CUST-0080,Whiteboard,Office Supplies,2,74.39,East,Corporate,PayPal,148.78
TX-13725,2025-05-01,CUST-0145,Noise-Cancelling Headphones,Electronics,2,250.0,North,Small Business,Credit Card,500.0
TX-14633,2025-06-03,CUST-0388,Mechanical Keyboard,Accessories,2,99.99,North,Consumer,Cash,199.98
TX-14210,2024-01-02,CUST-0175,Smartwatch,Electronics,1,178.0,East,Consumer,Cash,178.0
TX-14072,2025-01-30,CUST-0368,4K Monitor,Electronics,4,350.0,East,Consumer,Cash,1400.0
TX-12622,2024-02-04,CUST-0170,Pro Laptop,Electronics,4,1200.0,East,Consumer,PayPal,4800.0
TX-13542,2025-01-13,CUST-0380,Wireless Mouse,Accessories,3,49.99,South,Small Business,Credit Card,149.97
TX-11595,2025-04-02,CUST-0167,Ergonomic Chair,Office Supplies,1,299.99,North,Small Business,Bank Transfer,299.99
TX-14914,2024-12-17,CUST-0035,Premium Notebook,Office Supplies,4,14.72,South,Small Business,PayPal,58.88
TX-12894,2025-06-05,CUST-0201,Gel Pens 12-Pack,Office Supplies,7,12.99,East,Corporate,Cash,90.93
TX-10490,2025-07-18,CUST-0134,Laptop Sleeve,Accessories,9,29.99,East,Corporate,PayPal,269.90999999999997
TX-10862,2024-11-05,CUST-0154,Whiteboard,Office Supplies,7,79.99,East,Corporate,PayPal,559.93
TX-12232,2025-04-03,CUST-0054,USB-C Multi-Hub,Accessories,3,39.99,West,Small Business,PayPal,119.97
TX-12304,2024-11-05,CUST-0331,4K Monitor,Electronics,7,350.0,West,Corporate,Credit Card,2450.0
TX-12458,2024-07-08,CUST-0039,4K Monitor,Electronics,2,294.0,South,Consumer,Bank Transfer,588.0
TX-12481,2024-09-04,CUST-0173,Smartwatch,Electronics,1,200.0,East,Small Business,Cash,200.0
TX-11662,2024-06-24,CUST-0081,Mechanical Keyboard,Accessories,3,99.99,North,Consumer,Cash,299.96999999999997
TX-10506,2024-08-09,CUST-0230,Desk Mat,Accessories,4,25.0,North,Small Business,PayPal,100.0
TX-14064,2024-07-25,CUST-0019,Whiteboard,Office Supplies,1,79.99,West,Consumer,Credit Card,79.99
TX-13126,2024-12-18,CUST-0380,Pro Laptop,Electronics,3,1200.0,South,Small Business,Cash,3600.0
TX-14105,2024-01-26,CUST-0165,Desk Mat,Accessories,4,25.0,West,Small Business,Credit Card,100.0
TX-11222,2025-06-09,CUST-0039,Smartwatch,Electronics,4,200.0,South,Consumer,Cash,800.0
TX-11113,2025-10-08,CUST-0015,Mechanical Keyboard,Accessories,6,99.99,West,Corporate,Cash,599.9399999999999
TX-12145,2025-07-19,CUST-0321,Ergonomic Chair,Office Supplies,4,299.99,North,Small Business,PayPal,1199.96
TX-13473,2024-02-23,CUST-0059,Premium Tablet,Electronics,3,600.0,South,Small Business,Bank Transfer,1800.0
TX-13012,2024-03-23,CUST-0201,4K Monitor,Electronics,4,315.0,East,Corporate,PayPal,1260.0
TX-14699,2024-05-27,CUST-0233,USB-C Multi-Hub,Accessories,3,32.39,West,Corporate,Credit Card,97.17
TX-10433,2025-06-01,CUST-0254,Pro Laptop,Electronics,4,1200.0,North,Consumer,Bank Transfer,4800.0
TX-12095,2024-03-02,CUST-0269,Standing Desk,Office Supplies,8,450.0,East,Corporate,Credit Card,3600.0
TX-13418,2024-10-15,CUST-0300,Smartwatch,Electronics,2,200.0,East,Small Business,Cash,400.0
TX-12877,2024-06-04,CUST-0071,Mechanical Keyboard,Accessories,10,99.99,South,Corporate,Cash,999.9
TX-12121,2024-11-02,CUST-0353,Premium Tablet,Electronics,9,534.0,West,Corporate,Cash,4806.0
TX-13967,2025-12-28,CUST-0094,Premium Notebook,Office Supplies,1,15.5,West,Consumer,Bank Transfer,15.5
TX-13209,2025-07-13,CUST-0030,Whiteboard,Office Supplies,3,79.99,North,Consumer,Credit Card,239.96999999999997
TX-13724,2024-09-16,CUST-0015,Smartwatch,Electronics,8,200.0,West,Corporate,Cash,1600.0
TX-13849,2025-03-24,CUST-0384,Smartwatch,Electronics,9,200.0,South,Corporate,Bank Transfer,1800.0
TX-13181,2025-12-27,CUST-0174,Mechanical Keyboard,Accessories,1,99.99,South,Small Business,PayPal,99.99
TX-11102,2025-03-12,CUST-0372,Premium Notebook,Office Supplies,4,15.5,East,Corporate,PayPal,62.0
TX-11482,2025-06-21,CUST-0219,Premium Notebook,Office Supplies,4,15.5,North,Small Business,Bank Transfer,62.0
TX-11491,2024-08-15,CUST-0373,Noise-Cancelling Headphones,Electronics,4,250.0,East,Corporate,Bank Transfer,1000.0
TX-12168,2024-08-01,CUST-0014,4K Monitor,Electronics,1,350.0,South,Small Business,Bank Transfer,350.0
TX-13897,2025-12-17,CUST-0177,Whiteboard,Office Supplies,9,79.99,West,Corporate,Credit Card,719.91
TX-10156,2025-03-17,CUST-0069,Premium Notebook,Office Supplies,4,14.57,East,Consumer,Bank Transfer,58.28
TX-13022,2025-03-05,CUST-0011,Mechanical Keyboard,Accessories,4,99.99,West,Consumer,Cash,399.96
TX-14729,2025-11-15,CUST-0239,Gel Pens 12-Pack,Office Supplies,1,12.99,South,Small Business,Credit Card,12.99
TX-10615,2024-11-27,CUST-0295,Pro Laptop,Electronics,4,1200.0,West,Small Business,Cash,4800.0
TX-10643,2024-02-13,CUST-0126,Laptop Sleeve,Accessories,4,29.99,North,Consumer,Credit Card,119.96
TX-14646,2024-12-10,CUST-0187,Standing Desk,Office Supplies,1,450.0,South,Small Business,Cash,450.0
TX-12715,2024-03-05,CUST-0271,Premium Notebook,Office Supplies,1,15.5,West,Consumer,Cash,15.5
TX-11068,2025-03-18,CUST-0364,Desk Mat,Accessories,2,25.0,South,Small Business,Bank Transfer,50.0
TX-13580,2025-03-03,CUST-0070,Standing Desk,Office Supplies,10,450.0,East,Corporate,Credit Card,4500.0
TX-12858,2024-02-21,CUST-0207,Laptop Sleeve,Accessories,5,29.99,West,Corporate,Cash,149.95
TX-14265,2025-11-27,CUST-0174,Pro Laptop,Electronics,2,1200.0,South,Small Business,Cash,2400.0
TX-14471,2024-09-28,CUST-0027,Smartwatch,Electronics,1,200.0,South,Small Business,Cash,200.0
TX-10330,2024-06-27,CUST-0016,Gel Pens 12-Pack,Office Supplies,2,12.99,East,Consumer,Credit Card,25.98
TX-12813,2025-12-12,CUST-0338,Wireless Mouse,Accessories,2,49.99,East,Consumer,PayPal,99.98
TX-12685,2024-04-29,CUST-0037,Gel Pens 12-Pack,Office Supplies,2,11.69,North,Small Business,Credit Card,23.38
TX-12222,2024-04-20,CUST-0238,Desk Mat,Accessories,2,20.5,West,Small Business,PayPal,41.0
TX-10622,2025-11-10,CUST-0131,Pro Laptop,Electronics,6,1200.0,South,Corporate,PayPal,7200.0
TX-13809,2024-07-15,CUST-0020,Noise-Cancelling Headphones,Electronics,9,227.5,East,Corporate,PayPal,2047.5
TX-12357,2025-07-12,CUST-0043,Noise-Cancelling Headphones,Electronics,4,250.0,East,Consumer,PayPal,1000.0
TX-13469,2025-07-10,CUST-0105,Premium Tablet,Electronics,4,600.0,West,Consumer,Cash,2400.0
TX-12943,2025-04-19,CUST-0197,Gel Pens 12-Pack,Office Supplies,2,12.99,South,Consumer,Cash,25.98
TX-12099,2025-03-24,CUST-0069,Premium Tablet,Electronics,4,600.0,East,Consumer,Cash,2400.0
TX-13882,2024-03-26,CUST-0206,Noise-Cancelling Headphones,Electronics,2,250.0,South,Consumer,Credit Card,500.0
TX-12749,2024-07-01,CUST-0095,Pro Laptop,Electronics,1,1200.0,South,Consumer,Bank Transfer,1200.0
TX-10755,2024-02-11,CUST-0324,Desk Mat,Accessories,2,25.0,North,Small Business,Credit Card,50.0
TX-10518,2025-05-10,CUST-UNKNOWN,USB-C Multi-Hub,Accessories,8,39.99,North,Corporate,PayPal,319.92
TX-13857,2025-09-10,CUST-0240,Standing Desk,Office Supplies,9,450.0,East,Corporate,Bank Transfer,4050.0
TX-10032,2025-03-17,CUST-0075,4K Monitor,Electronics,4,329.0,North,Small Business,PayPal,1316.0
TX-13192,2025-01-05,CUST-0194,Noise-Cancelling Headphones,Electronics,3,250.0,South,Small Business,PayPal,750.0
TX-11157,2025-10-27,CUST-0324,Desk Mat,Accessories,3,23.5,North,Small Business,Credit Card,70.5
TX-10744,2025-01-02,CUST-0250,Smartwatch,Electronics,2,190.0,East,Consumer,PayPal,380.0
TX-11436,2024-01-16,CUST-0369,Pro Laptop,Electronics,1,1104.0,West,Small Business,Credit Card,1104.0
TX-14991,2025-09-12,CUST-0025,Pro Laptop,Electronics,2,1200.0,East,Small Business,Cash,2400.0
TX-14600,2025-01-07,CUST-0307,Laptop Sleeve,Accessories,3,29.99,West,Consumer,Credit Card,89.97
TX-12629,2024-10-15,CUST-0223,Noise-Cancelling Headphones,Electronics,7,250.0,South,Corporate,Bank Transfer,1750.0
TX-10783,2025-10-25,CUST-0364,Premium Tablet,Electronics,3,600.0,South,Small Business,PayPal,1800.0
TX-11815,2025-12-30,CUST-0374,Laptop Sleeve,Accessories,7,29.99,South,Corporate,Cash,209.92999999999998
TX-13075,2025-02-15,CUST-0085,Desk Mat,Accessories,2,25.0,North,Consumer,Bank Transfer,50.0
TX-10229,2025-10-27,CUST-0048,Gel Pens 12-Pack,Office Supplies,4,12.34,East,Consumer,Cash,49.36
TX-10857,2025-05-15,CUST-0052,Mechanical Keyboard,Accessories,3,99.99,South,Small Business,Cash,299.96999999999997
TX-11532,2024-07-23,CUST-0356,4K Monitor,Electronics,4,301.0,West,Consumer,Bank Transfer,1204.0
TX-12394,2024-02-27,CUST-0195,Ergonomic Chair,Office Supplies,2,299.99,North,Corporate,Credit Card,599.98
TX-10408,2025-06-27,CUST-0098,Pro Laptop,Electronics,2,1200.0,South,Small Business,PayPal,2400.0
TX-10170,2024-07-15,CUST-0127,Whiteboard,Office Supplies,3,79.99,South,Consumer,PayPal,239.96999999999997
TX-10540,2024-02-03,CUST-0202,Mechanical Keyboard,Accessories,9,99.99,South,Corporate,Credit Card,899.91
TX-13299,2024-05-11,CUST-0035,Laptop Sleeve,Accessories,3,29.99,South,Small Business,Cash,89.97
TX-14181,2024-05-31,CUST-0245,Wireless Mouse,Accessories,8,41.99,West,Corporate,Bank Transfer,335.92
TX-12603,2025-06-04,CUST-0147,Desk Mat,Accessories,2,25.0,North,Small Business,Cash,50.0
TX-10613,2025-12-15,CUST-0247,Mechanical Keyboard,Accessories,4,99.99,West,Small Business,Cash,399.96
TX-11526,2024-04-26,CUST-0020,Gel Pens 12-Pack,Office Supplies,4,10.65,East,Corporate,Cash,42.6
TX-14874,2024-04-14,CUST-0206,Laptop Sleeve,Accessories,2,29.99,South,Consumer,Credit Card,59.98
TX-13488,2024-09-09,CUST-0187,Premium Tablet,Electronics,2,534.0,South,Small Business,Bank Transfer,1068.0
TX-11161,2025-07-04,CUST-0095,Ergonomic Chair,Office Supplies,4,245.99,South,Consumer,Cash,983.96
TX-14373,2024-09-02,CUST-0021,Whiteboard,Office Supplies,3,64.79,East,Consumer,Bank Transfer,194.37
TX-12561,2024-09-02,CUST-0224,Whiteboard,Office Supplies,4,79.99,North,Small Business,Bank Transfer,319.96
TX-12833,2024-08-08,CUST-0026,Ergonomic Chair,Office Supplies,2,299.99,East,Small Business,Cash,599.98
TX-13691,2025-07-26,CUST-0268,USB-C Multi-Hub,Accessories,3,39.99,West,Small Business,Cash,119.97
TX-11489,2024-10-29,CUST-0367,Wireless Mouse,Accessories,4,49.99,North,Consumer,Cash,199.96
TX-12229,2025-02-18,CUST-0266,Pro Laptop,Electronics,3,1200.0,South,Consumer,Credit Card,3600.0
TX-10564,2025-05-08,CUST-0277,Pro Laptop,Electronics,4,1200.0,West,Consumer,Bank Transfer,4800.0
TX-13624,2024-09-03,CUST-0300,Gel Pens 12-Pack,Office Supplies,1,12.99,East,Small Business,PayPal,12.99
TX-14273,2024-10-02,CUST-0041,Wireless Mouse,Accessories,4,49.99,East,Small Business,PayPal,199.96
TX-11839,2024-11-22,CUST-0059,Premium Tablet,Electronics,1,534.0,South,Small Business,PayPal,534.0
TX-11507,2024-01-22,CUST-0195,Noise-Cancelling Headphones,Electronics,7,250.0,North,Corporate,Credit Card,1750.0
TX-13548,2025-04-19,CUST-0321,Pro Laptop,Electronics,2,1116.0,North,Small Business,PayPal,2232.0
TX-11434,2025-09-22,CUST-0189,Standing Desk,Office Supplies,7,450.0,South,Corporate,Cash,3150.0
TX-14958,2024-03-22,CUST-0184,Gel Pens 12-Pack,Office Supplies,3,12.99,West,Small Business,Credit Card,38.97
TX-13527,2025-08-08,CUST-0156,Premium Notebook,Office Supplies,9,15.5,East,Corporate,Credit Card,139.5
TX-14399,2025-08-23,CUST-0245,USB-C Multi-Hub,Accessories,2,35.99,West,Corporate,Credit Card,71.98
TX-13954,2024-04-23,CUST-0159,Noise-Cancelling Headphones,Electronics,4,250.0,North,Consumer,PayPal,1000.0
TX-12519,2024-09-03,CUST-0215,Mechanical Keyboard,Accessories,1,99.99,East,Consumer,PayPal,99.99
TX-11419,2024-05-23,CUST-0003,Gel Pens 12-Pack,Office Supplies,1,10.91,South,Consumer,Bank Transfer,10.91
TX-11172,2024-11-19,CUST-0223,Ergonomic Chair,Office Supplies,5,299.99,South,Corporate,Credit Card,1499.95
TX-12086,2024-05-07,CUST-0362,Premium Notebook,Office Supplies,4,15.5,South,Small Business,Credit Card,62.0
TX-10325,2024-05-13,CUST-0122,Premium Notebook,Office Supplies,7,15.5,East,Corporate,Cash,108.5
TX-11051,2024-10-28,CUST-0263,Wireless Mouse,Accessories,3,46.99,West,Consumer,PayPal,140.97
TX-12988,2024-09-08,CUST-0084,Standing Desk,Office Supplies,4,450.0,South,Small Business,PayPal,1800.0
TX-13425,2024-08-02,CUST-0244,Smartwatch,Electronics,5,200.0,East,Corporate,PayPal,1000.0
TX-12927,2024-05-01,CUST-0126,USB-C Multi-Hub,Accessories,2,39.99,North,Consumer,Credit Card,79.98
TX-11480,2025-04-09,CUST-0195,Gel Pens 12-Pack,Office Supplies,4,12.99,North,Corporate,Bank Transfer,51.96
TX-13196,2024-01-03,CUST-0221,Pro Laptop,Electronics,2,1200.0,East,Corporate,PayPal,2400.0
TX-11196,2024-03-27,CUST-0271,Mechanical Keyboard,Accessories,4,99.99,West,Consumer,Credit Card,399.96
TX-10620,2024-01-24,CUST-0170,4K Monitor,Electronics,2,350.0,East,Consumer,PayPal,700.0
TX-11551,2024-05-14,CUST-0043,Ergonomic Chair,Office Supplies,1,299.99,East,Consumer,Cash,299.99
TX-12921,2025-05-17,CUST-0275,Smartwatch,Electronics,3,164.0,West,Small Business,PayPal,492.0
TX-11189,2025-11-21,CUST-0392,Mechanical Keyboard,Accessories,2,99.99,North,Small Business,Credit Card,199.98
TX-10328,2024-05-02,CUST-0047,Noise-Cancelling Headphones,Electronics,1,250.0,South,Small Business,PayPal,250.0
TX-10648,2025-12-30,CUST-0233,Noise-Cancelling Headphones,Electronics,7,250.0,West,Corporate,PayPal,1750.0
TX-10897,2024-11-27,CUST-0204,Mechanical Keyboard,Accessories,8,99.99,North,Corporate,Cash,799.92
TX-11504,2024-09-23,CUST-0028,Gel Pens 12-Pack,Office Supplies,2,12.99,North,Consumer,Bank Transfer,25.98
TX-11123,2024-05-07,CUST-0142,Noise-Cancelling Headphones,Electronics,3,250.0,South,Consumer,PayPal,750.0
TX-13375,2024-11-04,CUST-0057,Desk Mat,Accessories,1,21.25,West,Consumer,Bank Transfer,21.25
TX-14670,2025-10-27,CUST-0331,Noise-Cancelling Headphones,Electronics,8,202.5,West,Corporate,Cash,1620.0
TX-12807,2025-09-30,CUST-0357,Premium Notebook,Office Supplies,5,15.5,East,Corporate,Bank Transfer,77.5
TX-11433,2025-01-21,CUST-0357,Smartwatch,Electronics,8,186.0,East,Corporate,PayPal,1488.0
TX-11965,2025-03-13,CUST-0322,Whiteboard,Office Supplies,1,79.99,South,Consumer,Cash,79.99
TX-11789,2025-10-17,CUST-0024,Standing Desk,Office Supplies,1,409.5,North,Small Business,Bank Transfer,409.5
TX-13360,2024-10-07,CUST-0052,Ergonomic Chair,Office Supplies,3,299.99,South,Small Business,Credit Card,899.97
TX-12177,2025-02-08,CUST-0381,4K Monitor,Electronics,3,350.0,West,Corporate,Credit Card,1050.0
TX-14594,2024-08-29,CUST-0012,Ergonomic Chair,Office Supplies,3,299.99,West,Small Business,Bank Transfer,899.97
TX-14442,2025-03-17,CUST-0030,Wireless Mouse,Accessories,2,44.49,North,Consumer,Cash,88.98
TX-11023,2025-07-26,CUST-0196,Ergonomic Chair,Office Supplies,4,299.99,West,Small Business,PayPal,1199.96
TX-12021,2025-12-15,CUST-0186,Gel Pens 12-Pack,Office Supplies,4,12.99,North,Small Business,Bank Transfer,51.96
TX-12423,2025-12-17,CUST-0380,4K Monitor,Electronics,1,350.0,South,Small Business,Cash,350.0
TX-12503,2024-09-06,CUST-0192,Laptop Sleeve,Accessories,7,26.69,North,Corporate,PayPal,186.83
TX-11432,2025-01-23,CUST-0350,Wireless Mouse,Accessories,4,49.99,South,Consumer,Credit Card,199.96
TX-11513,2025-12-21,CUST-0008,Laptop Sleeve,Accessories,2,29.99,South,Consumer,Credit Card,59.98
TX-10809,2025-06-21,CUST-0034,Desk Mat,Accessories,3,25.0,East,Corporate,Credit Card,75.0
TX-12892,2025-07-25,CUST-0216,Smartwatch,Electronics,8,180.0,North,Corporate,PayPal,1440.0
TX-10978,2024-11-08,CUST-0111,Smartwatch,Electronics,2,200.0,West,Corporate,Credit Card,400.0
TX-13699,2025-09-28,CUST-0043,Pro Laptop,Electronics,2,1200.0,East,Consumer,Bank Transfer,2400.0
TX-14219,2024-08-18,CUST-0281,USB-C Multi-Hub,Accessories,4,39.99,North,Consumer,Cash,159.96
TX-11726,2024-09-05,CUST-0201,Smartwatch,Electronics,8,200.0,East,Corporate,PayPal,1600.0
TX-12526,2025-04-26,CUST-0354,Smartwatch,Electronics,10,200.0,North,Corporate,Credit Card,2000.0
TX-12267,2025-06-23,CUST-0286,Gel Pens 12-Pack,Office Supplies,4,12.99,West,Corporate,PayPal,51.96
TX-12436,2025-01-30,CUST-0237,Gel Pens 12-Pack,Office Supplies,1,12.99,West,Small Business,Credit Card,12.99
TX-11833,2024-02-23,CUST-0333,Noise-Cancelling Headphones,Electronics,3,250.0,South,Consumer,Cash,750.0
TX-12024,2024-02-01,CUST-0171,Ergonomic Chair,Office Supplies,3,299.99,North,Small Business,PayPal,899.97
TX-12197,2024-12-18,CUST-0340,Premium Tablet,Electronics,8,498.0,West,Corporate,Bank Transfer,3984.0
TX-10174,2025-11-02,CUST-0104,USB-C Multi-Hub,Accessories,10,34.39,South,Corporate,Bank Transfer,343.9
TX-11592,2025-09-21,CUST-0233,Ergonomic Chair,Office Supplies,9,245.99,West,Corporate,Bank Transfer,2213.91
TX-13893,2025-01-21,CUST-0294,Noise-Cancelling Headphones,Electronics,3,250.0,East,Corporate,Credit Card,750.0
TX-14016,2024-12-25,CUST-0188,Standing Desk,Office Supplies,6,450.0,North,Corporate,PayPal,2700.0
TX-14487,2025-12-09,CUST-0135,Gel Pens 12-Pack,Office Supplies,4,12.99,West,Consumer,PayPal,51.96
TX-10217,2025-07-30,CUST-0114,Mechanical Keyboard,Accessories,1,99.99,North,Small Business,Bank Transfer,99.99
TX-13970,2024-11-09,CUST-0125,USB-C Multi-Hub,Accessories,4,39.99,North,Consumer,Cash,159.96
TX-13774,2025-05-23,CUST-0294,Wireless Mouse,Accessories,2,49.99,East,Corporate,Credit Card,99.98
TX-10690,2024-05-27,CUST-0316,Premium Notebook,Office Supplies,8,15.5,North,Corporate,PayPal,124.0
TX-12615,2025-10-14,CUST-0324,Laptop Sleeve,Accessories,3,28.19,North,Small Business,PayPal,84.57000000000001
TX-12264,2025-10-20,CUST-0146,Pro Laptop,Electronics,7,1200.0,South,Corporate,PayPal,8400.0
TX-12269,2025-08-20,CUST-0260,Gel Pens 12-Pack,Office Supplies,4,12.99,West,Consumer,Bank Transfer,51.96
TX-11106,2025-03-13,CUST-0043,Whiteboard,Office Supplies,2,79.99,East,Consumer,PayPal,159.98
TX-12110,2024-02-14,CUST-0105,Gel Pens 12-Pack,Office Supplies,1,12.99,West,Consumer,Credit Card,12.99
TX-12683,2025-08-03,CUST-0215,Smartwatch,Electronics,3,172.0,East,Consumer,Credit Card,516.0
TX-11566,2024-09-21,CUST-0134,Pro Laptop,Electronics,10,1200.0,East,Corporate,PayPal,12000.0
TX-10611,2025-02-07,CUST-0076,Noise-Cancelling Headphones,Electronics,1,250.0,East,Small Business,Cash,250.0
TX-13289,2024-01-31,CUST-0295,Laptop Sleeve,Accessories,4,24.59,West,Small Business,PayPal,98.36
TX-13765,2025-07-16,CUST-0156,USB-C Multi-Hub,Accessories,7,39.99,East,Corporate,Cash,279.93
TX-10576,2025-03-29,CUST-0018,Smartwatch,Electronics,1,200.0,North,Consumer,PayPal,200.0
TX-12092,2025-06-15,CUST-0228,Mechanical Keyboard,Accessories,2,99.99,East,Small Business,PayPal,199.98
TX-14461,2025-06-11,CUST-0161,Ergonomic Chair,Office Supplies,1,299.99,East,Consumer,PayPal,299.99
TX-11180,2024-09-30,CUST-0028,USB-C Multi-Hub,Accessories,2,39.99,North,Consumer,Cash,79.98
TX-10888,2024-05-16,CUST-0134,4K Monitor,Electronics,7,311.5,East,Corporate,Bank Transfer,2180.5
TX-14122,2024-01-24,CUST-0282,Standing Desk,Office Supplies,4,450.0,South,Consumer,Bank Transfer,1800.0
TX-12986,2024-08-19,CUST-0173,Premium Notebook,Office Supplies,1,15.5,East,Small Business,PayPal,15.5
TX-12702,2025-06-10,CUST-0358,Pro Laptop,Electronics,10,984.0,East,Corporate,Credit Card,9840.0
TX-10817,2024-12-30,CUST-0272,Wireless Mouse,Accessories,10,49.99,West,Corporate,PayPal,499.90000000000003
TX-14161,2025-08-05,CUST-0005,Wireless Mouse,Accessories,4,49.99,North,Small Business,PayPal,199.96
TX-11907,2024-01-14,CUST-0023,Wireless Mouse,Accessories,6,49.99,North,Corporate,Bank Transfer,299.94
TX-10208,2024-07-07,CUST-0243,Premium Tablet,Electronics,3,600.0,West,Small Business,PayPal,1800.0
TX-10293,2024-04-01,CUST-0375,Pro Laptop,Electronics,7,1200.0,East,Corporate,Bank Transfer,8400.0
TX-11119,2024-01-02,CUST-0050,Smartwatch,Electronics,4,200.0,West,Consumer,Bank Transfer,800.0
TX-12244,2024-05-12,CUST-0296,Smartwatch,Electronics,2,200.0,South,Corporate,Bank Transfer,400.0
TX-11650,2024-03-06,CUST-0068,USB-C Multi-Hub,Accessories,1,39.99,East,Small Business,PayPal,39.99
TX-11264,2025-02-14,CUST-0317,Premium Tablet,Electronics,4,600.0,South,Small Business,PayPal,2400.0
TX-10990,2025-07-08,CUST-0087,Standing Desk,Office Supplies,2,450.0,South,Consumer,Bank Transfer,900.0
TX-12305,2024-12-21,CUST-0108,Laptop Sleeve,Accessories,3,29.99,West,Corporate,Credit Card,89.97
TX-14222,2025-05-23,CUST-0285,USB-C Multi-Hub,Accessories,1,37.59,South,Consumer,PayPal,37.59
TX-12409,2025-10-15,CUST-0039,Pro Laptop,Electronics,2,1200.0,South,Consumer,Credit Card,2400.0
TX-10353,2024-08-31,CUST-0164,Pro Laptop,Electronics,3,1104.0,East,Consumer,Cash,3312.0
TX-12550,2024-05-17,CUST-0223,Pro Laptop,Electronics,6,1200.0,South,Corporate,PayPal,7200.0
TX-13833,2025-07-31,CUST-0090,Pro Laptop,Electronics,3,1200.0,West,Consumer,Credit Card,3600.0
TX-14324,2024-09-11,CUST-0140,Whiteboard,Office Supplies,3,70.39,North,Small Business,Cash,211.17000000000002
TX-12591,2024-05-03,CUST-0392,Mechanical Keyboard,Accessories,2,94.99,North,Small Business,Cash,189.98
TX-10333,2025-10-23,CUST-0066,Noise-Cancelling Headphones,Electronics,1,250.0,South,Small Business,Credit Card,250.0
TX-11228,2025-02-22,CUST-0151,Ergonomic Chair,Office Supplies,2,299.99,East,Corporate,Bank Transfer,599.98
TX-10259,2024-07-30,CUST-UNKNOWN,Premium Notebook,Office Supplies,4,15.5,West,Consumer,Credit Card,62.0
TX-11697,2025-08-01,CUST-0005,4K Monitor,Electronics,2,350.0,North,Small Business,PayPal,700.0
TX-11876,2024-05-31,CUST-0229,Desk Mat,Accessories,2,25.0,East,Small Business,Cash,50.0
TX-14768,2024-01-05,CUST-0251,Smartwatch,Electronics,2,200.0,South,Small Business,Bank Transfer,400.0
TX-11813,2025-02-19,CUST-0216,Gel Pens 12-Pack,Office Supplies,9,12.99,North,Corporate,Cash,116.91
TX-14992,2025-09-13,CUST-0348,USB-C Multi-Hub,Accessories,2,32.39,West,Small Business,Credit Card,64.78
TX-10052,2024-08-29,CUST-0186,Noise-Cancelling Headphones,Electronics,3,250.0,North,Small Business,Credit Card,750.0
TX-12227,2025-04-05,CUST-UNKNOWN,Whiteboard,Office Supplies,4,79.99,West,Small Business,Cash,319.96
TX-11888,2025-11-16,CUST-0035,Premium Tablet,Electronics,1,600.0,South,Small Business,PayPal,600.0
TX-12224,2025-03-05,CUST-0088,Laptop Sleeve,Accessories,3,29.99,West,Small Business,Cash,89.97
TX-12441,2025-08-25,CUST-0162,Wireless Mouse,Accessories,1,41.49,East,Consumer,Credit Card,41.49
TX-13252,2025-07-11,CUST-0277,Wireless Mouse,Accessories,4,49.99,West,Consumer,PayPal,199.96
TX-14271,2025-12-20,CUST-0242,4K Monitor,Electronics,4,350.0,South,Consumer,Cash,1400.0
TX-11479,2025-08-26,CUST-0261,Premium Tablet,Electronics,1,600.0,South,Small Business,Bank Transfer,600.0
TX-11033,2025-04-22,CUST-0320,Premium Tablet,Electronics,4,600.0,South,Consumer,Bank Transfer,2400.0
TX-11097,2024-12-02,CUST-0330,4K Monitor,Electronics,8,350.0,North,Corporate,Bank Transfer,2800.0
TX-11469,2024-12-26,CUST-0040,Gel Pens 12-Pack,Office Supplies,5,12.99,West,Corporate,Cash,64.95
TX-10543,2025-04-27,CUST-0176,Standing Desk,Office Supplies,4,450.0,East,Small Business,Cash,1800.0
TX-11046,2024-07-26,CUST-0232,Smartwatch,Electronics,2,200.0,East,Small Business,Bank Transfer,400.0
TX-11942,2024-07-10,CUST-0341,Smartwatch,Electronics,10,200.0,North,Corporate,Bank Transfer,2000.0
TX-11612,2025-04-23,CUST-0016,4K Monitor,Electronics,2,350.0,East,Consumer,Bank Transfer,700.0
TX-10030,2024-10-21,CUST-0383,Smartwatch,Electronics,3,200.0,South,Corporate,Credit Card,600.0
TX-10725,2024-11-19,CUST-0350,Pro Laptop,Electronics,3,1200.0,South,Consumer,Cash,3600.0
TX-13200,2025-09-04,CUST-0040,Whiteboard,Office Supplies,10,67.19,West,Corporate,Cash,671.9
TX-14144,2025-04-19,CUST-0279,Laptop Sleeve,Accessories,4,28.19,East,Corporate,Cash,112.76
TX-13959,2025-01-20,CUST-0186,Ergonomic Chair,Office Supplies,3,299.99,North,Small Business,Cash,899.97
TX-11426,2024-02-03,CUST-0134,Noise-Cancelling Headphones,Electronics,2,250.0,East,Corporate,PayPal,500.0
TX-13414,2025-04-15,CUST-0397,Standing Desk,Office Supplies,3,450.0,West,Consumer,Credit Card,1350.0
TX-10436,2024-01-19,CUST-0053,Gel Pens 12-Pack,Office Supplies,1,12.99,East,Small Business,Credit Card,12.99
TX-12505,2025-03-14,CUST-0281,Pro Laptop,Electronics,4,1200.0,North,Consumer,Cash,4800.0
TX-10912,2024-06-06,CUST-0015,Smartwatch,Electronics,9,200.0,West,Corporate,Cash,1800.0
TX-14247,2025-04-14,CUST-0094,Premium Notebook,Office Supplies,1,15.5,West,Consumer,Bank Transfer,15.5
TX-14189,2025-01-21,CUST-0370,Mechanical Keyboard,Accessories,8,84.99,South,Corporate,Credit Card,679.92
TX-14538,2025-04-05,CUST-0368,Premium Tablet,Electronics,2,600.0,East,Consumer,Credit Card,1200.0
TX-13379,2025-05-23,CUST-0379,Ergonomic Chair,Office Supplies,1,299.99,South,Consumer,PayPal,299.99
TX-12319,2024-03-08,CUST-0380,Wireless Mouse,Accessories,2,42.49,South,Small Business,Bank Transfer,84.98
TX-13007,2024-02-28,CUST-UNKNOWN,Gel Pens 12-Pack,Office Supplies,3,12.99,North,Consumer,Cash,38.97
TX-11238,2024-03-28,CUST-0104,Smartwatch,Electronics,9,200.0,South,Corporate,PayPal,1800.0
TX-10903,2024-11-16,CUST-0144,USB-C Multi-Hub,Accessories,4,39.99,North,Small Business,Bank Transfer,159.96
TX-13773,2025-08-05,CUST-0399,Standing Desk,Office Supplies,1,450.0,West,Consumer,PayPal,450.0
TX-14603,2025-02-18,CUST-0329,Ergonomic Chair,Office Supplies,1,299.99,East,Consumer,Cash,299.99
TX-11543,2025-07-27,CUST-UNKNOWN,Ergonomic Chair,Office Supplies,4,245.99,West,Consumer,Bank Transfer,983.96
TX-10507,2025-02-24,CUST-0308,4K Monitor,Electronics,4,297.5,North,Corporate,Bank Transfer,1190.0
TX-13269,2024-11-11,CUST-0027,Wireless Mouse,Accessories,2,49.99,South,Small Business,PayPal,99.98
TX-10183,2025-08-04,CUST-0346,Premium Tablet,Electronics,4,600.0,East,Small Business,Cash,2400.0
TX-12991,2025-09-04,CUST-0202,Whiteboard,Office Supplies,4,72.79,South,Corporate,Credit Card,291.16
TX-11497,2025-09-20,CUST-0299,Noise-Cancelling Headphones,Electronics,9,250.0,North,Corporate,PayPal,2250.0
TX-11873,2025-09-03,CUST-0310,Noise-Cancelling Headphones,Electronics,2,250.0,South,Corporate,PayPal,500.0
TX-10321,2025-01-20,CUST-UNKNOWN,USB-C Multi-Hub,Accessories,1,39.99,North,Small Business,PayPal,39.99
TX-11831,2025-05-21,CUST-0009,Laptop Sleeve,Accessories,4,29.99,South,Small Business,PayPal,119.96
TX-13501,2025-08-19,CUST-0324,Ergonomic Chair,Office Supplies,4,299.99,North,Small Business,Bank Transfer,1199.96
TX-11803,2025-10-21,CUST-0079,Whiteboard,Office Supplies,1,73.59,North,Small Business,PayPal,73.59
TX-14801,2025-04-18,CUST-0071,Premium Notebook,Office Supplies,4,15.5,South,Corporate,Cash,62.0
TX-14415,2025-03-26,CUST-0052,Laptop Sleeve,Accessories,3,29.99,South,Small Business,Credit Card,89.97
TX-13470,2025-01-25,CUST-0261,4K Monitor,Electronics,4,350.0,South,Small Business,Cash,1400.0
TX-12144,2024-11-25,CUST-0026,Premium Notebook,Office Supplies,2,15.5,East,Small Business,Cash,31.0
TX-14463,2024-12-28,CUST-0278,Noise-Cancelling Headphones,Electronics,1,250.0,East,Consumer,Cash,250.0
TX-11146,2024-06-05,CUST-0367,Premium Tablet,Electronics,1,600.0,North,Consumer,PayPal,600.0
TX-12098,2025-04-05,CUST-0142,Gel Pens 12-Pack,Office Supplies,3,12.99,South,Consumer,PayPal,38.97
TX-10044,2024-05-24,CUST-0387,Smartwatch,Electronics,10,178.0,South,Corporate,Bank Transfer,1780.0
TX-14080,2025-12-15,CUST-0286,Mechanical Keyboard,Accessories,7,99.99,West,Corporate,Bank Transfer,699.93
TX-11862,2025-05-21,CUST-0111,Gel Pens 12-Pack,Office Supplies,3,12.99,West,Corporate,Bank Transfer,38.97
TX-11869,2024-03-24,CUST-0237,USB-C Multi-Hub,Accessories,1,39.99,West,Small Business,Cash,39.99
TX-11378,2025-02-04,CUST-0302,Premium Notebook,Office Supplies,6,13.48,South,Corporate,PayPal,80.88
TX-11808,2025-10-05,CUST-0333,Whiteboard,Office Supplies,4,79.99,South,Consumer,Bank Transfer,319.96
TX-13592,2024-08-31,CUST-0131,Smartwatch,Electronics,7,200.0,South,Corporate,Bank Transfer,1400.0
TX-10413,2025-08-26,CUST-0259,Pro Laptop,Electronics,7,1200.0,West,Corporate,Credit Card,8400.0
TX-13919,2024-06-16,CUST-0351,Pro Laptop,Electronics,4,1200.0,East,Corporate,PayPal,4800.0
TX-11407,2024-06-11,CUST-0184,Laptop Sleeve,Accessories,2,29.99,West,Small Business,Bank Transfer,59.98
TX-13911,2024-08-03,CUST-0173,Ergonomic Chair,Office Supplies,2,299.99,East,Small Business,Credit Card,599.98
TX-10801,2024-02-11,CUST-0283,Noise-Cancelling Headphones,Electronics,1,250.0,West,Small Business,Cash,250.0
TX-11288,2025-05-12,CUST-0109,Desk Mat,Accessories,1,25.0,South,Consumer,Bank Transfer,25.0
TX-13320,2024-09-19,CUST-0164,Laptop Sleeve,Accessories,2,24.59,East,Consumer,Credit Card,49.18
TX-12829,2024-09-18,CUST-0295,Standing Desk,Office Supplies,2,450.0,West,Small Business,PayPal,900.0
TX-14544,2025-02-14,CUST-0338,Ergonomic Chair,Office Supplies,3,299.99,East,Consumer,Bank Transfer,899.97
TX-13408,2025-01-02,CUST-0079,Laptop Sleeve,Accessories,4,29.99,North,Small Business,Credit Card,119.96
TX-10256,2025-06-15,CUST-0353,Mechanical Keyboard,Accessories,9,99.99,West,Corporate,Bank Transfer,899.91
TX-14856,2024-03-10,CUST-0089,Gel Pens 12-Pack,Office Supplies,3,12.99,South,Corporate,Cash,38.97
TX-13676,2024-12-25,CUST-0318,Wireless Mouse,Accessories,2,44.99,North,Small Business,Cash,89.98
TX-11151,2025-03-28,CUST-0357,Premium Notebook,Office Supplies,4,15.5,East,Corporate,PayPal,62.0
TX-12333,2024-04-12,CUST-0231,Premium Notebook,Office Supplies,1,15.5,East,Small Business,Cash,15.5
TX-10647,2025-12-13,CUST-UNKNOWN,Ergonomic Chair,Office Supplies,2,299.99,East,Small Business,Cash,599.98
TX-14707,2025-02-26,CUST-0384,USB-C Multi-Hub,Accessories,7,39.99,South,Corporate,Credit Card,279.93
TX-13429,2025-05-16,CUST-0310,Ergonomic Chair,Office Supplies,2,284.99,South,Corporate,Credit Card,569.98
TX-14589,2024-05-19,CUST-0101,Laptop Sleeve,Accessories,4,25.79,North,Consumer,Bank Transfer,103.16
TX-13822,2025-07-16,CUST-0072,Premium Tablet,Electronics,4,600.0,North,Small Business,PayPal,2400.0
TX-11315,2024-07-27,CUST-0014,Ergonomic Chair,Office Supplies,2,299.99,South,Small Business,Credit Card,599.98
TX-11088,2024-05-03,CUST-0119,Pro Laptop,Electronics,3,1068.0,South,Small Business,Bank Transfer,3204.0
TX-12016,2024-12-16,CUST-0191,Premium Notebook,Office Supplies,10,15.5,East,Corporate,Bank Transfer,155.0
TX-13519,2024-05-26,CUST-0059,Standing Desk,Office Supplies,1,450.0,South,Small Business,PayPal,450.0
TX-11743,2024-02-18,CUST-0358,USB-C Multi-Hub,Accessories,4,39.99,East,Corporate,PayPal,159.96
TX-11350,2025-02-27,CUST-0327,Ergonomic Chair,Office Supplies,2,299.99,South,Small Business,Cash,599.98
TX-12535,2024-05-14,CUST-0067,Desk Mat,Accessories,4,25.0,North,Small Business,Bank Transfer,100.0
TX-10112,2025-04-28,CUST-0357,Smartwatch,Electronics,9,200.0,East,Corporate,Credit Card,1800.0
TX-13179,2024-05-16,CUST-0165,Premium Tablet,Electronics,4,600.0,West,Small Business,Cash,2400.0
TX-10263,2025-03-18,CUST-0203,4K Monitor,Electronics,2,350.0,South,Small Business,Cash,700.0
TX-11393,2025-08-02,CUST-0028,Standing Desk,Office Supplies,4,450.0,North,Consumer,Credit Card,1800.0
TX-11926,2024-02-02,CUST-0256,Premium Notebook,Office Supplies,2,15.5,North,Corporate,Bank Transfer,31.0
TX-11186,2025-11-24,CUST-0358,Smartwatch,Electronics,2,200.0,East,Corporate,PayPal,400.0
TX-12384,2024-03-07,CUST-0396,Mechanical Keyboard,Accessories,6,99.99,North,Corporate,Credit Card,599.9399999999999
TX-10056,2024-05-28,CUST-0067,USB-C Multi-Hub,Accessories,2,39.99,North,Small Business,Credit Card,79.98
TX-11309,2024-08-17,CUST-UNKNOWN,USB-C Multi-Hub,Accessories,3,39.99,North,Small Business,Cash,119.97
TX-10695,2024-12-14,CUST-0223,USB-C Multi-Hub,Accessories,10,33.99,South,Corporate,PayPal,339.90000000000003
TX-14228,2024-12-23,CUST-0109,Premium Notebook,Office Supplies,1,12.71,South,Consumer,Bank Transfer,12.71
TX-13453,2024-10-13,CUST-0128,Premium Notebook,Office Supplies,8,15.5,West,Corporate,Bank Transfer,124.0
TX-11769,2024-04-08,CUST-0160,Standing Desk,Office Supplies,4,450.0,South,Small Business,Bank Transfer,1800.0
TX-11962,2025-02-05,CUST-0248,USB-C Multi-Hub,Accessories,4,34.39,South,Small Business,Bank Transfer,137.56
TX-13630,2024-04-09,CUST-0351,Standing Desk,Office Supplies,3,391.5,East,Corporate,Bank Transfer,1174.5
TX-10319,2025-05-20,CUST-0396,4K Monitor,Electronics,5,311.5,North,Corporate,PayPal,1557.5
TX-12318,2025-01-19,CUST-0303,Noise-Cancelling Headphones,Electronics,3,250.0,South,Small Business,Cash,750.0
TX-11589,2024-09-21,CUST-0060,Desk Mat,Accessories,3,25.0,South,Small Business,Cash,75.0
TX-10682,2024-08-02,CUST-0165,Premium Tablet,Electronics,3,600.0,West,Small Business,Bank Transfer,1800.0
TX-12347,2024-11-18,CUST-0034,Standing Desk,Office Supplies,2,450.0,East,Corporate,Bank Transfer,900.0
TX-14691,2025-01-10,CUST-0064,Pro Laptop,Electronics,4,1008.0,West,Small Business,Credit Card,4032.0
TX-10479,2025-07-04,CUST-0281,Noise-Cancelling Headphones,Electronics,2,250.0,North,Consumer,Bank Transfer,500.0
TX-13559,2025-06-10,CUST-0102,USB-C Multi-Hub,Accessories,2,39.99,North,Consumer,Bank Transfer,79.98
TX-12895,2024-05-13,CUST-0142,4K Monitor,Electronics,4,350.0,South,Consumer,Cash,1400.0
TX-10286,2024-05-13,CUST-0290,Premium Notebook,Office Supplies,2,12.87,West,Corporate,Credit Card,25.74
TX-13036,2024-01-12,CUST-0085,Premium Notebook,Office Supplies,3,15.5,North,Consumer,PayPal,46.5
TX-12154,2024-11-13,CUST-0129,Smartwatch,Electronics,1,200.0,West,Consumer,Cash,200.0
TX-12447,2025-08-28,CUST-0138,Desk Mat,Accessories,1,25.0,North,Small Business,Credit Card,25.0
TX-12295,2024-09-10,CUST-0011,USB-C Multi-Hub,Accessories,3,39.99,West,Consumer,Bank Transfer,119.97
TX-12366,2024-02-21,CUST-0137,4K Monitor,Electronics,3,350.0,South,Consumer,PayPal,1050.0
TX-13551,2024-06-14,CUST-0117,Smartwatch,Electronics,2,200.0,East,Consumer,Credit Card,400.0
TX-11598,2025-06-20,CUST-0292,Ergonomic Chair,Office Supplies,3,299.99,West,Corporate,Bank Transfer,899.97
TX-14128,2024-05-12,CUST-UNKNOWN,4K Monitor,Electronics,5,350.0,East,Corporate,Credit Card,1750.0
TX-13137,2025-09-11,CUST-0286,Ergonomic Chair,Office Supplies,4,299.99,West,Corporate,Credit Card,1199.96
TX-10736,2024-08-11,CUST-0055,Premium Notebook,Office Supplies,3,13.33,West,Corporate,Credit Card,39.99
TX-11777,2025-09-09,CUST-0080,USB-C Multi-Hub,Accessories,9,39.99,East,Corporate,Cash,359.91
TX-10336,2024-06-01,CUST-0318,Mechanical Keyboard,Accessories,3,99.99,South,Small Business,Cash,299.96999999999997
TX-12417,2025-02-11,CUST-0392,Premium Tablet,Electronics,3,600.0,South,Small Business,PayPal,1800.0
TX-14478,2025-08-20,CUST-0382,Desk Mat,Accessories,2,25.0,East,Consumer,Credit Card,50.0
TX-12680,2024-11-16,CUST-0132,Mechanical Keyboard,Accessories,8,99.99,North,Corporate,Cash,799.92
TX-14430,2025-08-02,CUST-0124,Desk Mat,Accessories,3,25.0,West,Small Business,PayPal,75.0
TX-11071,2025-05-17,CUST-0295,Pro Laptop,Electronics,3,1200.0,West,Small Business,Cash,3600.0
TX-13810,2024-05-09,CUST-0269,Whiteboard,Office Supplies,5,79.99,East,Corporate,Bank Transfer,399.95
TX-11714,2024-04-30,CUST-0382,Whiteboard,Office Supplies,3,79.99,East,Consumer,Bank Transfer,239.96999999999997
TX-12323,2024-02-25,CUST-0186,Mechanical Keyboard,Accessories,4,99.99,North,Small Business,PayPal,399.96
TX-12633,2025-11-23,CUST-0088,Premium Tablet,Electronics,1,600.0,West,Small Business,Bank Transfer,600.0
TX-14374,2024-10-22,CUST-0327,Noise-Cancelling Headphones,Electronics,3,250.0,South,Small Business,PayPal,750.0
TX-14397,2025-02-08,CUST-0069,Gel Pens 12-Pack,Office Supplies,4,12.99,East,Consumer,Bank Transfer,51.96
TX-14230,2025-02-08,CUST-0395,Laptop Sleeve,Accessories,4,29.99,East,Consumer,Cash,119.96
TX-11488,2024-01-27,CUST-0145,Desk Mat,Accessories,4,25.0,North,Small Business,PayPal,100.0
TX-10498,2025-01-22,CUST-0188,Wireless Mouse,Accessories,10,49.99,North,Corporate,Bank Transfer,499.90000000000003
TX-14370,2024-06-15,CUST-0375,Laptop Sleeve,Accessories,9,29.99,East,Corporate,Credit Card,269.90999999999997
TX-14826,2025-06-29,CUST-0010,Smartwatch,Electronics,3,200.0,South,Small Business,Bank Transfer,600.0
TX-14351,2024-01-23,CUST-0171,Premium Notebook,Office Supplies,3,15.5,North,Small Business,Cash,46.5
TX-12372,2024-09-28,CUST-0220,Noise-Cancelling Headphones,Electronics,9,220.0,West,Corporate,Bank Transfer,1980.0
TX-14135,2024-10-24,CUST-0170,Wireless Mouse,Accessories,1,49.99,East,Consumer,Bank Transfer,49.99
TX-14550,2024-12-12,CUST-0186,Laptop Sleeve,Accessories,3,25.79,North,Small Business,Bank Transfer,77.37
TX-13323,2024-02-18,CUST-0072,Wireless Mouse,Accessories,1,49.99,North,Small Business,Credit Card,49.99
TX-11610,2024-09-18,CUST-0207,4K Monitor,Electronics,3,350.0,West,Corporate,Cash,1050.0
TX-12186,2025-12-08,CUST-0311,4K Monitor,Electronics,7,350.0,East,Corporate,Credit Card,2450.0
TX-13914,2025-02-23,CUST-0244,4K Monitor,Electronics,9,350.0,East,Corporate,Cash,3150.0
TX-14634,2024-12-03,CUST-0394,Gel Pens 12-Pack,Office Supplies,9,12.99,West,Corporate,Bank Transfer,116.91
TX-11022,2025-12-11,CUST-0032,Ergonomic Chair,Office Supplies,6,254.99,East,Corporate,Cash,1529.94
TX-12314,2025-03-17,CUST-0195,Standing Desk,Office Supplies,10,450.0,North,Corporate,Credit Card,4500.0
TX-14916,2024-08-15,CUST-0016,Laptop Sleeve,Accessories,3,29.99,East,Consumer,Credit Card,89.97
TX-12036,2024-11-12,CUST-0108,Smartwatch,Electronics,4,188.0,West,Corporate,PayPal,752.0
TX-14812,2025-08-15,CUST-0184,4K Monitor,Electronics,3,350.0,West,Small Business,Bank Transfer,1050.0
TX-12059,2024-11-12,CUST-0355,Wireless Mouse,Accessories,1,49.99,East,Consumer,PayPal,49.99
TX-10665,2024-11-20,CUST-0295,USB-C Multi-Hub,Accessories,2,39.99,West,Small Business,Cash,79.98
TX-13988,2025-12-16,CUST-0078,USB-C Multi-Hub,Accessories,3,39.99,East,Consumer,Cash,119.97
TX-12677,2025-10-23,CUST-0099,Pro Laptop,Electronics,2,1200.0,South,Consumer,PayPal,2400.0
TX-14541,2024-09-24,CUST-0391,Standing Desk,Office Supplies,4,450.0,West,Consumer,Bank Transfer,1800.0
TX-14291,2025-07-16,CUST-0320,Noise-Cancelling Headphones,Electronics,1,250.0,South,Consumer,Credit Card,250.0
TX-14579,2024-06-22,CUST-0003,USB-C Multi-Hub,Accessories,4,39.99,South,Consumer,Bank Transfer,159.96
TX-11017,2024-01-26,CUST-0378,Smartwatch,Electronics,1,180.0,North,Small Business,PayPal,180.0
TX-10557,2024-05-08,CUST-0373,Noise-Cancelling Headphones,Electronics,3,232.5,East,Corporate,PayPal,697.5
TX-13973,2024-01-11,CUST-0022,Mechanical Keyboard,Accessories,2,99.99,West,Small Business,Credit Card,199.98
TX-11207,2024-04-15,CUST-0359,Laptop Sleeve,Accessories,2,29.99,East,Small Business,PayPal,59.98
TX-12052,2025-06-27,CUST-0118,Premium Tablet,Electronics,4,600.0,South,Consumer,PayPal,2400.0
TX-14623,2024-04-17,CUST-0192,4K Monitor,Electronics,4,297.5,North,Corporate,Cash,1190.0
TX-12164,2024-05-06,CUST-0279,4K Monitor,Electronics,5,350.0,East,Corporate,PayPal,1750.0
TX-11510,2024-02-06,CUST-0011,Wireless Mouse,Accessories,4,45.49,West,Consumer,Cash,181.96
TX-11779,2024-09-02,CUST-0252,Smartwatch,Electronics,1,160.0,East,Consumer,Bank Transfer,160.0
TX-10245,2025-02-09,CUST-0318,Premium Notebook,Office Supplies,4,15.5,North,Small Business,Bank Transfer,62.0
TX-11163,2025-12-12,CUST-0229,Ergonomic Chair,Office Supplies,1,299.99,East,Small Business,PayPal,299.99
TX-12370,2025-04-16,CUST-0298,Desk Mat,Accessories,4,25.0,South,Corporate,Bank Transfer,100.0
TX-10266,2025-05-16,CUST-0271,USB-C Multi-Hub,Accessories,4,39.99,West,Consumer,Cash,159.96
TX-12714,2025-06-04,CUST-0375,Noise-Cancelling Headphones,Electronics,4,250.0,East,Corporate,Cash,1000.0
TX-11114,2024-05-30,CUST-0131,4K Monitor,Electronics,3,329.0,South,Corporate,Credit Card,987.0
TX-10063,2025-08-22,CUST-0281,USB-C Multi-Hub,Accessories,4,39.99,North,Consumer,Bank Transfer,159.96
TX-12630,2024-10-26,CUST-0132,Noise-Cancelling Headphones,Electronics,3,250.0,North,Corporate,Cash,750.0
TX-13412,2025-07-19,CUST-0184,Pro Laptop,Electronics,3,1200.0,West,Small Business,PayPal,3600.0
TX-14328,2025-05-24,CUST-0258,Wireless Mouse,Accessories,1,49.99,South,Small Business,Credit Card,49.99
TX-13055,2024-12-03,CUST-0024,Gel Pens 12-Pack,Office Supplies,2,12.99,North,Small Business,Cash,25.98
TX-13121,2025-07-01,CUST-0213,Premium Tablet,Electronics,3,600.0,East,Small Business,Credit Card,1800.0
TX-12642,2025-10-05,CUST-0002,Desk Mat,Accessories,1,25.0,East,Consumer,PayPal,25.0
TX-12856,2024-01-25,CUST-0262,Mechanical Keyboard,Accessories,4,99.99,North,Consumer,Credit Card,399.96
TX-12290,2024-06-25,CUST-0080,Laptop Sleeve,Accessories,5,29.99,East,Corporate,Cash,149.95
TX-14995,2024-10-04,CUST-0094,Pro Laptop,Electronics,1,1200.0,West,Consumer,Cash,1200.0
TX-11703,2024-08-16,CUST-0048,Ergonomic Chair,Office Supplies,1,299.99,East,Consumer,Cash,299.99
TX-11237,2024-10-01,CUST-0308,Pro Laptop,Electronics,3,1200.0,North,Corporate,Bank Transfer,3600.0
TX-10103,2025-09-24,CUST-0068,Desk Mat,Accessories,2,21.25,East,Small Business,PayPal,42.5
TX-13591,2024-09-05,CUST-0206,Premium Notebook,Office Supplies,1,15.5,South,Consumer,PayPal,15.5
TX-10272,2025-06-01,CUST-0210,Desk Mat,Accessories,8,25.0,South,Corporate,Cash,200.0
TX-10508,2025-04-09,CUST-0306,Wireless Mouse,Accessories,2,49.99,West,Consumer,Cash,99.98
TX-13455,2025-08-25,CUST-0219,Premium Tablet,Electronics,3,600.0,North,Small Business,Bank Transfer,1800.0
TX-14963,2025-08-13,CUST-0300,Mechanical Keyboard,Accessories,1,99.99,East,Small Business,Bank Transfer,99.99
TX-13319,2024-04-07,CUST-0079,Smartwatch,Electronics,4,180.0,North,Small Business,Cash,720.0
TX-10865,2025-10-15,CUST-0315,Whiteboard,Office Supplies,1,79.99,North,Small Business,PayPal,79.99
TX-12873,2025-11-11,CUST-0105,Standing Desk,Office Supplies,3,450.0,West,Consumer,Cash,1350.0
TX-10908,2024-05-31,CUST-0064,Ergonomic Chair,Office Supplies,2,275.99,West,Small Business,Bank Transfer,551.98
TX-14012,2024-12-20,CUST-0312,Mechanical Keyboard,Accessories,8,99.99,West,Corporate,Cash,799.92
TX-12899,2024-05-08,CUST-0121,Premium Notebook,Office Supplies,2,13.02,West,Consumer,Bank Transfer,26.04
TX-14770,2024-02-20,CUST-0370,Wireless Mouse,Accessories,8,49.99,South,Corporate,Credit Card,399.92
TX-11627,2024-06-12,CUST-0126,Ergonomic Chair,Office Supplies,1,299.99,North,Consumer,Credit Card,299.99
TX-12915,2024-04-17,CUST-0323,Standing Desk,Office Supplies,7,450.0,South,Corporate,Credit Card,3150.0
TX-11522,2024-09-15,CUST-0380,Standing Desk,Office Supplies,1,450.0,South,Small Business,Bank Transfer,450.0
TX-10835,2025-12-22,CUST-0370,Pro Laptop,Electronics,7,1092.0,South,Corporate,Cash,7644.0
TX-10358,2024-04-05,CUST-0174,Laptop Sleeve,Accessories,4,29.99,South,Small Business,Credit Card,119.96
TX-10138,2024-05-22,CUST-0122,Ergonomic Chair,Office Supplies,7,299.99,East,Corporate,Bank Transfer,2099.9300000000003
TX-10299,2025-06-05,CUST-0097,Desk Mat,Accessories,3,25.0,North,Small Business,Credit Card,75.0
TX-11556,2024-10-09,CUST-0353,Desk Mat,Accessories,4,25.0,West,Corporate,Credit Card,100.0
TX-11003,2025-11-09,CUST-0236,USB-C Multi-Hub,Accessories,1,39.99,South,Consumer,PayPal,39.99
TX-10382,2024-06-11,CUST-0034,Whiteboard,Office Supplies,8,79.99,East,Corporate,PayPal,639.92
TX-10941,2024-07-15,CUST-0241,Gel Pens 12-Pack,Office Supplies,5,12.99,North,Corporate,PayPal,64.95
TX-11961,2024-10-25,CUST-0106,USB-C Multi-Hub,Accessories,2,39.99,South,Small Business,Cash,79.98
TX-13802,2025-05-01,CUST-0172,Pro Laptop,Electronics,5,1200.0,South,Corporate,Bank Transfer,6000.0
TX-10761,2025-10-03,CUST-0142,Premium Tablet,Electronics,1,600.0,South,Consumer,PayPal,600.0
TX-13786,2025-01-25,CUST-0357,Laptop Sleeve,Accessories,5,29.99,East,Corporate,Credit Card,149.95
TX-11921,2024-07-11,CUST-0367,4K Monitor,Electronics,1,329.0,North,Consumer,Cash,329.0
TX-12586,2024-12-18,CUST-0316,Standing Desk,Office Supplies,5,382.5,North,Corporate,PayPal,1912.5
TX-12115,2024-10-10,CUST-0337,Wireless Mouse,Accessories,4,49.99,West,Small Business,PayPal,199.96
TX-12228,2024-05-01,CUST-0233,Ergonomic Chair,Office Supplies,8,299.99,West,Corporate,Cash,2399.92
TX-10898,2024-09-19,CUST-0038,4K Monitor,Electronics,1,350.0,South,Small Business,Credit Card,350.0
TX-14056,2024-08-17,CUST-0389,Premium Notebook,Office Supplies,2,15.5,East,Small Business,Credit Card,31.0
TX-14214,2025-01-04,CUST-0192,USB-C Multi-Hub,Accessories,3,39.99,North,Corporate,Cash,119.97
TX-11402,2024-09-03,CUST-0088,Laptop Sleeve,Accessories,2,29.99,West,Small Business,Cash,59.98
TX-12080,2024-02-13,CUST-0241,Gel Pens 12-Pack,Office Supplies,10,12.99,North,Corporate,Credit Card,129.9
TX-13839,2025-09-26,CUST-0341,Standing Desk,Office Supplies,5,450.0,North,Corporate,PayPal,2250.0
TX-14412,2024-02-04,CUST-0229,Noise-Cancelling Headphones,Electronics,2,250.0,East,Small Business,PayPal,500.0
TX-12998,2025-03-11,CUST-0062,Standing Desk,Office Supplies,2,450.0,North,Corporate,Credit Card,900.0
TX-11512,2025-01-21,CUST-0336,Standing Desk,Office Supplies,6,391.5,North,Corporate,Credit Card,2349.0
TX-11188,2025-11-08,CUST-0271,Laptop Sleeve,Accessories,1,29.99,West,Consumer,Cash,29.99
TX-14694,2024-06-07,CUST-0023,Standing Desk,Office Supplies,3,450.0,North,Corporate,PayPal,1350.0
TX-12598,2025-02-18,CUST-0030,Standing Desk,Office Supplies,3,450.0,North,Consumer,PayPal,1350.0
TX-13932,2025-08-29,CUST-0398,Mechanical Keyboard,Accessories,10,99.99,North,Corporate,Cash,999.9
TX-13706,2024-09-27,CUST-0092,Desk Mat,Accessories,3,25.0,East,Corporate,Cash,75.0
TX-10108,2025-01-15,CUST-0284,4K Monitor,Electronics,1,325.5,South,Small Business,Bank Transfer,325.5
TX-12907,2024-01-19,CUST-0178,Pro Laptop,Electronics,1,996.0,North,Consumer,PayPal,996.0
TX-13169,2024-02-27,CUST-0364,Premium Notebook,Office Supplies,3,12.87,South,Small Business,PayPal,38.61
TX-13947,2024-10-01,CUST-0273,Whiteboard,Office Supplies,1,71.99,East,Consumer,Cash,71.99
TX-10058,2025-03-07,CUST-0270,Pro Laptop,Electronics,4,1200.0,West,Small Business,Cash,4800.0
TX-10076,2024-02-20,CUST-0346,Noise-Cancelling Headphones,Electronics,4,250.0,East,Small Business,Cash,1000.0
TX-10796,2024-05-09,CUST-0226,Premium Notebook,Office Supplies,4,15.5,South,Corporate,PayPal,62.0
TX-10368,2025-06-19,CUST-0215,Desk Mat,Accessories,2,25.0,East,Consumer,Cash,50.0
TX-14935,2025-09-11,CUST-0104,USB-C Multi-Hub,Accessories,3,39.99,South,Corporate,Cash,119.97
TX-10785,2024-09-30,CUST-0258,Desk Mat,Accessories,3,22.5,South,Small Business,Credit Card,67.5
TX-12077,2025-07-17,CUST-0387,Wireless Mouse,Accessories,10,49.99,South,Corporate,Bank Transfer,499.90000000000003
TX-12117,2024-12-23,CUST-0386,Whiteboard,Office Supplies,2,79.99,North,Small Business,Credit Card,159.98
TX-12005,2025-07-18,CUST-0245,Smartwatch,Electronics,3,200.0,West,Corporate,Bank Transfer,600.0
TX-12053,2025-03-16,CUST-0039,Whiteboard,Office Supplies,4,79.99,South,Consumer,Credit Card,319.96
TX-12929,2024-01-10,CUST-0112,Noise-Cancelling Headphones,Electronics,2,250.0,West,Corporate,Bank Transfer,500.0
TX-13585,2024-01-15,CUST-0302,Wireless Mouse,Accessories,8,41.49,South,Corporate,PayPal,331.92
TX-13940,2025-11-05,CUST-0035,Noise-Cancelling Headphones,Electronics,4,220.0,South,Small Business,Cash,880.0
TX-11746,2024-04-13,CUST-0047,Desk Mat,Accessories,3,25.0,South,Small Business,Cash,75.0
TX-10121,2025-04-13,CUST-0104,Premium Tablet,Electronics,2,600.0,South,Corporate,Bank Transfer,1200.0
TX-11891,2025-06-07,CUST-0104,USB-C Multi-Hub,Accessories,7,39.99,South,Corporate,PayPal,279.93
TX-14401,2025-02-10,CUST-0314,Pro Laptop,Electronics,5,1200.0,North,Corporate,PayPal,6000.0
TX-14868,2024-09-10,CUST-0043,Premium Notebook,Office Supplies,4,12.87,East,Consumer,Bank Transfer,51.48
TX-10910,2025-08-07,CUST-0093,Ergonomic Chair,Office Supplies,5,299.99,East,Corporate,Cash,1499.95
TX-10124,2025-03-23,CUST-0381,Gel Pens 12-Pack,Office Supplies,7,12.99,West,Corporate,PayPal,90.93
TX-14619,2024-02-26,CUST-0155,Wireless Mouse,Accessories,1,49.99,South,Small Business,PayPal,49.99
TX-11586,2025-06-13,CUST-0055,Ergonomic Chair,Office Supplies,7,299.99,West,Corporate,Credit Card,2099.9300000000003
TX-11257,2025-03-10,CUST-0191,Pro Laptop,Electronics,3,1200.0,East,Corporate,Cash,3600.0
TX-13491,2024-07-26,CUST-0004,4K Monitor,Electronics,3,290.5,North,Small Business,PayPal,871.5
TX-13532,2025-05-12,CUST-0219,Ergonomic Chair,Office Supplies,4,299.99,North,Small Business,Cash,1199.96
TX-13433,2024-12-18,CUST-0112,Premium Tablet,Electronics,3,600.0,West,Corporate,Cash,1800.0
TX-11178,2025-11-25,CUST-0273,Laptop Sleeve,Accessories,4,29.99,East,Consumer,Cash,119.96
TX-12759,2024-12-01,CUST-0230,Pro Laptop,Electronics,3,1200.0,North,Small Business,Credit Card,3600.0
TX-13717,2025-09-04,CUST-0194,Mechanical Keyboard,Accessories,2,99.99,South,Small Business,Credit Card,199.98
TX-12367,2024-09-21,CUST-0046,Desk Mat,Accessories,1,25.0,East,Consumer,Bank Transfer,25.0
TX-13958,2025-10-06,CUST-0156,Desk Mat,Accessories,10,20.0,East,Corporate,Cash,200.0
TX-10442,2024-07-11,CUST-0062,Standing Desk,Office Supplies,9,450.0,North,Corporate,PayPal,4050.0
TX-13311,2025-07-02,CUST-0246,Pro Laptop,Electronics,3,1200.0,South,Small Business,PayPal,3600.0
TX-13197,2024-07-14,CUST-0340,Gel Pens 12-Pack,Office Supplies,6,12.99,West,Corporate,Cash,77.94
TX-10925,2025-08-05,CUST-0130,Premium Notebook,Office Supplies,1,13.17,South,Consumer,Credit Card,13.17
TX-12364,2025-11-15,CUST-0256,Laptop Sleeve,Accessories,6,29.99,North,Corporate,PayPal,179.94
TX-12174,2024-06-10,CUST-0111,Laptop Sleeve,Accessories,10,26.39,West,Corporate,PayPal,263.9
TX-14799,2024-12-12,CUST-0353,Pro Laptop,Electronics,5,1200.0,West,Corporate,PayPal,6000.0
TX-11411,2025-08-25,CUST-0298,Whiteboard,Office Supplies,8,65.59,West,Corporate,Credit Card,524.72
TX-13518,2025-01-21,CUST-0009,Ergonomic Chair,Office Supplies,1,299.99,North,Small Business,Bank Transfer,299.99
TX-11878,2024-01-18,CUST-0064,Noise-Cancelling Headphones,Electronics,4,207.5,West,Small Business,Bank Transfer,830.0
TX-11509,2024-06-14,CUST-0192,Gel Pens 12-Pack,Office Supplies,5,12.99,North,Corporate,PayPal,64.95
TX-11227,2025-09-11,CUST-0189,Ergonomic Chair,Office Supplies,10,299.99,South,Corporate,Bank Transfer,2999.9
TX-13654,2024-02-16,CUST-0159,Laptop Sleeve,Accessories,1,29.99,North,Consumer,PayPal,29.99
TX-12387,2025-10-03,CUST-0136,Desk Mat,Accessories,10,25.0,South,Corporate,PayPal,250.0
TX-13638,2025-09-04,CUST-0115,Ergonomic Chair,Office Supplies,1,251.99,North,Consumer,Bank Transfer,251.99
TX-13130,2024-09-11,CUST-0310,Laptop Sleeve,Accessories,4,26.09,South,Corporate,PayPal,104.36
TX-14423,2025-11-24,CUST-0112,Mechanical Keyboard,Accessories,3,92.99,West,Corporate,Bank Transfer,278.96999999999997
TX-10324,2025-06-01,CUST-0202,4K Monitor,Electronics,2,350.0,South,Corporate,Cash,700.0
TX-14685,2024-05-11,CUST-0281,Pro Laptop,Electronics,4,1200.0,North,Consumer,Credit Card,4800.0
TX-14195,2025-09-16,CUST-0076,Pro Laptop,Electronics,3,1128.0,East,Small Business,PayPal,3384.0
TX-14876,2025-03-10,CUST-0225,Mechanical Keyboard,Accessories,3,99.99,West,Consumer,PayPal,299.96999999999997
TX-13346,2025-04-27,CUST-0397,Pro Laptop,Electronics,3,1200.0,West,Consumer,Cash,3600.0
TX-14034,2025-12-27,CUST-0093,4K Monitor,Electronics,4,350.0,East,Corporate,Cash,1400.0
TX-11498,2024-08-25,CUST-0343,Gel Pens 12-Pack,Office Supplies,4,12.99,West,Small Business,Bank Transfer,51.96
TX-11502,2024-01-30,CUST-0149,Whiteboard,Office Supplies,2,66.39,North,Small Business,Cash,132.78
TX-11006,2025-11-18,CUST-0064,Gel Pens 12-Pack,Office Supplies,3,10.78,West,Small Business,Cash,32.339999999999996
TX-12223,2025-10-16,CUST-0302,Mechanical Keyboard,Accessories,3,99.99,South,Corporate,PayPal,299.96999999999997
TX-13977,2025-05-19,CUST-0307,Pro Laptop,Electronics,4,1200.0,West,Consumer,Cash,4800.0
TX-13568,2025-05-16,CUST-0073,USB-C Multi-Hub,Accessories,3,39.99,East,Small Business,Bank Transfer,119.97
TX-11467,2025-08-12,CUST-0151,Noise-Cancelling Headphones,Electronics,5,250.0,East,Corporate,Bank Transfer,1250.0
TX-11225,2025-06-30,CUST-0122,Ergonomic Chair,Office Supplies,4,299.99,East,Corporate,Bank Transfer,1199.96
TX-14944,2024-07-01,CUST-0222,Laptop Sleeve,Accessories,4,29.99,North,Corporate,Credit Card,119.96
TX-12298,2025-09-02,CUST-0240,Desk Mat,Accessories,3,25.0,East,Corporate,PayPal,75.0
TX-13661,2024-09-24,CUST-0184,Ergonomic Chair,Office Supplies,2,299.99,West,Small Business,Bank Transfer,599.98
TX-11216,2024-08-03,CUST-0045,Premium Tablet,Electronics,3,600.0,East,Corporate,Credit Card,1800.0
TX-14201,2025-08-13,CUST-0284,Noise-Cancelling Headphones,Electronics,3,250.0,South,Small Business,Cash,750.0
TX-13550,2024-06-24,CUST-0293,Smartwatch,Electronics,7,200.0,North,Corporate,PayPal,1400.0
TX-10420,2025-02-23,CUST-0021,Desk Mat,Accessories,2,25.0,East,Consumer,Cash,50.0
TX-13889,2024-01-26,CUST-0282,Laptop Sleeve,Accessories,4,29.99,South,Consumer,Bank Transfer,119.96
TX-10006,2025-07-11,CUST-0116,Mechanical Keyboard,Accessories,3,92.99,West,Small Business,PayPal,278.96999999999997
TX-10932,2024-04-24,CUST-0009,Mechanical Keyboard,Accessories,1,99.99,North,Small Business,PayPal,99.99
TX-11691,2025-08-27,CUST-0064,Premium Tablet,Electronics,1,600.0,West,Small Business,PayPal,600.0
TX-10439,2025-01-07,CUST-0367,Ergonomic Chair,Office Supplies,1,269.99,North,Consumer,PayPal,269.99
TX-11313,2024-06-26,CUST-0207,Whiteboard,Office Supplies,4,79.99,West,Corporate,Cash,319.96
TX-10678,2024-06-06,CUST-0098,Gel Pens 12-Pack,Office Supplies,3,10.65,South,Small Business,Bank Transfer,31.950000000000003
TX-12521,2024-04-27,CUST-0177,Premium Tablet,Electronics,10,534.0,West,Corporate,Credit Card,5340.0
TX-14637,2025-09-22,CUST-0020,Smartwatch,Electronics,2,200.0,East,Corporate,Bank Transfer,400.0
TX-11871,2024-08-16,CUST-0325,Noise-Cancelling Headphones,Electronics,7,250.0,South,Corporate,Cash,1750.0
TX-12299,2024-11-30,CUST-0266,Premium Tablet,Electronics,2,600.0,South,Consumer,Credit Card,1200.0
TX-14660,2024-04-04,CUST-0096,Standing Desk,Office Supplies,8,450.0,North,Corporate,Cash,3600.0
TX-14198,2025-09-27,CUST-0252,Laptop Sleeve,Accessories,4,29.99,East,Consumer,PayPal,119.96
TX-13883,2024-09-13,CUST-0292,4K Monitor,Electronics,9,350.0,West,Corporate,Credit Card,3150.0
TX-12835,2025-02-28,CUST-0370,Pro Laptop,Electronics,3,1200.0,South,Corporate,PayPal,3600.0
TX-14094,2025-06-27,CUST-0281,Premium Tablet,Electronics,1,600.0,North,Consumer,Cash,600.0
TX-11941,2025-11-11,CUST-0206,Mechanical Keyboard,Accessories,2,93.99,South,Consumer,Credit Card,187.98
TX-14270,2025-01-25,CUST-0151,Smartwatch,Electronics,9,162.0,East,Corporate,Cash,1458.0
TX-12817,2024-10-04,CUST-0393,Premium Tablet,Electronics,6,600.0,East,Corporate,PayPal,3600.0
TX-13948,2024-04-19,CUST-0290,Gel Pens 12-Pack,Office Supplies,9,12.08,West,Corporate,PayPal,108.72
TX-10194,2025-06-09,CUST-0213,Whiteboard,Office Supplies,1,79.99,East,Small Business,Cash,79.99
TX-11474,2025-03-17,CUST-0013,Mechanical Keyboard,Accessories,1,99.99,East,Consumer,PayPal,99.99
TX-12170,2024-12-07,CUST-0136,USB-C Multi-Hub,Accessories,3,39.99,South,Corporate,Cash,119.97
TX-11211,2025-05-05,CUST-0032,Desk Mat,Accessories,2,22.5,East,Corporate,Bank Transfer,45.0
TX-12470,2024-01-02,CUST-0313,Smartwatch,Electronics,3,200.0,West,Corporate,Credit Card,600.0
TX-11657,2025-11-25,CUST-0159,Desk Mat,Accessories,1,25.0,North,Consumer,PayPal,25.0
TX-14304,2024-01-27,CUST-0397,Mechanical Keyboard,Accessories,3,83.99,West,Consumer,Credit Card,251.96999999999997
TX-13063,2025-04-13,CUST-0004,Desk Mat,Accessories,3,21.5,North,Small Business,Bank Transfer,64.5
TX-14648,2025-09-19,CUST-0183,Noise-Cancelling Headphones,Electronics,1,250.0,West,Small Business,Credit Card,250.0
TX-12585,2025-06-14,CUST-0091,Wireless Mouse,Accessories,2,49.99,South,Small Business,Cash,99.98
TX-11893,2025-10-29,CUST-0395,Standing Desk,Office Supplies,2,373.5,East,Consumer,Credit Card,747.0
TX-14752,2024-03-16,CUST-0343,Standing Desk,Office Supplies,3,450.0,West,Small Business,Bank Transfer,1350.0
TX-11130,2024-01-04,CUST-0327,Ergonomic Chair,Office Supplies,3,299.99,South,Small Business,Credit Card,899.97
TX-11461,2024-05-26,CUST-0311,Premium Notebook,Office Supplies,8,15.5,East,Corporate,Bank Transfer,124.0
TX-10276,2024-04-14,CUST-0335,Noise-Cancelling Headphones,Electronics,1,250.0,North,Small Business,Cash,250.0
TX-14772,2025-01-01,CUST-0056,Standing Desk,Office Supplies,3,387.0,South,Consumer,PayPal,1161.0
TX-14013,2024-09-23,CUST-0199,Premium Notebook,Office Supplies,1,15.5,West,Consumer,Cash,15.5
TX-14989,2025-02-06,CUST-0351,USB-C Multi-Hub,Accessories,4,39.99,East,Corporate,Cash,159.96
TX-12328,2024-01-18,CUST-0316,Gel Pens 12-Pack,Office Supplies,9,12.99,North,Corporate,Cash,116.91
TX-11302,2025-04-11,CUST-0212,Premium Notebook,Office Supplies,7,15.5,North,Corporate,Cash,108.5
TX-12552,2024-06-03,CUST-0052,Laptop Sleeve,Accessories,1,29.99,South,Small Business,Cash,29.99
TX-10222,2024-03-17,CUST-0343,Pro Laptop,Electronics,4,1200.0,West,Small Business,PayPal,4800.0
TX-14667,2025-10-03,CUST-0299,4K Monitor,Electronics,8,350.0,North,Corporate,Bank Transfer,2800.0
TX-11972,2024-10-03,CUST-0064,Premium Tablet,Electronics,4,600.0,West,Small Business,PayPal,2400.0
TX-10573,2025-03-06,CUST-0160,Premium Notebook,Office Supplies,4,15.5,South,Small Business,Credit Card,62.0
TX-11236,2025-01-21,CUST-0197,Pro Laptop,Electronics,1,996.0,South,Consumer,Credit Card,996.0
TX-14317,2025-09-08,CUST-0026,Laptop Sleeve,Accessories,1,29.99,East,Small Business,Cash,29.99
TX-13553,2024-01-21,CUST-0134,Smartwatch,Electronics,8,200.0,East,Corporate,PayPal,1600.0
TX-12311,2024-05-22,CUST-0028,4K Monitor,Electronics,1,311.5,North,Consumer,Credit Card,311.5
TX-11334,2024-04-27,CUST-0166,Standing Desk,Office Supplies,3,382.5,East,Small Business,PayPal,1147.5
TX-12492,2024-10-01,CUST-0043,Mechanical Keyboard,Accessories,1,99.99,East,Consumer,Credit Card,99.99
TX-10418,2024-04-17,CUST-0262,Laptop Sleeve,Accessories,1,27.89,North,Consumer,Bank Transfer,27.89
TX-10267,2024-12-22,CUST-0089,USB-C Multi-Hub,Accessories,3,39.99,South,Corporate,PayPal,119.97
TX-11104,2025-05-07,CUST-0041,Gel Pens 12-Pack,Office Supplies,4,12.99,East,Small Business,PayPal,51.96
TX-10257,2025-11-26,CUST-0257,Noise-Cancelling Headphones,Electronics,1,222.5,West,Small Business,Cash,222.5
TX-10295,2024-06-17,CUST-0226,Standing Desk,Office Supplies,4,450.0,South,Corporate,Cash,1800.0
TX-14353,2024-08-25,CUST-0046,Ergonomic Chair,Office Supplies,2,299.99,East,Consumer,Bank Transfer,599.98
TX-10386,2025-04-01,CUST-0091,Whiteboard,Office Supplies,3,65.59,South,Small Business,Bank Transfer,196.77
TX-13431,2025-11-24,CUST-0253,4K Monitor,Electronics,3,350.0,South,Consumer,Bank Transfer,1050.0
TX-13135,2024-12-16,CUST-0068,Pro Laptop,Electronics,2,1200.0,East,Small Business,Cash,2400.0
TX-14085,2025-09-28,CUST-0200,Pro Laptop,Electronics,1,1200.0,South,Small Business,Credit Card,1200.0
TX-12451,2025-11-29,CUST-0315,Noise-Cancelling Headphones,Electronics,1,250.0,North,Small Business,Bank Transfer,250.0
TX-14361,2025-01-04,CUST-0059,Premium Tablet,Electronics,4,600.0,South,Small Business,Bank Transfer,2400.0
TX-13567,2025-09-09,CUST-0389,4K Monitor,Electronics,1,350.0,East,Small Business,Cash,350.0
TX-11886,2025-12-15,CUST-UNKNOWN,Premium Tablet,Electronics,2,600.0,West,Small Business,PayPal,1200.0
TX-14410,2024-07-09,CUST-0173,Mechanical Keyboard,Accessories,1,99.99,East,Small Business,Credit Card,99.99
TX-11563,2024-09-27,CUST-0048,Premium Notebook,Office Supplies,3,15.5,East,Consumer,Bank Transfer,46.5
TX-13682,2025-01-27,CUST-0048,USB-C Multi-Hub,Accessories,1,39.99,East,Consumer,Credit Card,39.99
TX-11400,2024-05-04,CUST-0248,Premium Tablet,Electronics,3,600.0,South,Small Business,Cash,1800.0
TX-10712,2025-12-08,CUST-0375,USB-C Multi-Hub,Accessories,9,39.99,East,Corporate,Credit Card,359.91
TX-14489,2024-03-21,CUST-UNKNOWN,4K Monitor,Electronics,3,350.0,East,Consumer,Bank Transfer,1050.0
TX-14748,2024-06-18,CUST-0066,4K Monitor,Electronics,2,350.0,North,Small Business,Credit Card,700.0
TX-10209,2024-02-29,CUST-0288,Gel Pens 12-Pack,Office Supplies,10,12.99,West,Corporate,PayPal,129.9
TX-13999,2025-03-06,CUST-0305,Gel Pens 12-Pack,Office Supplies,1,11.95,North,Consumer,Bank Transfer,11.95
TX-11289,2025-07-12,CUST-0241,Premium Tablet,Electronics,7,600.0,North,Corporate,Credit Card,4200.0
TX-12763,2025-12-20,CUST-0103,Premium Notebook,Office Supplies,2,15.5,East,Consumer,Credit Card,31.0
TX-12031,2024-07-15,CUST-0088,Gel Pens 12-Pack,Office Supplies,1,12.99,West,Small Business,Bank Transfer,12.99
TX-10449,2025-07-20,CUST-0103,4K Monitor,Electronics,3,350.0,East,Consumer,Bank Transfer,1050.0
TX-14118,2024-02-02,CUST-0381,Mechanical Keyboard,Accessories,4,99.99,West,Corporate,Bank Transfer,399.96
TX-12605,2024-09-14,CUST-0090,Wireless Mouse,Accessories,3,49.99,West,Consumer,Credit Card,149.97
TX-11820,2025-08-11,CUST-0102,Smartwatch,Electronics,3,200.0,North,Consumer,Cash,600.0
TX-10958,2025-10-18,CUST-0324,Laptop Sleeve,Accessories,3,29.99,North,Small Business,Cash,89.97
TX-11793,2024-07-13,CUST-0250,Whiteboard,Office Supplies,1,66.39,East,Consumer,Cash,66.39
TX-12078,2025-11-04,CUST-0207,Noise-Cancelling Headphones,Electronics,8,250.0,West,Corporate,Credit Card,2000.0
TX-10654,2024-01-04,CUST-0319,Ergonomic Chair,Office Supplies,4,299.99,North,Consumer,Cash,1199.96
TX-12439,2025-10-27,CUST-0302,Wireless Mouse,Accessories,9,49.99,South,Corporate,Bank Transfer,449.91
TX-13908,2025-02-27,CUST-0061,Pro Laptop,Electronics,1,1200.0,West,Small Business,Cash,1200.0
TX-12045,2025-10-08,CUST-0176,USB-C Multi-Hub,Accessories,3,33.19,East,Small Business,Credit Card,99.57
TX-11760,2024-02-24,CUST-0225,Whiteboard,Office Supplies,4,79.99,West,Consumer,Credit Card,319.96
TX-14525,2024-07-28,CUST-0305,Desk Mat,Accessories,1,25.0,North,Consumer,Credit Card,25.0
TX-13364,2024-02-09,CUST-0078,Laptop Sleeve,Accessories,4,29.99,East,Consumer,Cash,119.96
TX-12142,2025-10-13,CUST-0186,Laptop Sleeve,Accessories,3,29.99,North,Small Business,PayPal,89.97
TX-10411,2024-05-17,CUST-0176,Premium Notebook,Office Supplies,2,15.5,East,Small Business,PayPal,31.0
TX-11774,2024-12-19,CUST-0080,USB-C Multi-Hub,Accessories,4,39.99,East,Corporate,Cash,159.96
TX-11935,2024-01-06,CUST-0382,Mechanical Keyboard,Accessories,4,99.99,East,Consumer,Credit Card,399.96
TX-13888,2024-12-15,CUST-0002,Premium Tablet,Electronics,1,600.0,East,Consumer,Cash,600.0
TX-12968,2025-04-06,CUST-0389,Premium Tablet,Electronics,1,600.0,East,Small Business,Cash,600.0
TX-12802,2024-04-28,CUST-0149,Smartwatch,Electronics,1,200.0,North,Small Business,PayPal,200.0
TX-14337,2024-01-06,CUST-0253,Premium Tablet,Electronics,3,600.0,South,Consumer,PayPal,1800.0
TX-14803,2025-03-20,CUST-0386,Mechanical Keyboard,Accessories,3,99.99,North,Small Business,PayPal,299.96999999999997
TX-14169,2025-06-22,CUST-0112,Ergonomic Chair,Office Supplies,9,263.99,West,Corporate,PayPal,2375.91
TX-14362,2024-01-20,CUST-0271,USB-C Multi-Hub,Accessories,3,39.99,West,Consumer,PayPal,119.97
TX-12705,2024-01-04,CUST-0165,Wireless Mouse,Accessories,3,49.99,West,Small Business,PayPal,149.97
TX-13610,2025-07-16,CUST-UNKNOWN,Smartwatch,Electronics,4,168.0,North,Corporate,Credit Card,672.0
TX-11978,2025-12-16,CUST-0087,Standing Desk,Office Supplies,2,450.0,South,Consumer,Bank Transfer,900.0
TX-14129,2024-07-13,CUST-0350,Noise-Cancelling Headphones,Electronics,2,250.0,South,Consumer,Cash,500.0
TX-13404,2024-04-28,CUST-0050,4K Monitor,Electronics,4,350.0,West,Consumer,Bank Transfer,1400.0
TX-13622,2024-12-18,CUST-0059,Mechanical Keyboard,Accessories,4,99.99,South,Small Business,Cash,399.96
TX-10430,2024-02-17,CUST-0336,Ergonomic Chair,Office Supplies,10,299.99,North,Corporate,PayPal,2999.9
TX-14225,2025-11-21,CUST-0340,Standing Desk,Office Supplies,8,450.0,West,Corporate,Bank Transfer,3600.0
TX-13091,2025-08-06,CUST-0232,Standing Desk,Office Supplies,3,450.0,East,Small Business,Bank Transfer,1350.0
TX-11366,2025-10-14,CUST-0306,Ergonomic Chair,Office Supplies,1,299.99,West,Consumer,PayPal,299.99
TX-12042,2025-12-25,CUST-0162,Mechanical Keyboard,Accessories,1,99.99,East,Consumer,PayPal,99.99
TX-12893,2024-04-13,CUST-0065,Standing Desk,Office Supplies,4,450.0,East,Small Business,Cash,1800.0
TX-11176,2025-05-16,CUST-0049,USB-C Multi-Hub,Accessories,6,39.99,West,Corporate,Bank Transfer,239.94
TX-13381,2025-01-02,CUST-0219,Whiteboard,Office Supplies,3,79.99,North,Small Business,PayPal,239.96999999999997
TX-11476,2024-09-04,CUST-0365,Ergonomic Chair,Office Supplies,3,299.99,West,Small Business,Bank Transfer,899.97
TX-13199,2025-08-24,CUST-0293,Desk Mat,Accessories,10,25.0,North,Corporate,Bank Transfer,250.0
TX-13307,2025-08-25,CUST-0235,Laptop Sleeve,Accessories,4,29.99,East,Small Business,Bank Transfer,119.96
TX-10102,2024-04-13,CUST-0277,Laptop Sleeve,Accessories,1,29.99,West,Consumer,Bank Transfer,29.99
TX-12995,2024-07-04,CUST-0203,Ergonomic Chair,Office Supplies,2,299.99,South,Small Business,Credit Card,599.98
TX-14065,2024-03-16,CUST-0294,Desk Mat,Accessories,2,25.0,East,Corporate,Credit Card,50.0
TX-11263,2025-03-09,CUST-0140,4K Monitor,Electronics,4,350.0,North,Small Business,PayPal,1400.0
TX-14510,2025-08-02,CUST-0382,Wireless Mouse,Accessories,1,49.99,South,Consumer,Credit Card,49.99
TX-13184,2025-05-21,CUST-0338,4K Monitor,Electronics,2,350.0,East,Consumer,Credit Card,700.0
TX-13509,2024-06-04,CUST-0215,Pro Laptop,Electronics,1,1200.0,East,Consumer,PayPal,1200.0
TX-13106,2025-08-11,CUST-0254,Standing Desk,Office Supplies,4,387.0,North,Consumer,PayPal,1548.0
TX-13208,2025-05-28,CUST-0270,Premium Tablet,Electronics,3,600.0,West,Small Business,Cash,1800.0
TX-13347,2025-07-21,CUST-0365,4K Monitor,Electronics,2,350.0,West,Small Business,Cash,700.0
TX-13243,2025-02-16,CUST-0303,Pro Laptop,Electronics,3,1200.0,South,Small Business,Credit Card,3600.0
TX-13016,2025-09-12,CUST-0360,Desk Mat,Accessories,4,25.0,North,Small Business,PayPal,100.0
TX-11643,2024-01-15,CUST-0343,Noise-Cancelling Headphones,Electronics,2,250.0,West,Small Business,Bank Transfer,500.0
TX-14531,2024-05-13,CUST-0060,Whiteboard,Office Supplies,2,79.99,South,Small Business,Cash,159.98
TX-10000,2024-06-01,CUST-0156,Premium Tablet,Electronics,3,600.0,East,Corporate,Cash,1800.0
TX-11580,2024-10-16,CUST-0374,Whiteboard,Office Supplies,8,79.99,West,Corporate,Credit Card,639.92
TX-14448,2025-07-06,CUST-0228,Standing Desk,Office Supplies,3,373.5,East,Small Business,Bank Transfer,1120.5
TX-14141,2025-10-13,CUST-0180,Ergonomic Chair,Office Supplies,3,299.99,North,Consumer,Cash,899.97
TX-11356,2025-06-09,CUST-0104,Standing Desk,Office Supplies,3,450.0,South,Corporate,Bank Transfer,1350.0
TX-13441,2025-05-04,CUST-0349,Ergonomic Chair,Office Supplies,8,299.99,East,Corporate,Cash,2399.92
TX-12111,2025-07-15,CUST-0226,Mechanical Keyboard,Accessories,5,99.99,South,Corporate,PayPal,499.95
TX-13632,2025-03-01,CUST-0014,Gel Pens 12-Pack,Office Supplies,3,12.99,South,Small Business,Cash,38.97
TX-13554,2025-08-10,CUST-0123,Premium Notebook,Office Supplies,1,15.5,South,Consumer,Bank Transfer,15.5
TX-12422,2024-08-22,CUST-0170,Noise-Cancelling Headphones,Electronics,1,250.0,East,Consumer,Credit Card,250.0
TX-10396,2024-09-22,CUST-0208,Ergonomic Chair,Office Supplies,2,299.99,East,Consumer,Bank Transfer,599.98
TX-13692,2024-01-09,CUST-0128,Desk Mat,Accessories,8,25.0,West,Corporate,Bank Transfer,200.0
TX-11064,2024-06-30,CUST-0353,Desk Mat,Accessories,3,20.25,West,Corporate,PayPal,60.75
TX-14900,2024-04-28,CUST-0372,Pro Laptop,Electronics,9,1200.0,East,Corporate,Bank Transfer,10800.0
TX-12465,2024-02-24,CUST-0109,Noise-Cancelling Headphones,Electronics,4,250.0,South,Consumer,PayPal,1000.0
TX-10818,2024-07-06,CUST-0307,4K Monitor,Electronics,3,350.0,West,Consumer,Bank Transfer,1050.0
TX-11812,2024-11-03,CUST-0278,Smartwatch,Electronics,2,200.0,East,Consumer,Bank Transfer,400.0
TX-12588,2025-04-30,CUST-0354,Mechanical Keyboard,Accessories,7,88.99,North,Corporate,PayPal,622.93
TX-11552,2024-03-04,CUST-0161,4K Monitor,Electronics,3,350.0,East,Consumer,PayPal,1050.0
TX-13166,2025-10-12,CUST-0049,Gel Pens 12-Pack,Office Supplies,2,12.99,West,Corporate,Bank Transfer,25.98
TX-10816,2024-11-23,CUST-0183,Pro Laptop,Electronics,3,1200.0,West,Small Business,Bank Transfer,3600.0
TX-11572,2024-11-03,CUST-0260,Smartwatch,Electronics,4,200.0,West,Consumer,Bank Transfer,800.0
TX-13010,2024-06-25,CUST-0010,Laptop Sleeve,Accessories,3,29.99,South,Small Business,Cash,89.97
TX-11800,2025-09-22,CUST-0190,Standing Desk,Office Supplies,4,450.0,South,Consumer,Credit Card,1800.0
TX-14313,2025-09-07,CUST-0320,Standing Desk,Office Supplies,4,450.0,South,Consumer,Cash,1800.0
TX-10381,2025-02-20,CUST-0380,Whiteboard,Office Supplies,3,79.99,South,Small Business,Credit Card,239.96999999999997
TX-12916,2024-09-21,CUST-0332,Gel Pens 12-Pack,Office Supplies,3,12.99,South,Consumer,Bank Transfer,38.97
TX-13878,2024-03-08,CUST-0326,Standing Desk,Office Supplies,3,409.5,East,Corporate,Cash,1228.5
TX-14567,2025-01-06,CUST-0318,Ergonomic Chair,Office Supplies,3,299.99,North,Small Business,Bank Transfer,899.97
TX-13555,2025-12-07,CUST-0157,Whiteboard,Office Supplies,3,79.99,East,Consumer,Cash,239.96999999999997
TX-13830,2024-11-22,CUST-0019,Ergonomic Chair,Office Supplies,3,299.99,West,Consumer,Bank Transfer,899.97
TX-11780,2025-05-06,CUST-0338,Laptop Sleeve,Accessories,1,29.99,East,Consumer,Credit Card,29.99
TX-14339,2024-04-25,CUST-0109,Wireless Mouse,Accessories,4,49.99,South,Consumer,Credit Card,199.96
TX-13525,2024-09-05,CUST-0395,Gel Pens 12-Pack,Office Supplies,2,12.99,East,Consumer,Credit Card,25.98
TX-13165,2024-07-22,CUST-0349,Pro Laptop,Electronics,9,1200.0,East,Corporate,PayPal,10800.0
TX-10864,2025-06-12,CUST-0096,Desk Mat,Accessories,5,25.0,North,Corporate,Cash,125.0
TX-13064,2024-06-10,CUST-0016,4K Monitor,Electronics,2,350.0,East,Consumer,Credit Card,700.0
TX-13799,2025-03-23,CUST-0264,Gel Pens 12-Pack,Office Supplies,3,12.99,South,Small Business,Cash,38.97
TX-10554,2024-03-14,CUST-0041,Noise-Cancelling Headphones,Electronics,2,250.0,East,Small Business,Bank Transfer,500.0
TX-11159,2025-08-09,CUST-0356,Wireless Mouse,Accessories,2,49.99,West,Consumer,Cash,99.98
TX-11213,2024-11-25,CUST-0144,Wireless Mouse,Accessories,4,49.99,North,Small Business,PayPal,199.96
TX-13742,2024-10-19,CUST-0247,Mechanical Keyboard,Accessories,4,99.99,West,Small Business,PayPal,399.96
TX-13652,2025-03-12,CUST-0253,Standing Desk,Office Supplies,2,450.0,South,Consumer,Credit Card,900.0
TX-10048,2024-11-05,CUST-0060,Pro Laptop,Electronics,1,1200.0,South,Small Business,Bank Transfer,1200.0
TX-12399,2024-11-11,CUST-0114,4K Monitor,Electronics,1,287.0,North,Small Business,Cash,287.0
TX-10700,2025-02-03,CUST-0316,Desk Mat,Accessories,5,25.0,North,Corporate,PayPal,125.0
TX-10652,2024-07-02,CUST-0394,Wireless Mouse,Accessories,8,49.99,West,Corporate,Bank Transfer,399.92
TX-13203,2025-07-15,CUST-0300,Laptop Sleeve,Accessories,1,29.99,East,Small Business,Credit Card,29.99
TX-13113,2025-02-22,CUST-0270,Whiteboard,Office Supplies,3,67.19,West,Small Business,Cash,201.57
TX-13778,2024-07-14,CUST-0063,4K Monitor,Electronics,3,350.0,West,Small Business,Credit Card,1050.0
TX-10748,2024-08-26,CUST-0037,Premium Tablet,Electronics,4,600.0,North,Small Business,Credit Card,2400.0
TX-11455,2024-10-10,CUST-0283,Ergonomic Chair,Office Supplies,4,299.99,West,Small Business,PayPal,1199.96
TX-14220,2024-06-04,CUST-0332,Gel Pens 12-Pack,Office Supplies,1,12.99,South,Consumer,Credit Card,12.99
TX-12114,2024-04-05,CUST-0129,Laptop Sleeve,Accessories,2,29.99,West,Consumer,Credit Card,59.98
TX-13609,2025-03-10,CUST-0278,Wireless Mouse,Accessories,1,49.99,East,Consumer,Credit Card,49.99
TX-10866,2024-05-31,CUST-0124,Noise-Cancelling Headphones,Electronics,4,250.0,West,Small Business,Cash,1000.0
TX-10752,2025-11-25,CUST-0062,Laptop Sleeve,Accessories,10,29.99,North,Corporate,PayPal,299.9
TX-11644,2024-06-02,CUST-0399,Wireless Mouse,Accessories,2,49.99,West,Consumer,Bank Transfer,99.98
TX-10092,2024-04-02,CUST-0315,Laptop Sleeve,Accessories,4,29.99,North,Small Business,Cash,119.96
TX-12865,2025-09-18,CUST-0003,4K Monitor,Electronics,1,350.0,South,Consumer,Credit Card,350.0
TX-14586,2024-11-17,CUST-0209,Whiteboard,Office Supplies,2,79.99,South,Consumer,Cash,159.98
TX-12464,2024-02-20,CUST-0033,Desk Mat,Accessories,2,25.0,East,Consumer,Bank Transfer,50.0
TX-12847,2025-04-01,CUST-0243,Smartwatch,Electronics,1,200.0,West,Small Business,PayPal,200.0
TX-11490,2024-03-29,CUST-0071,Ergonomic Chair,Office Supplies,7,299.99,South,Corporate,Credit Card,2099.9300000000003
TX-12937,2024-12-11,CUST-0392,Premium Tablet,Electronics,1,600.0,North,Small Business,Cash,600.0
TX-12658,2025-01-14,CUST-0108,Pro Laptop,Electronics,4,1200.0,West,Corporate,PayPal,4800.0
TX-10729,2024-04-16,CUST-0351,Premium Notebook,Office Supplies,5,15.5,East,Corporate,Bank Transfer,77.5
TX-12757,2025-12-30,CUST-0284,Standing Desk,Office Supplies,2,369.0,South,Small Business,Bank Transfer,738.0
TX-12857,2024-04-22,CUST-0293,Smartwatch,Electronics,6,180.0,North,Corporate,PayPal,1080.0
TX-13647,2024-09-06,CUST-0049,Standing Desk,Office Supplies,3,450.0,West,Corporate,PayPal,1350.0
TX-11936,2024-08-16,CUST-0175,Laptop Sleeve,Accessories,4,29.99,East,Consumer,PayPal,119.96
TX-11745,2024-04-01,CUST-0171,Whiteboard,Office Supplies,2,79.99,North,Small Business,Bank Transfer,159.98
TX-12520,2024-12-28,CUST-0237,Ergonomic Chair,Office Supplies,2,299.99,West,Small Business,Credit Card,599.98
TX-13326,2024-04-29,CUST-UNKNOWN,Premium Tablet,Electronics,3,600.0,North,Small Business,Bank Transfer,1800.0
TX-13543,2025-12-28,CUST-0396,Ergonomic Chair,Office Supplies,8,299.99,North,Corporate,Bank Transfer,2399.92
TX-11957,2024-10-04,CUST-0305,Mechanical Keyboard,Accessories,3,99.99,North,Consumer,Bank Transfer,299.96999999999997
TX-11110,2025-08-25,CUST-0037,Ergonomic Chair,Office Supplies,1,299.99,North,Small Business,Cash,299.99
TX-13565,2024-11-08,CUST-0031,Ergonomic Chair,Office Supplies,4,299.99,North,Corporate,Bank Transfer,1199.96
TX-14089,2024-01-02,CUST-0025,Laptop Sleeve,Accessories,2,29.99,East,Small Business,PayPal,59.98
TX-14497,2024-02-17,CUST-0190,Standing Desk,Office Supplies,4,450.0,South,Consumer,Cash,1800.0
TX-14182,2024-04-15,CUST-0079,Premium Tablet,Electronics,2,600.0,North,Small Business,Credit Card,1200.0
TX-10346,2024-08-12,CUST-0011,Desk Mat,Accessories,1,25.0,West,Consumer,Bank Transfer,25.0
TX-11185,2025-03-10,CUST-0347,Mechanical Keyboard,Accessories,9,99.99,West,Corporate,Cash,899.91
TX-14889,2025-05-23,CUST-0237,Mechanical Keyboard,Accessories,3,99.99,West,Small Business,Bank Transfer,299.96999999999997
TX-14063,2025-03-31,CUST-0249,Smartwatch,Electronics,7,200.0,North,Corporate,Bank Transfer,1400.0
TX-11515,2024-01-24,CUST-0155,Gel Pens 12-Pack,Office Supplies,2,12.99,South,Small Business,Credit Card,25.98
TX-14696,2024-02-14,CUST-0090,Premium Tablet,Electronics,4,600.0,West,Consumer,Credit Card,2400.0
TX-10578,2024-11-01,CUST-0342,Pro Laptop,Electronics,2,1200.0,East,Small Business,Cash,2400.0
TX-11964,2025-05-21,CUST-0233,Laptop Sleeve,Accessories,6,28.19,West,Corporate,Cash,169.14000000000001
TX-10075,2024-12-15,CUST-0398,Laptop Sleeve,Accessories,3,25.19,North,Corporate,Credit Card,75.57000000000001
TX-11429,2025-09-04,CUST-0379,Wireless Mouse,Accessories,4,49.99,South,Consumer,PayPal,199.96
TX-14342,2025-06-28,CUST-0133,Mechanical Keyboard,Accessories,8,99.99,East,Corporate,Bank Transfer,799.92
TX-14456,2025-03-27,CUST-0142,Gel Pens 12-Pack,Office Supplies,1,12.99,South,Consumer,Credit Card,12.99
TX-13909,2025-08-12,CUST-0243,Premium Notebook,Office Supplies,4,15.5,West,Small Business,Bank Transfer,62.0
TX-14982,2025-04-13,CUST-0178,Whiteboard,Office Supplies,2,70.39,North,Consumer,Bank Transfer,140.78
TX-11846,2025-08-29,CUST-0032,Standing Desk,Office Supplies,10,360.0,East,Corporate,Credit Card,3600.0
TX-10131,2025-10-22,CUST-0197,Wireless Mouse,Accessories,2,49.99,South,Consumer,Cash,99.98
TX-10178,2024-03-01,CUST-0394,4K Monitor,Electronics,5,350.0,West,Corporate,Credit Card,1750.0
TX-13718,2025-11-21,CUST-0101,Noise-Cancelling Headphones,Electronics,4,210.0,North,Consumer,Cash,840.0
TX-14561,2024-09-13,CUST-0236,Laptop Sleeve,Accessories,1,29.99,South,Consumer,Bank Transfer,29.99
TX-12882,2025-07-27,CUST-0283,USB-C Multi-Hub,Accessories,1,39.99,West,Small Business,Credit Card,39.99
TX-12619,2025-12-29,CUST-0216,Desk Mat,Accessories,8,25.0,North,Corporate,Bank Transfer,200.0
TX-11842,2024-02-27,CUST-0361,Premium Tablet,Electronics,1,486.0,South,Consumer,PayPal,486.0
TX-12127,2024-04-28,CUST-0065,Premium Tablet,Electronics,1,600.0,East,Small Business,Cash,600.0
TX-12574,2025-11-04,CUST-0091,Whiteboard,Office Supplies,4,79.99,South,Small Business,Bank Transfer,319.96
TX-12405,2025-05-30,CUST-0129,Laptop Sleeve,Accessories,4,24.29,West,Consumer,Credit Card,97.16
TX-10604,2024-06-08,CUST-0188,Mechanical Keyboard,Accessories,5,99.99,North,Corporate,Bank Transfer,499.95
TX-12962,2025-04-20,CUST-0334,Gel Pens 12-Pack,Office Supplies,1,12.08,East,Small Business,Cash,12.08
TX-10025,2025-01-25,CUST-0340,Mechanical Keyboard,Accessories,9,80.99,South,Corporate,Credit Card,728.91
TX-10658,2024-12-23,CUST-0342,Laptop Sleeve,Accessories,3,29.99,East,Small Business,Bank Transfer,89.97
TX-11896,2024-08-09,CUST-UNKNOWN,Standing Desk,Office Supplies,9,450.0,East,Corporate,Cash,4050.0
TX-13366,2024-05-04,CUST-0395,Noise-Cancelling Headphones,Electronics,3,250.0,East,Consumer,Bank Transfer,750.0
TX-14509,2024-11-07,CUST-0050,Smartwatch,Electronics,2,176.0,West,Consumer,PayPal,352.0
TX-10173,2024-05-29,CUST-0149,Noise-Cancelling Headphones,Electronics,1,250.0,North,Small Business,Bank Transfer,250.0
TX-11611,2024-12-19,CUST-0272,Premium Notebook,Office Supplies,6,15.5,West,Corporate,Bank Transfer,93.0
TX-10437,2025-09-10,CUST-0317,USB-C Multi-Hub,Accessories,2,39.99,South,Small Business,Cash,79.98
TX-10331,2024-05-23,CUST-0063,Pro Laptop,Electronics,2,1068.0,West,Small Business,PayPal,2136.0
TX-13145,2024-03-06,CUST-0149,Ergonomic Chair,Office Supplies,3,299.99,North,Small Business,PayPal,899.97
TX-11454,2025-01-02,CUST-0246,Laptop Sleeve,Accessories,2,24.29,South,Small Business,Cash,48.58
TX-10342,2024-02-27,CUST-0392,4K Monitor,Electronics,4,350.0,North,Small Business,Bank Transfer,1400.0
TX-14288,2024-01-25,CUST-0326,Laptop Sleeve,Accessories,7,27.89,East,Corporate,PayPal,195.23000000000002
TX-10727,2025-02-04,CUST-0237,Mechanical Keyboard,Accessories,2,99.99,West,Small Business,Bank Transfer,199.98
TX-13837,2025-01-09,CUST-0240,USB-C Multi-Hub,Accessories,8,35.99,East,Corporate,Bank Transfer,287.92
TX-10976,2024-10-23,CUST-0061,Premium Notebook,Office Supplies,3,15.5,West,Small Business,Bank Transfer,46.5
TX-12067,2025-10-19,CUST-0019,Standing Desk,Office Supplies,1,382.5,West,Consumer,Bank Transfer,382.5
TX-13563,2025-09-15,CUST-0149,Premium Tablet,Electronics,4,600.0,North,Small Business,PayPal,2400.0
TX-11928,2025-12-02,CUST-0014,Ergonomic Chair,Office Supplies,4,299.99,South,Small Business,Credit Card,1199.96
TX-12651,2025-01-10,CUST-0025,Premium Tablet,Electronics,3,600.0,East,Small Business,Cash,1800.0
TX-14480,2025-12-05,CUST-0310,Pro Laptop,Electronics,8,1200.0,South,Corporate,Credit Card,9600.0
TX-11299,2024-07-11,CUST-0216,Laptop Sleeve,Accessories,4,29.99,North,Corporate,Cash,119.96
TX-13034,2024-09-30,CUST-0040,Standing Desk,Office Supplies,5,450.0,West,Corporate,Bank Transfer,2250.0
TX-14626,2025-12-03,CUST-0271,Wireless Mouse,Accessories,3,49.99,West,Consumer,Bank Transfer,149.97
TX-10660,2025-12-09,CUST-0294,Mechanical Keyboard,Accessories,9,99.99,East,Corporate,Bank Transfer,899.91
TX-14026,2025-11-18,CUST-0298,Noise-Cancelling Headphones,Electronics,5,225.0,West,Corporate,Bank Transfer,1125.0
TX-12426,2025-01-05,CUST-0244,Laptop Sleeve,Accessories,5,29.99,East,Corporate,Cash,149.95
TX-14243,2024-10-30,CUST-0084,Laptop Sleeve,Accessories,4,29.99,South,Small Business,Credit Card,119.96
TX-13127,2025-09-26,CUST-0201,USB-C Multi-Hub,Accessories,5,39.99,East,Corporate,Credit Card,199.95000000000002
TX-12221,2024-08-30,CUST-0232,Noise-Cancelling Headphones,Electronics,1,250.0,East,Small Business,Cash,250.0
TX-13095,2024-09-19,CUST-0096,Laptop Sleeve,Accessories,8,26.69,North,Corporate,PayPal,213.52
TX-12742,2024-07-15,CUST-0225,USB-C Multi-Hub,Accessories,4,39.99,West,Consumer,Cash,159.96
TX-13649,2024-11-08,CUST-0112,Whiteboard,Office Supplies,10,65.59,West,Corporate,Credit Card,655.9000000000001
TX-13238,2025-12-04,CUST-0082,Pro Laptop,Electronics,10,1200.0,East,Corporate,PayPal,12000.0
TX-11278,2024-05-26,CUST-0159,Wireless Mouse,Accessories,4,49.99,North,Consumer,Credit Card,199.96
TX-13808,2024-01-09,CUST-0026,Mechanical Keyboard,Accessories,3,92.99,East,Small Business,PayPal,278.96999999999997
TX-11621,2024-08-17,CUST-0318,Wireless Mouse,Accessories,4,49.99,North,Small Business,Credit Card,199.96
TX-13058,2024-05-22,CUST-0061,Desk Mat,Accessories,1,25.0,West,Small Business,Bank Transfer,25.0
TX-14125,2024-12-01,CUST-0364,Pro Laptop,Electronics,3,1116.0,South,Small Business,Credit Card,3348.0
TX-10067,2024-04-05,CUST-0222,Noise-Cancelling Headphones,Electronics,4,250.0,North,Corporate,Credit Card,1000.0
TX-13536,2025-03-11,CUST-0222,Gel Pens 12-Pack,Office Supplies,10,12.99,North,Corporate,Credit Card,129.9
TX-14638,2025-01-07,CUST-0308,Whiteboard,Office Supplies,6,79.99,North,Corporate,Cash,479.93999999999994
TX-13844,2025-08-30,CUST-0228,Wireless Mouse,Accessories,3,49.99,East,Small Business,Cash,149.97
TX-10820,2024-01-14,CUST-0145,Gel Pens 12-Pack,Office Supplies,4,12.99,North,Small Business,Bank Transfer,51.96
TX-11226,2024-10-03,CUST-0027,Mechanical Keyboard,Accessories,2,89.99,South,Small Business,Credit Card,179.98
TX-13035,2024-12-09,CUST-0257,Whiteboard,Office Supplies,3,79.99,West,Small Business,Cash,239.96999999999997
TX-12463,2024-05-24,CUST-0065,Gel Pens 12-Pack,Office Supplies,1,12.99,East,Small Business,Credit Card,12.99
TX-14678,2024-09-18,CUST-0223,Standing Desk,Office Supplies,6,423.0,South,Corporate,Bank Transfer,2538.0
TX-14483,2024-10-07,CUST-0353,Wireless Mouse,Accessories,6,49.99,West,Corporate,Bank Transfer,299.94
TX-14295,2025-08-18,CUST-0342,Premium Notebook,Office Supplies,4,15.5,East,Small Business,Bank Transfer,62.0
TX-13399,2025-09-28,CUST-0365,Standing Desk,Office Supplies,3,450.0,West,Small Business,Credit Card,1350.0
TX-11143,2025-07-05,CUST-0162,Noise-Cancelling Headphones,Electronics,2,250.0,East,Consumer,Cash,500.0
TX-10397,2024-08-15,CUST-0352,Desk Mat,Accessories,7,25.0,South,Corporate,Bank Transfer,175.0
TX-12948,2024-11-03,CUST-0220,Standing Desk,Office Supplies,2,450.0,West,Corporate,Cash,900.0
TX-14327,2025-01-21,CUST-0388,Mechanical Keyboard,Accessories,1,91.99,North,Consumer,Cash,91.99
TX-14140,2024-06-15,CUST-0283,Noise-Cancelling Headphones,Electronics,2,250.0,West,Small Business,Cash,500.0
TX-11398,2024-07-24,CUST-0059,Pro Laptop,Electronics,2,1200.0,South,Small Business,Credit Card,2400.0
TX-11659,2024-11-07,CUST-0176,Laptop Sleeve,Accessories,2,29.99,East,Small Business,PayPal,59.98
TX-10979,2024-03-10,CUST-0214,Whiteboard,Office Supplies,3,79.99,West,Small Business,Cash,239.96999999999997
TX-11298,2024-01-04,CUST-0231,Smartwatch,Electronics,1,200.0,East,Small Business,Credit Card,200.0
TX-14653,2024-02-04,CUST-0391,Mechanical Keyboard,Accessories,1,81.99,West,Consumer,Credit Card,81.99
TX-10082,2024-02-13,CUST-0224,Smartwatch,Electronics,1,200.0,North,Small Business,Bank Transfer,200.0
TX-12213,2024-09-26,CUST-0012,Whiteboard,Office Supplies,3,79.99,West,Small Business,Credit Card,239.96999999999997
TX-12801,2025-01-30,CUST-0193,4K Monitor,Electronics,4,350.0,South,Small Business,PayPal,1400.0
TX-13793,2024-05-11,CUST-0302,Ergonomic Chair,Office Supplies,8,299.99,South,Corporate,Cash,2399.92
TX-13835,2024-02-18,CUST-0171,USB-C Multi-Hub,Accessories,4,39.99,South,Small Business,Cash,159.96
TX-12416,2025-07-04,CUST-0315,Desk Mat,Accessories,1,25.0,North,Small Business,Cash,25.0
TX-10423,2024-10-30,CUST-0026,Premium Tablet,Electronics,1,600.0,East,Small Business,Bank Transfer,600.0
TX-14365,2024-07-04,CUST-0305,Premium Notebook,Office Supplies,3,15.5,North,Consumer,Cash,46.5
TX-11904,2024-08-28,CUST-0234,Laptop Sleeve,Accessories,3,26.09,West,Small Business,Bank Transfer,78.27
TX-14564,2024-02-07,CUST-0300,Desk Mat,Accessories,1,25.0,East,Small Business,Credit Card,25.0
TX-13402,2025-07-22,CUST-0313,Pro Laptop,Electronics,8,1200.0,West,Corporate,PayPal,9600.0
TX-14652,2025-11-15,CUST-0295,Laptop Sleeve,Accessories,3,29.99,West,Small Business,Credit Card,89.97
TX-11565,2025-12-20,CUST-0350,Standing Desk,Office Supplies,3,373.5,South,Consumer,Bank Transfer,1120.5
TX-13405,2024-09-02,CUST-0369,Whiteboard,Office Supplies,1,79.99,West,Small Business,Bank Transfer,79.99
TX-10839,2025-12-12,CUST-0053,Mechanical Keyboard,Accessories,1,99.99,East,Small Business,Bank Transfer,99.99
TX-10500,2025-09-10,CUST-0004,Mechanical Keyboard,Accessories,4,99.99,North,Small Business,PayPal,399.96
TX-10141,2025-10-19,CUST-0177,4K Monitor,Electronics,4,350.0,West,Corporate,PayPal,1400.0
TX-11377,2025-10-03,CUST-0231,Mechanical Keyboard,Accessories,3,99.99,East,Small Business,Bank Transfer,299.96999999999997
TX-13751,2025-01-17,CUST-0101,Gel Pens 12-Pack,Office Supplies,3,12.99,North,Consumer,Credit Card,38.97
TX-12173,2024-08-24,CUST-0245,Ergonomic Chair,Office Supplies,4,248.99,West,Corporate,Cash,995.96
TX-11138,2025-10-10,CUST-0047,USB-C Multi-Hub,Accessories,2,39.99,South,Small Business,Credit Card,79.98
TX-12581,2025-11-29,CUST-0096,Gel Pens 12-Pack,Office Supplies,5,12.99,North,Corporate,Credit Card,64.95
TX-11787,2025-06-20,CUST-0092,USB-C Multi-Hub,Accessories,2,32.39,East,Corporate,PayPal,64.78
TX-12602,2024-11-27,CUST-0037,Smartwatch,Electronics,2,200.0,North,Small Business,Cash,400.0
TX-10550,2025-07-27,CUST-0132,Ergonomic Chair,Office Supplies,8,299.99,North,Corporate,Credit Card,2399.92
TX-13279,2024-03-31,CUST-0189,USB-C Multi-Hub,Accessories,4,39.99,South,Corporate,PayPal,159.96
TX-12019,2025-02-18,CUST-0027,USB-C Multi-Hub,Accessories,3,39.99,South,Small Business,Credit Card,119.97
TX-10948,2024-12-14,CUST-0395,USB-C Multi-Hub,Accessories,2,39.99,East,Consumer,Credit Card,79.98
TX-12291,2024-04-13,CUST-0168,Laptop Sleeve,Accessories,1,29.99,East,Small Business,Bank Transfer,29.99
TX-10532,2025-10-10,CUST-UNKNOWN,Mechanical Keyboard,Accessories,3,99.99,West,Small Business,Cash,299.96999999999997
TX-11829,2025-01-13,CUST-0036,Premium Tablet,Electronics,3,600.0,East,Small Business,Cash,1800.0
TX-14640,2024-12-15,CUST-0251,Premium Tablet,Electronics,3,600.0,South,Small Business,Bank Transfer,1800.0
TX-14444,2025-05-17,CUST-0367,Gel Pens 12-Pack,Office Supplies,4,12.99,North,Consumer,Bank Transfer,51.96
TX-13927,2024-11-14,CUST-0272,Noise-Cancelling Headphones,Electronics,5,250.0,West,Corporate,Cash,1250.0
TX-11602,2025-07-06,CUST-0125,Wireless Mouse,Accessories,3,49.99,North,Consumer,Cash,149.97
TX-10639,2025-02-22,CUST-0008,Gel Pens 12-Pack,Office Supplies,2,12.99,South,Consumer,PayPal,25.98
TX-14861,2024-04-30,CUST-0258,Gel Pens 12-Pack,Office Supplies,1,12.99,South,Small Business,PayPal,12.99
TX-10967,2024-08-29,CUST-0382,Laptop Sleeve,Accessories,2,29.99,East,Consumer,Bank Transfer,59.98
TX-14263,2024-11-01,CUST-0262,Whiteboard,Office Supplies,4,79.99,North,Consumer,Cash,319.96
TX-12664,2025-02-27,CUST-0055,Laptop Sleeve,Accessories,4,26.99,West,Corporate,Bank Transfer,107.96
TX-11683,2024-01-07,CUST-0200,Pro Laptop,Electronics,2,1200.0,South,Small Business,Bank Transfer,2400.0
TX-14776,2024-07-20,CUST-0185,Wireless Mouse,Accessories,2,49.99,North,Consumer,Bank Transfer,99.98
TX-12374,2025-08-16,CUST-0323,Premium Notebook,Office Supplies,10,12.4,South,Corporate,PayPal,124.0
TX-10155,2025-09-03,CUST-0335,Desk Mat,Accessories,3,25.0,North,Small Business,Credit Card,75.0
TX-12522,2024-06-21,CUST-0051,Laptop Sleeve,Accessories,2,29.99,East,Consumer,Credit Card,59.98
TX-12880,2025-01-02,CUST-0327,Smartwatch,Electronics,3,200.0,South,Small Business,PayPal,600.0
TX-11089,2024-11-19,CUST-0235,Pro Laptop,Electronics,3,984.0,East,Small Business,Bank Transfer,2952.0
TX-12694,2024-02-29,CUST-0200,Premium Notebook,Office Supplies,2,13.79,South,Small Business,Credit Card,27.58
TX-14266,2024-02-12,CUST-0162,USB-C Multi-Hub,Accessories,4,34.79,East,Consumer,Bank Transfer,139.16
TX-10288,2024-07-26,CUST-0353,Noise-Cancelling Headphones,Electronics,4,225.0,West,Corporate,Bank Transfer,900.0
TX-10930,2025-04-16,CUST-0355,Whiteboard,Office Supplies,4,79.99,East,Consumer,Bank Transfer,319.96
TX-13463,2024-02-23,CUST-0235,Premium Tablet,Electronics,2,528.0,East,Small Business,PayPal,1056.0
TX-12644,2024-12-01,CUST-0038,4K Monitor,Electronics,3,350.0,South,Small Business,Credit Card,1050.0
TX-14289,2024-02-18,CUST-0126,Laptop Sleeve,Accessories,1,29.99,North,Consumer,Credit Card,29.99
TX-13537,2025-12-05,CUST-0204,Smartwatch,Electronics,7,162.0,North,Corporate,PayPal,1134.0
TX-13339,2025-12-25,CUST-0199,Whiteboard,Office Supplies,2,70.39,West,Consumer,Bank Transfer,140.78
TX-10942,2025-12-02,CUST-0309,Desk Mat,Accessories,4,25.0,West,Corporate,Bank Transfer,100.0
TX-13915,2025-03-25,CUST-0306,Gel Pens 12-Pack,Office Supplies,1,12.99,West,Consumer,PayPal,12.99
TX-14689,2025-04-29,CUST-0010,Mechanical Keyboard,Accessories,3,92.99,South,Small Business,Cash,278.96999999999997
TX-11698,2024-02-09,CUST-0032,Mechanical Keyboard,Accessories,6,99.99,East,Corporate,Bank Transfer,599.9399999999999
TX-14823,2025-05-24,CUST-0112,Pro Laptop,Electronics,3,1200.0,West,Corporate,PayPal,3600.0
TX-14867,2024-07-15,CUST-0031,4K Monitor,Electronics,8,350.0,North,Corporate,Bank Transfer,2800.0
TX-12942,2025-03-28,CUST-0053,Smartwatch,Electronics,2,200.0,East,Small Business,Credit Card,400.0
TX-12874,2025-04-02,CUST-0165,Whiteboard,Office Supplies,3,79.99,West,Small Business,Bank Transfer,239.96999999999997
TX-10985,2025-07-08,CUST-0296,4K Monitor,Electronics,10,350.0,South,Corporate,PayPal,3500.0
TX-12812,2025-08-12,CUST-0211,Wireless Mouse,Accessories,8,49.99,East,Corporate,Cash,399.92
TX-14251,2024-08-29,CUST-0143,Pro Laptop,Electronics,2,1200.0,North,Consumer,PayPal,2400.0
TX-13388,2025-03-31,CUST-0399,Pro Laptop,Electronics,1,1200.0,West,Consumer,Cash,1200.0
TX-14806,2024-02-10,CUST-0334,Noise-Cancelling Headphones,Electronics,4,215.0,East,Small Business,PayPal,860.0
TX-10981,2025-04-16,CUST-0390,Gel Pens 12-Pack,Office Supplies,2,11.17,South,Small Business,Bank Transfer,22.34
TX-12527,2024-12-13,CUST-0246,Laptop Sleeve,Accessories,2,29.99,South,Small Business,Credit Card,59.98
TX-12462,2024-02-16,CUST-0164,Whiteboard,Office Supplies,2,79.99,East,Consumer,Credit Card,159.98
TX-13207,2025-10-14,CUST-0367,Whiteboard,Office Supplies,4,79.99,North,Consumer,Credit Card,319.96
TX-12984,2024-09-10,CUST-0106,Pro Laptop,Electronics,2,1200.0,South,Small Business,PayPal,2400.0
TX-14607,2025-09-27,CUST-0095,Wireless Mouse,Accessories,1,43.99,South,Consumer,PayPal,43.99
TX-14355,2024-01-30,CUST-0005,Pro Laptop,Electronics,1,1200.0,North,Small Business,Credit Card,1200.0
TX-11457,2025-11-02,CUST-0095,Laptop Sleeve,Accessories,4,25.19,South,Consumer,Bank Transfer,100.76
TX-11395,2024-04-09,CUST-0149,Desk Mat,Accessories,3,21.5,North,Small Business,Credit Card,64.5
TX-10264,2025-02-02,CUST-0110,Noise-Cancelling Headphones,Electronics,1,250.0,North,Small Business,Credit Card,250.0
TX-14302,2025-01-18,CUST-0364,Premium Notebook,Office Supplies,2,15.5,South,Small Business,Credit Card,31.0
TX-10929,2024-01-19,CUST-0003,Ergonomic Chair,Office Supplies,1,299.99,South,Consumer,PayPal,299.99
TX-13105,2025-11-08,CUST-0375,Wireless Mouse,Accessories,5,45.99,East,Corporate,Bank Transfer,229.95000000000002
TX-12178,2025-03-12,CUST-0400,Pro Laptop,Electronics,2,1200.0,North,Consumer,Credit Card,2400.0
TX-14928,2025-07-13,CUST-0333,Whiteboard,Office Supplies,4,79.99,South,Consumer,Bank Transfer,319.96
TX-10246,2025-10-28,CUST-0070,Premium Notebook,Office Supplies,5,15.5,East,Corporate,Cash,77.5
TX-14224,2024-06-25,CUST-0318,Premium Notebook,Office Supplies,4,15.5,North,Small Business,Bank Transfer,62.0
TX-11758,2025-06-03,CUST-0363,Whiteboard,Office Supplies,7,79.99,West,Corporate,Credit Card,559.93
TX-14894,2024-05-26,CUST-0070,Ergonomic Chair,Office Supplies,9,299.99,East,Corporate,Bank Transfer,2699.91
TX-12851,2024-12-25,CUST-0068,Pro Laptop,Electronics,1,1200.0,East,Small Business,Bank Transfer,1200.0
TX-10923,2025-06-19,CUST-0219,Whiteboard,Office Supplies,1,79.99,North,Small Business,Credit Card,79.99
TX-12377,2024-03-10,CUST-0320,Pro Laptop,Electronics,3,1200.0,South,Consumer,Credit Card,3600.0
TX-10268,2024-09-01,CUST-0094,Standing Desk,Office Supplies,4,450.0,West,Consumer,Cash,1800.0
TX-10669,2025-06-02,CUST-0282,Ergonomic Chair,Office Supplies,1,299.99,South,Consumer,Bank Transfer,299.99
TX-12775,2025-07-21,CUST-0175,Standing Desk,Office Supplies,1,450.0,South,Consumer,PayPal,450.0
TX-11910,2024-02-18,CUST-0046,USB-C Multi-Hub,Accessories,4,39.99,East,Consumer,Cash,159.96
TX-13727,2024-12-25,CUST-0039,Gel Pens 12-Pack,Office Supplies,2,11.17,South,Consumer,PayPal,22.34
TX-11152,2024-07-19,CUST-0377,Wireless Mouse,Accessories,7,49.99,South,Corporate,Credit Card,349.93
TX-14846,2025-08-05,CUST-0055,USB-C Multi-Hub,Accessories,5,39.99,West,Corporate,Cash,199.95000000000002
TX-13505,2024-10-15,CUST-0346,Premium Notebook,Office Supplies,2,15.5,East,Small Business,Cash,31.0
TX-14267,2024-06-09,CUST-0273,Gel Pens 12-Pack,Office Supplies,1,11.82,East,Consumer,Bank Transfer,11.82
TX-13933,2025-05-10,CUST-0266,Standing Desk,Office Supplies,1,450.0,South,Consumer,Bank Transfer,450.0
TX-12656,2025-03-14,CUST-0234,Ergonomic Chair,Office Supplies,4,263.99,West,Small Business,Cash,1055.96
TX-13026,2024-08-16,CUST-0345,Premium Tablet,Electronics,2,510.0,South,Small Business,Cash,1020.0
TX-11915,2024-12-17,CUST-0321,4K Monitor,Electronics,3,350.0,North,Small Business,PayPal,1050.0
TX-10612,2024-02-20,CUST-0281,Premium Notebook,Office Supplies,1,15.5,North,Consumer,Cash,15.5
TX-12438,2024-10-29,CUST-0048,Ergonomic Chair,Office Supplies,2,299.99,East,Consumer,Bank Transfer,599.98
TX-14845,2024-04-19,CUST-0179,Premium Notebook,Office Supplies,10,15.5,West,Corporate,Bank Transfer,155.0
TX-11898,2025-11-14,CUST-0128,4K Monitor,Electronics,3,350.0,West,Corporate,Credit Card,1050.0
TX-11649,2025-04-12,CUST-0312,Whiteboard,Office Supplies,6,79.99,West,Corporate,Credit Card,479.93999999999994
TX-12486,2025-09-26,CUST-0172,Ergonomic Chair,Office Supplies,7,260.99,South,Corporate,Cash,1826.93
TX-10258,2024-03-28,CUST-0060,Mechanical Keyboard,Accessories,3,99.99,South,Small Business,Bank Transfer,299.96999999999997
TX-10847,2024-05-01,CUST-0197,Premium Notebook,Office Supplies,4,15.5,South,Consumer,Cash,62.0
TX-14277,2025-12-23,CUST-0112,Premium Tablet,Electronics,9,600.0,West,Corporate,PayPal,5400.0
TX-11233,2024-07-03,CUST-0332,Ergonomic Chair,Office Supplies,3,299.99,South,Consumer,PayPal,899.97
TX-11127,2025-11-12,CUST-0313,Noise-Cancelling Headphones,Electronics,7,205.0,West,Corporate,Credit Card,1435.0
TX-11967,2024-05-10,CUST-0050,Desk Mat,Accessories,2,25.0,West,Consumer,Credit Card,50.0
TX-10558,2024-03-06,CUST-0243,Wireless Mouse,Accessories,1,49.99,West,Small Business,Cash,49.99
TX-13961,2025-06-30,CUST-0332,Noise-Cancelling Headphones,Electronics,2,250.0,South,Consumer,Bank Transfer,500.0
TX-10484,2025-04-06,CUST-0338,Whiteboard,Office Supplies,2,79.99,East,Consumer,Bank Transfer,159.98
TX-12211,2025-02-16,CUST-0211,Mechanical Keyboard,Accessories,4,82.99,East,Corporate,Bank Transfer,331.96
TX-11320,2024-07-03,CUST-0048,Smartwatch,Electronics,3,200.0,East,Consumer,PayPal,600.0
TX-12634,2024-05-11,CUST-0245,Mechanical Keyboard,Accessories,10,92.99,West,Corporate,Bank Transfer,929.9
TX-10007,2024-11-10,CUST-0148,Ergonomic Chair,Office Supplies,4,299.99,South,Small Business,Bank Transfer,1199.96
TX-14733,2024-05-03,CUST-0105,Gel Pens 12-Pack,Office Supplies,2,12.99,West,Consumer,Cash,25.98
TX-14526,2025-01-06,CUST-0117,Premium Tablet,Electronics,3,534.0,East,Consumer,Cash,1602.0
TX-11450,2025-04-23,CUST-0382,Premium Tablet,Electronics,1,600.0,East,Consumer,Bank Transfer,600.0
TX-14037,2024-09-22,CUST-0077,Whiteboard,Office Supplies,4,79.99,South,Consumer,PayPal,319.96
TX-11814,2025-04-19,CUST-0167,Desk Mat,Accessories,2,25.0,North,Small Business,PayPal,50.0
TX-10773,2024-09-09,CUST-0127,Gel Pens 12-Pack,Office Supplies,2,12.99,South,Consumer,PayPal,25.98
TX-11011,2025-05-20,CUST-0088,Mechanical Keyboard,Accessories,2,99.99,West,Small Business,Credit Card,199.98
TX-12859,2025-10-02,CUST-0167,Noise-Cancelling Headphones,Electronics,3,250.0,North,Small Business,Cash,750.0
TX-14084,2025-08-20,CUST-0078,Premium Notebook,Office Supplies,2,15.5,East,Consumer,Credit Card,31.0
TX-11991,2024-10-05,CUST-0259,Smartwatch,Electronics,4,186.0,West,Corporate,PayPal,744.0
TX-11277,2025-09-17,CUST-0311,Premium Tablet,Electronics,9,600.0,East,Corporate,Credit Card,5400.0
TX-11783,2025-05-17,CUST-0054,Whiteboard,Office Supplies,4,79.99,West,Small Business,Cash,319.96
TX-13150,2024-02-23,CUST-0202,Pro Laptop,Electronics,8,1200.0,South,Corporate,Cash,9600.0
TX-10446,2024-05-11,CUST-0337,Laptop Sleeve,Accessories,3,29.99,West,Small Business,Cash,89.97
TX-10880,2024-11-12,CUST-0359,Ergonomic Chair,Office Supplies,2,299.99,East,Small Business,Cash,599.98
TX-14485,2025-07-19,CUST-0140,Whiteboard,Office Supplies,3,79.99,North,Small Business,Bank Transfer,239.96999999999997
TX-10781,2024-03-23,CUST-0172,Wireless Mouse,Accessories,10,49.99,South,Corporate,Bank Transfer,499.90000000000003
TX-11749,2025-06-02,CUST-0359,Laptop Sleeve,Accessories,3,29.99,East,Small Business,PayPal,89.97
TX-13438,2025-04-27,CUST-0389,Ergonomic Chair,Office Supplies,2,299.99,East,Small Business,Credit Card,599.98
TX-14962,2024-09-21,CUST-0089,Premium Tablet,Electronics,4,600.0,South,Corporate,PayPal,2400.0
TX-10883,2024-03-23,CUST-0252,Gel Pens 12-Pack,Office Supplies,3,12.99,East,Consumer,Cash,38.97
TX-12407,2025-07-26,CUST-0041,4K Monitor,Electronics,3,350.0,East,Small Business,Cash,1050.0
TX-11091,2024-04-07,CUST-0324,Desk Mat,Accessories,2,21.0,North,Small Business,Bank Transfer,42.0
TX-12980,2025-03-04,CUST-0384,Premium Notebook,Office Supplies,8,13.48,South,Corporate,Credit Card,107.84
TX-10531,2024-12-13,CUST-0235,Desk Mat,Accessories,1,23.5,East,Small Business,Cash,23.5
TX-14575,2025-05-19,CUST-0337,Premium Notebook,Office Supplies,4,15.5,West,Small Business,Bank Transfer,62.0
TX-14604,2025-05-22,CUST-0019,Whiteboard,Office Supplies,2,79.99,West,Consumer,Bank Transfer,159.98
TX-14334,2024-02-19,CUST-0287,Standing Desk,Office Supplies,2,450.0,East,Small Business,PayPal,900.0
TX-11727,2024-12-24,CUST-0072,Ergonomic Chair,Office Supplies,2,299.99,North,Small Business,PayPal,599.98
TX-10610,2025-02-06,CUST-0229,Laptop Sleeve,Accessories,1,29.99,East,Small Business,PayPal,29.99
TX-10570,2024-03-11,CUST-0094,Noise-Cancelling Headphones,Electronics,1,250.0,West,Consumer,Cash,250.0
TX-12710,2025-05-10,CUST-0383,4K Monitor,Electronics,7,350.0,South,Corporate,Credit Card,2450.0
TX-13097,2025-08-05,CUST-0299,Standing Desk,Office Supplies,5,450.0,North,Corporate,Bank Transfer,2250.0
TX-10343,2024-06-26,CUST-0091,4K Monitor,Electronics,3,350.0,South,Small Business,Bank Transfer,1050.0
TX-13044,2024-03-25,CUST-0278,Premium Notebook,Office Supplies,4,15.5,East,Consumer,Bank Transfer,62.0
TX-13185,2025-05-09,CUST-0170,Ergonomic Chair,Office Supplies,3,299.99,East,Consumer,Bank Transfer,899.97
TX-10434,2024-10-11,CUST-0282,Desk Mat,Accessories,4,22.0,South,Consumer,PayPal,88.0
TX-11903,2024-07-28,CUST-0326,Wireless Mouse,Accessories,9,46.99,East,Corporate,PayPal,422.91
TX-13858,2024-08-20,CUST-0222,Standing Desk,Office Supplies,7,450.0,South,Corporate,Cash,3150.0
TX-12418,2024-02-01,CUST-0099,Laptop Sleeve,Accessories,4,29.99,South,Consumer,PayPal,119.96
TX-12069,2024-03-28,CUST-0069,4K Monitor,Electronics,1,350.0,East,Consumer,PayPal,350.0
TX-11537,2025-08-29,CUST-0310,Whiteboard,Office Supplies,9,66.39,South,Corporate,PayPal,597.51
TX-12498,2024-02-20,CUST-0182,Laptop Sleeve,Accessories,3,29.99,East,Consumer,Credit Card,89.97
TX-12378,2024-04-25,CUST-0301,Mechanical Keyboard,Accessories,3,99.99,West,Small Business,PayPal,299.96999999999997
TX-11517,2025-12-20,CUST-0009,Gel Pens 12-Pack,Office Supplies,3,12.99,North,Small Business,Credit Card,38.97
TX-10965,2025-06-01,CUST-0031,Premium Notebook,Office Supplies,10,13.02,North,Corporate,Bank Transfer,130.2
TX-14432,2024-10-22,CUST-0289,Premium Notebook,Office Supplies,3,15.5,North,Consumer,Cash,46.5
TX-10528,2024-10-10,CUST-0233,Whiteboard,Office Supplies,2,69.59,West,Corporate,Bank Transfer,139.18
TX-10176,2025-04-28,CUST-0052,Mechanical Keyboard,Accessories,1,99.99,South,Small Business,PayPal,99.99
TX-13534,2025-03-18,CUST-0279,USB-C Multi-Hub,Accessories,2,39.99,East,Corporate,Credit Card,79.98
TX-13206,2025-08-28,CUST-0272,USB-C Multi-Hub,Accessories,9,32.79,West,Corporate,Bank Transfer,295.11
TX-14323,2024-01-31,CUST-0058,Premium Tablet,Electronics,2,600.0,North,Consumer,Credit Card,1200.0
TX-10572,2024-10-02,CUST-0373,Premium Tablet,Electronics,3,552.0,East,Corporate,PayPal,1656.0
TX-12331,2024-09-14,CUST-0002,Pro Laptop,Electronics,1,1200.0,East,Consumer,Credit Card,1200.0
TX-13560,2024-08-22,CUST-0339,Whiteboard,Office Supplies,4,79.99,East,Consumer,PayPal,319.96
TX-14468,2024-05-31,CUST-0306,Premium Tablet,Electronics,3,600.0,West,Consumer,Credit Card,1800.0
TX-13259,2024-05-17,CUST-0014,Desk Mat,Accessories,1,25.0,South,Small Business,Cash,25.0
TX-12620,2025-11-12,CUST-0255,Premium Notebook,Office Supplies,9,15.5,South,Corporate,Cash,139.5
TX-12208,2025-10-06,CUST-0299,Gel Pens 12-Pack,Office Supplies,4,12.99,North,Corporate,Credit Card,51.96
TX-12607,2025-08-06,CUST-0344,4K Monitor,Electronics,8,350.0,South,Corporate,PayPal,2800.0
TX-13411,2024-08-16,CUST-0215,Laptop Sleeve,Accessories,1,29.99,East,Consumer,Bank Transfer,29.99
TX-10383,2025-06-20,CUST-0292,Premium Tablet,Electronics,5,600.0,West,Corporate,PayPal,3000.0
TX-10852,2025-08-20,CUST-0014,USB-C Multi-Hub,Accessories,4,39.99,South,Small Business,Credit Card,159.96
TX-11880,2024-02-05,CUST-0330,Premium Notebook,Office Supplies,2,15.5,North,Corporate,Credit Card,31.0
TX-10370,2024-06-26,CUST-0086,Premium Tablet,Electronics,2,600.0,West,Consumer,Credit Card,1200.0
TX-13513,2024-04-03,CUST-0130,Standing Desk,Office Supplies,4,450.0,West,Consumer,Cash,1800.0
TX-14349,2024-03-15,CUST-0213,Desk Mat,Accessories,1,25.0,East,Small Business,Credit Card,25.0
TX-11105,2025-03-08,CUST-0377,Standing Desk,Office Supplies,9,450.0,South,Corporate,Credit Card,4050.0
TX-14244,2024-05-24,CUST-0033,Gel Pens 12-Pack,Office Supplies,3,12.99,East,Consumer,Bank Transfer,38.97
TX-14002,2025-06-09,CUST-0269,Laptop Sleeve,Accessories,3,24.89,East,Corporate,PayPal,74.67
TX-11336,2024-12-02,CUST-0165,4K Monitor,Electronics,1,350.0,West,Small Business,Cash,350.0
TX-12189,2025-10-19,CUST-0374,Desk Mat,Accessories,3,20.75,West,Corporate,Bank Transfer,62.25
TX-14620,2024-02-27,CUST-0178,Whiteboard,Office Supplies,3,79.99,North,Consumer,Cash,239.96999999999997
TX-12351,2024-04-11,CUST-0077,Smartwatch,Electronics,3,200.0,South,Consumer,Credit Card,600.0
TX-14076,2025-02-01,CUST-0340,Noise-Cancelling Headphones,Electronics,3,250.0,West,Corporate,PayPal,750.0
TX-14051,2025-02-03,CUST-0140,Gel Pens 12-Pack,Office Supplies,2,12.99,North,Small Business,PayPal,25.98
TX-14877,2025-11-16,CUST-0210,Noise-Cancelling Headphones,Electronics,6,250.0,South,Corporate,Bank Transfer,1500.0
TX-11171,2025-10-10,CUST-0099,USB-C Multi-Hub,Accessories,2,39.99,South,Consumer,Cash,79.98
TX-12897,2024-03-23,CUST-0297,Premium Tablet,Electronics,7,480.0,South,Corporate,Credit Card,3360.0
TX-14726,2024-08-13,CUST-0224,4K Monitor,Electronics,1,350.0,North,Small Business,Bank Transfer,350.0
TX-11422,2024-05-10,CUST-0265,Ergonomic Chair,Office Supplies,1,299.99,West,Consumer,Cash,299.99
TX-12373,2024-06-05,CUST-0288,Ergonomic Chair,Office Supplies,8,242.99,West,Corporate,PayPal,1943.92
TX-14925,2025-04-01,CUST-0318,Premium Tablet,Electronics,2,486.0,North,Small Business,PayPal,972.0
TX-14180,2025-02-05,CUST-0057,Pro Laptop,Electronics,2,1200.0,South,Consumer,Credit Card,2400.0
TX-11464,2025-08-19,CUST-0017,Mechanical Keyboard,Accessories,8,99.99,South,Corporate,Credit Card,799.92
TX-10874,2024-04-02,CUST-0122,Wireless Mouse,Accessories,7,49.99,East,Corporate,Bank Transfer,349.93
TX-12297,2025-03-26,CUST-0036,Pro Laptop,Electronics,3,1200.0,East,Small Business,PayPal,3600.0
TX-13539,2025-08-20,CUST-0124,Whiteboard,Office Supplies,1,79.99,West,Small Business,PayPal,79.99
TX-14366,2024-12-03,CUST-0044,Desk Mat,Accessories,3,22.5,South,Consumer,Cash,67.5
TX-11251,2025-07-16,CUST-0255,Laptop Sleeve,Accessories,9,29.99,South,Corporate,PayPal,269.90999999999997
TX-12380,2024-12-15,CUST-0131,Whiteboard,Office Supplies,10,79.99,South,Corporate,Credit Card,799.9
TX-10840,2024-12-12,CUST-0063,Smartwatch,Electronics,4,200.0,West,Small Business,Bank Transfer,800.0
TX-13114,2025-10-19,CUST-0004,Standing Desk,Office Supplies,3,450.0,North,Small Business,Cash,1350.0
TX-10581,2025-09-25,CUST-0174,Wireless Mouse,Accessories,1,49.99,South,Small Business,Bank Transfer,49.99
TX-10204,2025-08-12,CUST-0164,Laptop Sleeve,Accessories,3,29.99,East,Consumer,PayPal,89.97
TX-11641,2024-06-23,CUST-0330,4K Monitor,Electronics,10,350.0,North,Corporate,Bank Transfer,3500.0
TX-12014,2024-02-08,CUST-0136,Desk Mat,Accessories,3,25.0,South,Corporate,PayPal,75.0
TX-10905,2024-11-19,CUST-0252,4K Monitor,Electronics,4,329.0,East,Consumer,Credit Card,1316.0
TX-10631,2024-06-05,CUST-0219,Whiteboard,Office Supplies,3,79.99,North,Small Business,Cash,239.96999999999997
TX-13138,2024-04-30,CUST-0307,Laptop Sleeve,Accessories,1,29.99,West,Consumer,Bank Transfer,29.99
TX-11974,2025-03-21,CUST-0297,Desk Mat,Accessories,9,25.0,South,Corporate,PayPal,225.0
TX-10162,2024-11-02,CUST-0261,Desk Mat,Accessories,3,25.0,South,Small Business,Cash,75.0
TX-13846,2025-12-31,CUST-0175,4K Monitor,Electronics,2,350.0,East,Consumer,Cash,700.0
TX-12906,2025-03-05,CUST-0275,Smartwatch,Electronics,4,200.0,West,Small Business,Bank Transfer,800.0
TX-14521,2024-08-08,CUST-0367,Whiteboard,Office Supplies,3,66.39,North,Consumer,PayPal,199.17000000000002
TX-10617,2025-09-23,CUST-0227,Mechanical Keyboard,Accessories,4,99.99,West,Consumer,Credit Card,399.96
TX-10875,2025-02-03,CUST-0384,Mechanical Keyboard,Accessories,8,91.99,South,Corporate,PayPal,735.92
TX-11431,2024-11-06,CUST-0117,Pro Laptop,Electronics,1,1200.0,East,Consumer,PayPal,1200.0
TX-10547,2024-05-17,CUST-0323,Laptop Sleeve,Accessories,7,29.99,South,Corporate,Cash,209.92999999999998
TX-13384,2024-07-07,CUST-0371,Smartwatch,Electronics,4,200.0,East,Corporate,Cash,800.0
TX-14572,2024-12-17,CUST-0243,Noise-Cancelling Headphones,Electronics,4,250.0,West,Small Business,Cash,1000.0
TX-14248,2024-05-27,CUST-0319,Smartwatch,Electronics,4,200.0,North,Consumer,Cash,800.0
TX-13755,2025-06-15,CUST-0057,Gel Pens 12-Pack,Office Supplies,3,12.99,West,Consumer,PayPal,38.97
TX-12704,2024-06-14,CUST-0277,Standing Desk,Office Supplies,4,450.0,West,Consumer,PayPal,1800.0
TX-12512,2025-08-09,CUST-UNKNOWN,Premium Tablet,Electronics,3,600.0,South,Consumer,Bank Transfer,1800.0
TX-14162,2024-10-18,CUST-0314,USB-C Multi-Hub,Accessories,6,39.99,North,Corporate,Bank Transfer,239.94
TX-11861,2024-04-18,CUST-0035,Gel Pens 12-Pack,Office Supplies,3,12.99,South,Small Business,PayPal,38.97
TX-10640,2024-03-08,CUST-0091,Whiteboard,Office Supplies,4,79.99,South,Small Business,Bank Transfer,319.96
TX-14379,2025-04-24,CUST-0020,Laptop Sleeve,Accessories,6,29.99,East,Corporate,Credit Card,179.94
TX-10637,2024-08-24,CUST-0184,Smartwatch,Electronics,2,200.0,West,Small Business,Cash,400.0
TX-13819,2024-06-05,CUST-0364,USB-C Multi-Hub,Accessories,4,39.99,South,Small Business,Cash,159.96
TX-13966,2024-03-27,CUST-0368,Ergonomic Chair,Office Supplies,1,272.99,East,Consumer,Bank Transfer,272.99
TX-13734,2025-09-04,CUST-0257,Laptop Sleeve,Accessories,4,29.99,West,Small Business,Bank Transfer,119.96
TX-12096,2024-05-24,CUST-0146,Standing Desk,Office Supplies,8,450.0,South,Corporate,Credit Card,3600.0
TX-12587,2025-03-29,CUST-0316,4K Monitor,Electronics,4,350.0,North,Corporate,Credit Card,1400.0
TX-14101,2024-09-03,CUST-0237,USB-C Multi-Hub,Accessories,3,39.99,West,Small Business,PayPal,119.97
TX-13728,2024-02-03,CUST-0024,USB-C Multi-Hub,Accessories,1,39.99,South,Small Business,Cash,39.99
TX-12883,2024-03-12,CUST-0322,Noise-Cancelling Headphones,Electronics,3,250.0,South,Consumer,Credit Card,750.0
TX-10921,2025-04-19,CUST-0332,Mechanical Keyboard,Accessories,4,99.99,South,Consumer,Credit Card,399.96
TX-10546,2025-01-25,CUST-0379,Smartwatch,Electronics,1,200.0,South,Consumer,PayPal,200.0
TX-13720,2025-04-17,CUST-0237,Standing Desk,Office Supplies,4,450.0,West,Small Business,PayPal,1800.0
TX-11900,2025-08-04,CUST-UNKNOWN,Pro Laptop,Electronics,7,1200.0,East,Corporate,PayPal,8400.0
TX-12028,2025-12-15,CUST-0027,Smartwatch,Electronics,2,160.0,South,Small Business,Credit Card,320.0
TX-12301,2024-09-28,CUST-0251,Desk Mat,Accessories,4,25.0,South,Small Business,Bank Transfer,100.0
TX-11885,2024-09-24,CUST-0117,Pro Laptop,Electronics,1,1200.0,East,Consumer,Credit Card,1200.0
TX-11642,2025-01-22,CUST-0249,Mechanical Keyboard,Accessories,10,81.99,North,Corporate,Cash,819.9
TX-13613,2024-06-26,CUST-0017,Mechanical Keyboard,Accessories,3,99.99,South,Corporate,Cash,299.96999999999997
TX-14838,2025-09-06,CUST-0287,Laptop Sleeve,Accessories,4,29.99,South,Small Business,Cash,119.96
TX-12097,2025-06-26,CUST-0034,Desk Mat,Accessories,7,25.0,East,Corporate,Bank Transfer,175.0
TX-14383,2024-11-06,CUST-0251,4K Monitor,Electronics,3,350.0,South,Small Business,PayPal,1050.0
TX-13615,2025-01-24,CUST-0308,Smartwatch,Electronics,10,200.0,North,Corporate,Bank Transfer,2000.0
TX-14520,2024-02-26,CUST-0321,Premium Notebook,Office Supplies,2,15.5,North,Small Business,Credit Card,31.0
TX-14997,2024-07-12,CUST-0375,Smartwatch,Electronics,4,200.0,East,Corporate,Bank Transfer,800.0
TX-10836,2025-09-06,CUST-0352,Standing Desk,Office Supplies,10,450.0,South,Corporate,Cash,4500.0
TX-10601,2025-07-30,CUST-0280,Smartwatch,Electronics,3,200.0,East,Small Business,Bank Transfer,600.0
TX-12184,2024-12-16,CUST-0245,Laptop Sleeve,Accessories,10,29.99,West,Corporate,PayPal,299.9
TX-13921,2024-01-29,CUST-0194,USB-C Multi-Hub,Accessories,2,39.99,South,Small Business,Credit Card,79.98
TX-14789,2024-04-26,CUST-0287,Wireless Mouse,Accessories,1,43.49,East,Small Business,Credit Card,43.49
TX-14333,2025-11-28,CUST-0005,4K Monitor,Electronics,4,350.0,South,Small Business,Credit Card,1400.0
TX-11582,2025-05-28,CUST-0001,Laptop Sleeve,Accessories,4,29.99,North,Consumer,Credit Card,119.96
TX-14292,2024-01-18,CUST-0060,Standing Desk,Office Supplies,2,450.0,South,Small Business,Cash,900.0
TX-12569,2024-06-10,CUST-0213,Noise-Cancelling Headphones,Electronics,3,250.0,East,Small Business,Bank Transfer,750.0
TX-12765,2024-03-26,CUST-0036,Mechanical Keyboard,Accessories,2,99.99,East,Small Business,PayPal,199.98
TX-11070,2024-03-06,CUST-0205,Mechanical Keyboard,Accessories,10,99.99,North,Corporate,Bank Transfer,999.9
TX-11775,2024-06-30,CUST-0228,4K Monitor,Electronics,1,350.0,East,Small Business,Credit Card,350.0
TX-14837,2025-12-10,CUST-0337,Smartwatch,Electronics,4,200.0,West,Small Business,Credit Card,800.0
TX-11283,2025-11-29,CUST-0350,4K Monitor,Electronics,1,350.0,South,Consumer,PayPal,350.0
TX-13094,2024-05-12,CUST-0159,Desk Mat,Accessories,2,25.0,North,Consumer,PayPal,50.0
TX-14782,2025-02-10,CUST-0296,Mechanical Keyboard,Accessories,3,99.99,South,Corporate,Bank Transfer,299.96999999999997
TX-11836,2025-04-26,CUST-0019,USB-C Multi-Hub,Accessories,4,39.99,West,Consumer,Bank Transfer,159.96
TX-14503,2024-07-11,CUST-0369,4K Monitor,Electronics,3,350.0,West,Small Business,Bank Transfer,1050.0
TX-11019,2024-01-25,CUST-0304,USB-C Multi-Hub,Accessories,6,36.39,North,Corporate,PayPal,218.34
TX-13253,2024-03-08,CUST-0181,Wireless Mouse,Accessories,3,49.99,East,Consumer,Cash,149.97
TX-11326,2024-04-27,CUST-0016,Standing Desk,Office Supplies,2,450.0,East,Consumer,Credit Card,900.0
TX-10475,2024-04-18,CUST-0149,USB-C Multi-Hub,Accessories,1,39.99,North,Small Business,Bank Transfer,39.99
TX-14610,2024-09-30,CUST-0022,Laptop Sleeve,Accessories,3,23.99,West,Small Business,PayPal,71.97
TX-11651,2025-08-22,CUST-0390,Desk Mat,Accessories,4,25.0,South,Small Business,Credit Card,100.0
TX-14055,2025-09-21,CUST-0096,Desk Mat,Accessories,6,22.25,North,Corporate,Credit Card,133.5
TX-14311,2024-03-29,CUST-0284,Wireless Mouse,Accessories,1,49.99,South,Small Business,PayPal,49.99
TX-12648,2025-07-07,CUST-UNKNOWN,4K Monitor,Electronics,7,350.0,West,Corporate,PayPal,2450.0
TX-14839,2025-05-02,CUST-0377,Premium Notebook,Office Supplies,3,15.5,South,Corporate,PayPal,46.5
TX-14217,2025-12-02,CUST-0053,Standing Desk,Office Supplies,1,450.0,East,Small Business,Cash,450.0
TX-11373,2024-12-09,CUST-0377,Whiteboard,Office Supplies,6,79.99,South,Corporate,Cash,479.93999999999994
TX-10739,2025-02-04,CUST-0295,4K Monitor,Electronics,4,350.0,West,Small Business,Cash,1400.0
TX-14873,2024-09-21,CUST-0035,4K Monitor,Electronics,1,332.5,South,Small Business,PayPal,332.5
TX-12473,2025-03-16,CUST-0349,Pro Laptop,Electronics,9,1200.0,East,Corporate,Bank Transfer,10800.0
TX-10867,2024-03-06,CUST-0325,Smartwatch,Electronics,6,200.0,South,Corporate,Bank Transfer,1200.0
TX-11140,2024-04-28,CUST-0058,Noise-Cancelling Headphones,Electronics,2,250.0,North,Consumer,Credit Card,500.0
TX-10997,2025-10-13,CUST-0073,Whiteboard,Office Supplies,2,79.99,East,Small Business,PayPal,159.98
TX-11337,2024-08-05,CUST-0270,Pro Laptop,Electronics,3,1200.0,West,Small Business,Credit Card,3600.0
TX-10541,2025-04-16,CUST-0162,Wireless Mouse,Accessories,1,49.99,East,Consumer,PayPal,49.99
TX-11099,2025-11-11,CUST-0352,Mechanical Keyboard,Accessories,8,85.99,South,Corporate,Bank Transfer,687.92
TX-11132,2025-05-02,CUST-0338,Wireless Mouse,Accessories,4,49.99,East,Consumer,Bank Transfer,199.96
TX-14881,2024-07-18,CUST-0178,USB-C Multi-Hub,Accessories,2,39.99,North,Consumer,Bank Transfer,79.98
TX-12755,2024-04-03,CUST-0035,Desk Mat,Accessories,2,25.0,South,Small Business,PayPal,50.0
TX-12258,2025-09-30,CUST-0062,Laptop Sleeve,Accessories,3,29.99,North,Corporate,Credit Card,89.97
TX-14044,2024-09-25,CUST-0041,Ergonomic Chair,Office Supplies,2,299.99,East,Small Business,Credit Card,599.98
TX-10059,2025-06-09,CUST-0304,Smartwatch,Electronics,10,200.0,North,Corporate,PayPal,2000.0
TX-12925,2025-01-28,CUST-0309,Desk Mat,Accessories,10,25.0,West,Corporate,Bank Transfer,250.0
TX-11938,2025-09-11,CUST-0289,Smartwatch,Electronics,4,200.0,North,Consumer,Bank Transfer,800.0
TX-12614,2024-01-29,CUST-0236,Whiteboard,Office Supplies,4,79.99,South,Consumer,Cash,319.96
TX-14966,2025-05-09,CUST-0037,Premium Notebook,Office Supplies,1,15.5,North,Small Business,Cash,15.5
TX-11078,2025-02-12,CUST-0100,Ergonomic Chair,Office Supplies,1,242.99,North,Small Business,Bank Transfer,242.99
TX-12960,2024-05-13,CUST-0234,Mechanical Keyboard,Accessories,2,99.99,West,Small Business,Credit Card,199.98
TX-13173,2024-07-18,CUST-0166,Laptop Sleeve,Accessories,4,29.99,East,Small Business,Bank Transfer,119.96
TX-14095,2024-03-24,CUST-0204,Ergonomic Chair,Office Supplies,9,257.99,North,Corporate,Cash,2321.91
TX-10940,2025-10-25,CUST-0254,USB-C Multi-Hub,Accessories,4,36.39,North,Consumer,Cash,145.56
TX-11080,2024-06-14,CUST-0088,4K Monitor,Electronics,1,350.0,West,Small Business,PayPal,350.0
TX-10187,2024-03-04,CUST-0342,Smartwatch,Electronics,3,200.0,East,Small Business,PayPal,600.0
TX-12673,2025-09-24,CUST-0129,USB-C Multi-Hub,Accessories,2,39.99,West,Consumer,Bank Transfer,79.98
TX-12085,2025-02-18,CUST-UNKNOWN,Whiteboard,Office Supplies,3,79.99,South,Small Business,Bank Transfer,239.96999999999997
TX-12249,2025-02-06,CUST-0236,Desk Mat,Accessories,2,25.0,South,Consumer,PayPal,50.0
TX-14920,2025-02-25,CUST-0279,Wireless Mouse,Accessories,2,49.99,East,Corporate,Credit Card,99.98
TX-12023,2024-02-28,CUST-0224,Gel Pens 12-Pack,Office Supplies,2,12.99,North,Small Business,Cash,25.98
TX-12721,2024-07-01,CUST-0377,Wireless Mouse,Accessories,4,49.99,South,Corporate,Cash,199.96
TX-11492,2025-10-07,CUST-0345,Noise-Cancelling Headphones,Electronics,1,210.0,South,Small Business,Cash,210.0
TX-13660,2025-02-19,CUST-0020,4K Monitor,Electronics,8,350.0,East,Corporate,PayPal,2800.0
TX-10226,2025-11-21,CUST-0092,Pro Laptop,Electronics,10,1200.0,East,Corporate,PayPal,12000.0
TX-13352,2025-08-22,CUST-UNKNOWN,USB-C Multi-Hub,Accessories,3,39.99,South,Corporate,PayPal,119.97
TX-11929,2025-07-10,CUST-0048,Premium Tablet,Electronics,1,600.0,East,Consumer,Cash,600.0
TX-13100,2024-07-10,CUST-0191,Ergonomic Chair,Office Supplies,6,299.99,East,Corporate,Credit Card,1799.94
TX-14515,2024-07-09,CUST-0066,USB-C Multi-Hub,Accessories,2,32.79,North,Small Business,Bank Transfer,65.58
TX-11404,2024-04-19,CUST-0238,Gel Pens 12-Pack,Office Supplies,2,12.99,West,Small Business,Credit Card,25.98
TX-12179,2024-07-27,CUST-0204,Wireless Mouse,Accessories,2,43.99,North,Corporate,Cash,87.98
TX-10697,2025-03-31,CUST-0091,Gel Pens 12-Pack,Office Supplies,1,12.99,South,Small Business,Credit Card,12.99
TX-11124,2025-11-19,CUST-0005,Noise-Cancelling Headphones,Electronics,1,217.5,North,Small Business,Credit Card,217.5
TX-12836,2025-07-10,CUST-0299,Pro Laptop,Electronics,7,1200.0,North,Corporate,Cash,8400.0
TX-13396,2025-03-29,CUST-0085,Laptop Sleeve,Accessories,2,29.99,North,Consumer,Credit Card,59.98
TX-11778,2024-04-29,CUST-0343,Wireless Mouse,Accessories,3,49.99,West,Small Business,PayPal,149.97
TX-12900,2025-01-22,CUST-0281,Pro Laptop,Electronics,2,1200.0,North,Consumer,Credit Card,2400.0
TX-11037,2024-06-27,CUST-0174,Mechanical Keyboard,Accessories,2,81.99,South,Small Business,PayPal,163.98
TX-14200,2025-06-14,CUST-0383,Wireless Mouse,Accessories,3,49.99,South,Corporate,PayPal,149.97
TX-12256,2025-05-16,CUST-0266,Gel Pens 12-Pack,Office Supplies,3,12.99,South,Consumer,Credit Card,38.97
TX-10313,2024-04-15,CUST-0294,Wireless Mouse,Accessories,5,40.99,East,Corporate,Credit Card,204.95000000000002
TX-12281,2024-07-23,CUST-0311,Pro Laptop,Electronics,6,1008.0,East,Corporate,Credit Card,6048.0
TX-11416,2025-12-16,CUST-0069,Laptop Sleeve,Accessories,2,29.99,East,Consumer,PayPal,59.98
TX-11036,2025-01-03,CUST-0023,Premium Tablet,Electronics,5,492.0,North,Corporate,Bank Transfer,2460.0
TX-12159,2025-07-23,CUST-0358,Laptop Sleeve,Accessories,4,29.99,East,Corporate,Bank Transfer,119.96
TX-14557,2024-01-14,CUST-0251,Ergonomic Chair,Office Supplies,3,281.99,South,Small Business,Credit Card,845.97
TX-11754,2024-01-22,CUST-0314,Gel Pens 12-Pack,Office Supplies,8,12.99,North,Corporate,PayPal,103.92
TX-13158,2024-12-03,CUST-0064,Wireless Mouse,Accessories,1,49.99,West,Small Business,Cash,49.99
TX-13862,2025-03-01,CUST-0374,Whiteboard,Office Supplies,6,69.59,West,Corporate,Credit Card,417.54
TX-13611,2024-04-12,CUST-0125,Noise-Cancelling Headphones,Electronics,4,225.0,North,Consumer,Credit Card,900.0
TX-14854,2024-04-18,CUST-0391,Pro Laptop,Electronics,4,1200.0,West,Consumer,PayPal,4800.0
TX-13467,2025-11-18,CUST-0219,Pro Laptop,Electronics,1,1200.0,North,Small Business,Credit Card,1200.0
TX-13481,2025-04-03,CUST-0057,Gel Pens 12-Pack,Office Supplies,3,10.52,West,Consumer,Credit Card,31.56
TX-11506,2025-10-02,CUST-0313,Standing Desk,Office Supplies,3,450.0,West,Corporate,Credit Card,1350.0
TX-11923,2024-07-31,CUST-0096,Wireless Mouse,Accessories,3,49.99,North,Corporate,Bank Transfer,149.97
TX-10448,2025-04-08,CUST-0069,Smartwatch,Electronics,3,200.0,East,Consumer,Bank Transfer,600.0
TX-12476,2025-09-01,CUST-0132,Gel Pens 12-Pack,Office Supplies,3,12.99,North,Corporate,Cash,38.97
TX-14290,2025-05-31,CUST-0389,Standing Desk,Office Supplies,2,450.0,East,Small Business,PayPal,900.0
TX-14999,2025-09-01,CUST-0388,USB-C Multi-Hub,Accessories,1,39.99,North,Consumer,Bank Transfer,39.99
TX-12600,2024-04-27,CUST-0140,Gel Pens 12-Pack,Office Supplies,3,12.99,North,Small Business,Credit Card,38.97
TX-10361,2024-04-08,CUST-0026,Whiteboard,Office Supplies,4,75.99,East,Small Business,PayPal,303.96
TX-12183,2024-02-11,CUST-0156,Wireless Mouse,Accessories,10,49.99,East,Corporate,Cash,499.90000000000003
TX-11134,2024-03-30,CUST-0345,Desk Mat,Accessories,2,25.0,South,Small Business,Cash,50.0
TX-13936,2024-07-06,CUST-0260,Smartwatch,Electronics,1,200.0,West,Consumer,Credit Card,200.0
TX-12155,2025-10-08,CUST-0182,Premium Notebook,Office Supplies,1,15.5,East,Consumer,PayPal,15.5
TX-11830,2024-04-23,CUST-0343,Noise-Cancelling Headphones,Electronics,3,250.0,West,Small Business,Credit Card,750.0
TX-11053,2025-11-30,CUST-0310,4K Monitor,Electronics,6,350.0,South,Corporate,Credit Card,2100.0
TX-12460,2025-05-03,CUST-0301,Smartwatch,Electronics,1,200.0,South,Small Business,Bank Transfer,200.0
TX-10022,2025-08-24,CUST-0338,Standing Desk,Office Supplies,4,450.0,East,Consumer,Cash,1800.0
TX-12066,2025-08-23,CUST-0035,Mechanical Keyboard,Accessories,4,99.99,South,Small Business,Cash,399.96
TX-11653,2024-07-21,CUST-0302,4K Monitor,Electronics,9,350.0,South,Corporate,Bank Transfer,3150.0
TX-13621,2024-11-07,CUST-0187,Whiteboard,Office Supplies,4,79.99,South,Small Business,PayPal,319.96
TX-13258,2024-12-07,CUST-0280,Premium Tablet,Electronics,4,600.0,East,Small Business,Credit Card,2400.0
TX-14668,2025-08-26,CUST-0199,Gel Pens 12-Pack,Office Supplies,3,12.99,West,Consumer,Credit Card,38.97
TX-14093,2025-03-05,CUST-0036,Mechanical Keyboard,Accessories,2,99.99,East,Small Business,Credit Card,199.98
TX-12325,2025-08-27,CUST-0012,Standing Desk,Office Supplies,2,450.0,West,Small Business,PayPal,900.0
TX-10460,2025-12-27,CUST-0166,Wireless Mouse,Accessories,3,49.99,East,Small Business,Cash,149.97
TX-11067,2024-05-12,CUST-0245,Wireless Mouse,Accessories,8,45.99,South,Corporate,PayPal,367.92
TX-10087,2024-12-23,CUST-0331,Premium Tablet,Electronics,3,600.0,West,Corporate,PayPal,1800.0
TX-11430,2024-02-12,CUST-0054,Smartwatch,Electronics,2,200.0,West,Small Business,Bank Transfer,400.0
TX-12686,2025-11-11,CUST-0206,Smartwatch,Electronics,2,200.0,South,Consumer,Cash,400.0
TX-10282,2025-10-04,CUST-0325,Smartwatch,Electronics,10,200.0,South,Corporate,Bank Transfer,2000.0
TX-12483,2024-09-14,CUST-0278,Mechanical Keyboard,Accessories,3,99.99,South,Consumer,PayPal,299.96999999999997
TX-10462,2025-06-01,CUST-0279,Desk Mat,Accessories,3,25.0,East,Corporate,Bank Transfer,75.0
TX-10212,2025-11-18,CUST-0246,Noise-Cancelling Headphones,Electronics,3,250.0,South,Small Business,Credit Card,750.0
TX-12534,2024-01-14,CUST-0325,Pro Laptop,Electronics,6,1200.0,South,Corporate,PayPal,7200.0
TX-11368,2024-06-19,CUST-0096,Gel Pens 12-Pack,Office Supplies,4,12.99,North,Corporate,Credit Card,51.96
TX-10234,2025-02-02,CUST-0277,Gel Pens 12-Pack,Office Supplies,2,12.99,West,Consumer,Credit Card,25.98
TX-12810,2025-03-08,CUST-0261,Noise-Cancelling Headphones,Electronics,3,250.0,South,Small Business,Bank Transfer,750.0
TX-10597,2025-08-06,CUST-0321,4K Monitor,Electronics,4,350.0,North,Small Business,Credit Card,1400.0
TX-14446,2025-12-29,CUST-0257,Wireless Mouse,Accessories,3,49.99,West,Small Business,Cash,149.97
TX-12250,2025-09-18,CUST-0151,Premium Tablet,Electronics,4,600.0,East,Corporate,Bank Transfer,2400.0
TX-14088,2025-09-30,CUST-0321,Wireless Mouse,Accessories,2,49.99,North,Small Business,Credit Card,99.98
TX-12283,2025-04-19,CUST-0273,Smartwatch,Electronics,4,200.0,East,Consumer,Credit Card,800.0
TX-10662,2025-03-13,CUST-0282,Noise-Cancelling Headphones,Electronics,4,205.0,South,Consumer,PayPal,820.0
TX-14993,2025-04-10,CUST-0082,Premium Tablet,Electronics,3,600.0,East,Corporate,Bank Transfer,1800.0
TX-12285,2025-01-06,CUST-0288,USB-C Multi-Hub,Accessories,9,39.99,West,Corporate,PayPal,359.91
TX-14885,2025-04-29,CUST-0253,Gel Pens 12-Pack,Office Supplies,3,12.99,South,Consumer,Bank Transfer,38.97
TX-13240,2024-06-11,CUST-0126,Mechanical Keyboard,Accessories,2,84.99,North,Consumer,Cash,169.98
TX-14006,2025-01-25,CUST-0205,Laptop Sleeve,Accessories,4,29.99,North,Corporate,Cash,119.96
TX-13482,2024-02-08,CUST-UNKNOWN,Ergonomic Chair,Office Supplies,3,299.99,South,Corporate,PayPal,899.97
TX-10779,2025-12-21,CUST-0190,Desk Mat,Accessories,1,25.0,South,Consumer,Credit Card,25.0
TX-13426,2024-02-03,CUST-0063,4K Monitor,Electronics,2,350.0,West,Small Business,Credit Card,700.0
TX-14130,2024-07-28,CUST-0223,Mechanical Keyboard,Accessories,10,99.99,South,Corporate,Credit Card,999.9
TX-14052,2025-11-08,CUST-0028,Premium Notebook,Office Supplies,1,15.5,North,Consumer,PayPal,15.5
TX-13244,2025-06-26,CUST-0392,Smartwatch,Electronics,2,200.0,North,Small Business,Bank Transfer,400.0
TX-14864,2024-09-19,CUST-0308,Wireless Mouse,Accessories,5,49.99,North,Corporate,Credit Card,249.95000000000002
TX-10685,2025-07-16,CUST-UNKNOWN,Standing Desk,Office Supplies,3,405.0,South,Consumer,PayPal,1215.0
TX-13787,2025-11-05,CUST-0214,Mechanical Keyboard,Accessories,2,99.99,West,Small Business,Credit Card,199.98
TX-12787,2024-03-22,CUST-UNKNOWN,Whiteboard,Office Supplies,1,79.99,West,Small Business,Credit Card,79.99
TX-13484,2025-06-13,CUST-0217,Pro Laptop,Electronics,4,1200.0,South,Small Business,Cash,4800.0
TX-12171,2025-09-27,CUST-0201,Whiteboard,Office Supplies,7,79.99,East,Corporate,PayPal,559.93
TX-12706,2025-06-26,CUST-0121,Wireless Mouse,Accessories,3,49.99,West,Consumer,PayPal,149.97
TX-11850,2024-12-19,CUST-0272,Noise-Cancelling Headphones,Electronics,6,235.0,West,Corporate,PayPal,1410.0
TX-10487,2024-11-08,CUST-UNKNOWN,4K Monitor,Electronics,1,350.0,South,Consumer,Bank Transfer,350.0
TX-11688,2024-07-25,CUST-0156,Smartwatch,Electronics,6,200.0,East,Corporate,PayPal,1200.0
TX-12230,2024-05-27,CUST-0044,Mechanical Keyboard,Accessories,2,99.99,South,Consumer,PayPal,199.98
TX-13312,2024-11-28,CUST-0129,Smartwatch,Electronics,4,186.0,West,Consumer,Cash,744.0
TX-12320,2025-05-23,CUST-0009,Premium Tablet,Electronics,4,552.0,North,Small Business,Credit Card,2208.0
TX-10782,2024-04-23,CUST-0197,Gel Pens 12-Pack,Office Supplies,1,12.99,South,Consumer,Bank Transfer,12.99
TX-10521,2024-01-06,CUST-0075,Whiteboard,Office Supplies,4,73.59,North,Small Business,Credit Card,294.36
TX-10522,2024-03-22,CUST-0312,Smartwatch,Electronics,8,200.0,West,Corporate,Bank Transfer,1600.0
TX-12879,2024-03-12,CUST-0255,Premium Notebook,Office Supplies,4,15.5,South,Corporate,Cash,62.0
TX-14009,2025-04-14,CUST-0108,Gel Pens 12-Pack,Office Supplies,6,12.99,West,Corporate,Credit Card,77.94
TX-12398,2024-11-14,CUST-0187,Gel Pens 12-Pack,Office Supplies,3,12.99,South,Small Business,Credit Card,38.97
TX-12207,2024-10-12,CUST-0378,Ergonomic Chair,Office Supplies,4,299.99,North,Small Business,Cash,1199.96
TX-13529,2024-09-07,CUST-0314,Gel Pens 12-Pack,Office Supplies,5,12.99,North,Corporate,Cash,64.95
TX-13604,2024-11-21,CUST-0004,Smartwatch,Electronics,2,200.0,North,Small Business,Cash,400.0
TX-14785,2025-10-24,CUST-0158,Whiteboard,Office Supplies,10,79.99,North,Corporate,Cash,799.9
TX-12985,2024-02-11,CUST-0192,USB-C Multi-Hub,Accessories,7,32.79,North,Corporate,Credit Card,229.53
TX-11511,2024-01-25,CUST-0118,Mechanical Keyboard,Accessories,1,99.99,South,Consumer,Bank Transfer,99.99
TX-11882,2024-08-28,CUST-0048,Premium Notebook,Office Supplies,3,15.5,East,Consumer,Credit Card,46.5
TX-10651,2024-02-14,CUST-UNKNOWN,Noise-Cancelling Headphones,Electronics,4,250.0,West,Corporate,PayPal,1000.0
TX-12827,2025-09-22,CUST-0159,Premium Tablet,Electronics,2,600.0,North,Consumer,Bank Transfer,1200.0
TX-13134,2025-01-26,CUST-0224,Laptop Sleeve,Accessories,2,29.99,North,Small Business,PayPal,59.98
TX-10369,2025-02-08,CUST-0366,4K Monitor,Electronics,10,294.0,West,Corporate,PayPal,2940.0
TX-12678,2024-10-28,CUST-0010,Whiteboard,Office Supplies,4,70.39,South,Small Business,Bank Transfer,281.56
TX-10118,2025-04-26,CUST-0199,Premium Notebook,Office Supplies,1,15.5,West,Consumer,Bank Transfer,15.5
TX-14820,2025-07-12,CUST-0265,Smartwatch,Electronics,1,200.0,West,Consumer,PayPal,200.0
TX-13078,2024-01-03,CUST-0217,Wireless Mouse,Accessories,4,43.99,South,Small Business,Credit Card,175.96
TX-12216,2024-03-22,CUST-0238,Premium Tablet,Electronics,2,558.0,West,Small Business,Credit Card,1116.0
TX-13975,2025-04-07,CUST-0258,Standing Desk,Office Supplies,3,450.0,South,Small Business,Bank Transfer,1350.0
TX-11613,2025-03-01,CUST-0012,Whiteboard,Office Supplies,4,79.99,West,Small Business,PayPal,319.96
TX-12955,2025-12-04,CUST-0310,Smartwatch,Electronics,5,200.0,South,Corporate,Cash,1000.0
TX-10962,2024-03-27,CUST-0019,USB-C Multi-Hub,Accessories,4,39.99,West,Consumer,PayPal,159.96
TX-12510,2025-01-23,CUST-0161,Standing Desk,Office Supplies,4,450.0,East,Consumer,PayPal,1800.0
TX-13599,2024-02-24,CUST-0251,4K Monitor,Electronics,2,304.5,South,Small Business,PayPal,609.0
TX-13666,2024-07-11,CUST-UNKNOWN,Wireless Mouse,Accessories,4,49.99,North,Consumer,Cash,199.96
TX-14071,2025-08-22,CUST-0299,Smartwatch,Electronics,8,200.0,North,Corporate,Bank Transfer,1600.0
TX-13076,2025-06-23,CUST-0168,Pro Laptop,Electronics,4,1200.0,East,Small Business,PayPal,4800.0
TX-12415,2024-03-19,CUST-0058,Premium Tablet,Electronics,2,600.0,North,Consumer,Cash,1200.0
TX-14681,2025-08-08,CUST-0271,Ergonomic Chair,Office Supplies,3,299.99,West,Consumer,Cash,899.97
TX-14262,2025-05-14,CUST-0277,Smartwatch,Electronics,4,200.0,West,Consumer,Credit Card,800.0
TX-12185,2024-08-05,CUST-0120,USB-C Multi-Hub,Accessories,1,35.59,West,Consumer,Credit Card,35.59
TX-13978,2024-10-01,CUST-0116,Mechanical Keyboard,Accessories,3,99.99,West,Small Business,PayPal,299.96999999999997
TX-12037,2024-04-30,CUST-0076,Smartwatch,Electronics,2,200.0,East,Small Business,PayPal,400.0
TX-14287,2025-08-30,CUST-0143,Smartwatch,Electronics,3,200.0,North,Consumer,Credit Card,600.0
TX-10772,2025-05-15,CUST-0111,Desk Mat,Accessories,9,22.25,West,Corporate,Bank Transfer,200.25
TX-11284,2025-07-28,CUST-0005,Pro Laptop,Electronics,3,1068.0,North,Small Business,Cash,3204.0
TX-14630,2024-11-29,CUST-0262,Mechanical Keyboard,Accessories,3,99.99,North,Consumer,Bank Transfer,299.96999999999997
TX-14765,2025-02-25,CUST-0147,Mechanical Keyboard,Accessories,4,99.99,North,Small Business,PayPal,399.96
TX-14602,2025-06-01,CUST-0006,Whiteboard,Office Supplies,1,79.99,West,Consumer,Credit Card,79.99
TX-11414,2025-03-06,CUST-0033,4K Monitor,Electronics,3,294.0,East,Consumer,Credit Card,882.0
TX-11234,2025-02-07,CUST-0352,Mechanical Keyboard,Accessories,3,90.99,South,Corporate,PayPal,272.96999999999997
TX-13912,2024-09-21,CUST-0195,USB-C Multi-Hub,Accessories,8,39.99,North,Corporate,Credit Card,319.92
TX-10435,2025-08-09,CUST-0256,Premium Notebook,Office Supplies,3,15.5,North,Corporate,Cash,46.5
TX-11674,2024-10-25,CUST-0072,Noise-Cancelling Headphones,Electronics,3,250.0,North,Small Business,Cash,750.0
TX-10365,2025-01-13,CUST-0096,Ergonomic Chair,Office Supplies,6,299.99,North,Corporate,Cash,1799.94
TX-12688,2024-12-09,CUST-0320,Wireless Mouse,Accessories,3,41.99,South,Consumer,Credit Card,125.97
TX-10231,2024-02-13,CUST-0118,4K Monitor,Electronics,4,329.0,South,Consumer,Bank Transfer,1316.0
TX-14293,2024-07-21,CUST-0235,Premium Tablet,Electronics,4,498.0,East,Small Business,Cash,1992.0
TX-10147,2025-03-02,CUST-0016,Whiteboard,Office Supplies,3,79.99,East,Consumer,Bank Transfer,239.96999999999997
TX-14425,2025-11-28,CUST-0016,Noise-Cancelling Headphones,Electronics,1,250.0,East,Consumer,Cash,250.0
TX-10407,2025-05-03,CUST-0020,Mechanical Keyboard,Accessories,7,99.99,East,Corporate,Credit Card,699.93
TX-12090,2025-08-11,CUST-0002,Mechanical Keyboard,Accessories,1,99.99,East,Consumer,Credit Card,99.99
TX-10086,2024-12-13,CUST-0040,Wireless Mouse,Accessories,10,49.99,West,Corporate,PayPal,499.90000000000003
TX-10844,2024-01-28,CUST-0196,USB-C Multi-Hub,Accessories,2,39.99,West,Small Business,Bank Transfer,79.98
TX-11031,2024-12-15,CUST-0240,USB-C Multi-Hub,Accessories,7,39.99,East,Corporate,Bank Transfer,279.93
TX-13856,2024-08-06,CUST-0119,Ergonomic Chair,Office Supplies,2,275.99,South,Small Business,Credit Card,551.98
TX-13249,2025-03-14,CUST-0162,Whiteboard,Office Supplies,4,79.99,East,Consumer,Credit Card,319.96
TX-12764,2025-05-15,CUST-0262,Wireless Mouse,Accessories,2,45.99,North,Consumer,PayPal,91.98
TX-13277,2024-12-29,CUST-0232,Mechanical Keyboard,Accessories,2,99.99,South,Small Business,Cash,199.98
TX-12697,2025-02-12,CUST-0384,Ergonomic Chair,Office Supplies,8,299.99,South,Corporate,PayPal,2399.92
TX-10855,2024-01-21,CUST-0020,Gel Pens 12-Pack,Office Supplies,10,12.99,East,Corporate,Cash,129.9
TX-10078,2024-10-17,CUST-0304,Whiteboard,Office Supplies,6,79.99,North,Corporate,Credit Card,479.93999999999994
TX-12247,2025-08-05,CUST-0020,Pro Laptop,Electronics,4,1200.0,East,Corporate,Bank Transfer,4800.0
TX-14596,2024-01-24,CUST-0177,Mechanical Keyboard,Accessories,8,87.99,West,Corporate,Credit Card,703.92
TX-13710,2024-09-12,CUST-0265,USB-C Multi-Hub,Accessories,2,39.99,West,Consumer,Cash,79.98
TX-12954,2025-01-14,CUST-0399,Noise-Cancelling Headphones,Electronics,1,250.0,West,Consumer,Bank Transfer,250.0
TX-12951,2024-05-21,CUST-0184,Mechanical Keyboard,Accessories,2,99.99,West,Small Business,Cash,199.98
TX-12279,2024-10-26,CUST-0004,Noise-Cancelling Headphones,Electronics,2,250.0,North,Small Business,Bank Transfer,500.0
TX-14035,2024-10-27,CUST-0315,4K Monitor,Electronics,4,350.0,North,Small Business,PayPal,1400.0
TX-14184,2025-01-14,CUST-0190,Premium Notebook,Office Supplies,3,13.79,South,Consumer,Credit Card,41.37
TX-13926,2025-10-08,CUST-0267,Noise-Cancelling Headphones,Electronics,2,250.0,West,Consumer,Bank Transfer,500.0
TX-13478,2025-06-05,CUST-0175,Premium Tablet,Electronics,3,600.0,East,Consumer,PayPal,1800.0
TX-12176,2024-02-13,CUST-0188,Wireless Mouse,Accessories,7,49.99,North,Corporate,PayPal,349.93
TX-10424,2025-11-24,CUST-0379,Pro Laptop,Electronics,1,1200.0,South,Consumer,Credit Card,1200.0
TX-10392,2025-11-09,CUST-0288,Laptop Sleeve,Accessories,6,29.99,West,Corporate,Bank Transfer,179.94
TX-14757,2025-02-20,CUST-0275,Gel Pens 12-Pack,Office Supplies,1,12.99,West,Small Business,Bank Transfer,12.99
TX-13515,2025-11-04,CUST-0187,4K Monitor,Electronics,2,350.0,South,Small Business,Bank Transfer,700.0
TX-10104,2025-10-01,CUST-0085,Desk Mat,Accessories,1,25.0,North,Consumer,Cash,25.0
TX-13015,2024-06-15,CUST-0141,Noise-Cancelling Headphones,Electronics,2,250.0,West,Small Business,Credit Card,500.0
TX-12609,2024-01-19,CUST-0130,Smartwatch,Electronics,2,164.0,West,Consumer,Credit Card,328.0
TX-13182,2024-07-05,CUST-0012,Wireless Mouse,Accessories,3,42.99,West,Small Business,Credit Card,128.97
TX-12850,2024-01-25,CUST-0347,Noise-Cancelling Headphones,Electronics,7,250.0,West,Corporate,Bank Transfer,1750.0
TX-11948,2025-06-06,CUST-0075,Smartwatch,Electronics,1,200.0,North,Small Business,PayPal,200.0
TX-11459,2024-12-24,CUST-0228,4K Monitor,Electronics,1,350.0,East,Small Business,PayPal,350.0
TX-13305,2024-08-27,CUST-0034,Premium Notebook,Office Supplies,6,15.5,East,Corporate,Cash,93.0
TX-13098,2025-08-27,CUST-0308,Mechanical Keyboard,Accessories,10,99.99,North,Corporate,PayPal,999.9
TX-13552,2024-01-17,CUST-0197,Pro Laptop,Electronics,1,1200.0,South,Consumer,Cash,1200.0
TX-14818,2025-05-23,CUST-0073,Premium Tablet,Electronics,3,600.0,East,Small Business,PayPal,1800.0
TX-11587,2025-02-18,CUST-0007,Noise-Cancelling Headphones,Electronics,2,250.0,North,Consumer,Cash,500.0
TX-14651,2024-08-16,CUST-0201,Desk Mat,Accessories,2,25.0,East,Corporate,PayPal,50.0
TX-11731,2024-02-11,CUST-0131,Smartwatch,Electronics,8,200.0,South,Corporate,PayPal,1600.0
TX-14793,2025-05-03,CUST-0323,Premium Tablet,Electronics,2,600.0,South,Corporate,PayPal,1200.0
TX-13767,2024-07-07,CUST-0051,Smartwatch,Electronics,3,178.0,East,Consumer,Bank Transfer,534.0
TX-14286,2025-03-09,CUST-0123,Laptop Sleeve,Accessories,3,29.99,South,Consumer,Bank Transfer,89.97
TX-11791,2025-09-28,CUST-0217,Laptop Sleeve,Accessories,3,29.99,South,Small Business,PayPal,89.97
TX-12355,2025-11-07,CUST-0240,4K Monitor,Electronics,9,311.5,East,Corporate,PayPal,2803.5
TX-11940,2024-02-04,CUST-0286,Desk Mat,Accessories,3,20.5,West,Corporate,Credit Card,61.5
TX-10702,2025-09-18,CUST-0262,Standing Desk,Office Supplies,3,450.0,North,Consumer,Credit Card,1350.0
TX-12442,2024-01-18,CUST-0235,Standing Desk,Office Supplies,1,450.0,East,Small Business,Bank Transfer,450.0
TX-12855,2024-03-01,CUST-0005,Laptop Sleeve,Accessories,3,29.99,North,Small Business,Bank Transfer,89.97
TX-10496,2025-01-04,CUST-0233,Pro Laptop,Electronics,7,1200.0,West,Corporate,Credit Card,8400.0
TX-10464,2025-09-25,CUST-0272,Whiteboard,Office Supplies,2,79.99,West,Corporate,Credit Card,159.98
TX-12726,2025-08-10,CUST-0249,4K Monitor,Electronics,2,350.0,North,Corporate,Cash,700.0
TX-14359,2025-11-04,CUST-0029,USB-C Multi-Hub,Accessories,9,39.99,South,Corporate,Credit Card,359.91
TX-10172,2024-10-07,CUST-0294,Laptop Sleeve,Accessories,8,29.99,East,Corporate,Cash,239.92
TX-13623,2024-08-29,CUST-0225,Ergonomic Chair,Office Supplies,3,299.99,West,Consumer,PayPal,899.97
TX-14825,2024-02-25,CUST-0375,Whiteboard,Office Supplies,6,66.39,East,Corporate,Credit Card,398.34000000000003
TX-12540,2025-12-01,CUST-0307,Smartwatch,Electronics,1,200.0,West,Consumer,Cash,200.0
TX-14022,2024-02-28,CUST-0071,Premium Notebook,Office Supplies,7,14.57,South,Corporate,Bank Transfer,101.99000000000001
TX-14530,2025-06-20,CUST-0260,Smartwatch,Electronics,4,200.0,South,Consumer,Credit Card,800.0
TX-12260,2024-10-02,CUST-0045,Standing Desk,Office Supplies,8,409.5,East,Corporate,Bank Transfer,3276.0
TX-12112,2024-04-09,CUST-0019,Ergonomic Chair,Office Supplies,4,299.99,West,Consumer,Credit Card,1199.96
TX-10900,2025-09-26,CUST-0196,Gel Pens 12-Pack,Office Supplies,3,12.99,West,Small Business,PayPal,38.97
TX-11446,2024-07-07,CUST-0273,Noise-Cancelling Headphones,Electronics,1,250.0,East,Consumer,Bank Transfer,250.0
TX-14484,2025-02-20,CUST-0022,Wireless Mouse,Accessories,4,49.99,West,Small Business,Credit Card,199.96
TX-10741,2025-01-02,CUST-0171,USB-C Multi-Hub,Accessories,4,39.99,North,Small Business,Credit Card,159.96
TX-12293,2024-09-07,CUST-0277,Noise-Cancelling Headphones,Electronics,3,250.0,West,Consumer,Bank Transfer,750.0
TX-12452,2025-03-15,CUST-0233,4K Monitor,Electronics,9,301.0,West,Corporate,Cash,2709.0
TX-14628,2024-09-25,CUST-0380,Desk Mat,Accessories,4,25.0,South,Small Business,Credit Card,100.0
TX-14112,2025-08-07,CUST-0101,USB-C Multi-Hub,Accessories,4,39.99,South,Consumer,Bank Transfer,159.96
TX-11206,2024-04-27,CUST-0359,Smartwatch,Electronics,2,200.0,East,Small Business,Cash,400.0
TX-10509,2024-04-21,CUST-0268,Desk Mat,Accessories,2,20.25,West,Small Business,Credit Card,40.5
TX-14179,2024-09-14,CUST-0215,Premium Notebook,Office Supplies,3,15.5,East,Consumer,Bank Transfer,46.5
TX-12659,2025-07-23,CUST-0395,Gel Pens 12-Pack,Office Supplies,2,11.82,East,Consumer,PayPal,23.64
TX-12843,2025-04-10,CUST-0132,Standing Desk,Office Supplies,8,450.0,North,Corporate,Credit Card,3600.0
TX-13362,2025-07-11,CUST-0047,Smartwatch,Electronics,1,200.0,South,Small Business,Bank Transfer,200.0
TX-11549,2024-02-01,CUST-0368,Whiteboard,Office Supplies,4,67.19,East,Consumer,Cash,268.76
TX-14969,2025-05-18,CUST-0342,Gel Pens 12-Pack,Office Supplies,3,12.99,East,Small Business,Cash,38.97
TX-12202,2024-05-03,CUST-0129,Noise-Cancelling Headphones,Electronics,4,250.0,West,Consumer,PayPal,1000.0
TX-12566,2024-09-02,CUST-0007,Premium Notebook,Office Supplies,2,15.5,North,Consumer,PayPal,31.0
TX-12718,2024-09-29,CUST-0039,Mechanical Keyboard,Accessories,4,99.99,South,Consumer,Cash,399.96
TX-12044,2025-05-22,CUST-0143,Premium Tablet,Electronics,4,600.0,North,Consumer,Credit Card,2400.0
TX-10767,2025-01-19,CUST-0038,Whiteboard,Office Supplies,4,79.99,South,Small Business,Credit Card,319.96
TX-14902,2025-11-30,CUST-0110,Mechanical Keyboard,Accessories,4,99.99,North,Small Business,PayPal,399.96
TX-13792,2024-05-04,CUST-0289,Wireless Mouse,Accessories,3,49.99,North,Consumer,PayPal,149.97
TX-10421,2024-01-03,CUST-0007,Wireless Mouse,Accessories,1,46.99,North,Consumer,Cash,46.99
TX-10123,2024-07-14,CUST-0400,Noise-Cancelling Headphones,Electronics,3,250.0,North,Consumer,Credit Card,750.0
TX-14187,2024-07-15,CUST-0296,Laptop Sleeve,Accessories,2,29.99,South,Corporate,Bank Transfer,59.98
TX-14878,2025-02-27,CUST-0360,4K Monitor,Electronics,3,350.0,North,Small Business,Bank Transfer,1050.0
TX-10819,2025-12-02,CUST-0139,USB-C Multi-Hub,Accessories,1,39.99,East,Consumer,Bank Transfer,39.99
TX-11403,2024-10-23,CUST-0302,Premium Notebook,Office Supplies,6,15.5,South,Corporate,Cash,93.0
TX-11382,2025-08-30,CUST-0251,Ergonomic Chair,Office Supplies,4,299.99,South,Small Business,Bank Transfer,1199.96
TX-12148,2024-02-18,CUST-0201,Whiteboard,Office Supplies,3,79.99,East,Corporate,Credit Card,239.96999999999997
TX-11575,2024-02-25,CUST-0159,Noise-Cancelling Headphones,Electronics,4,237.5,North,Consumer,Cash,950.0
TX-11638,2025-11-20,CUST-0381,Mechanical Keyboard,Accessories,4,99.99,West,Corporate,Bank Transfer,399.96
TX-11795,2025-05-15,CUST-0035,4K Monitor,Electronics,3,350.0,South,Small Business,PayPal,1050.0
TX-14844,2025-08-15,CUST-0337,Premium Notebook,Office Supplies,1,15.5,West,Small Business,PayPal,15.5
TX-10399,2025-07-26,CUST-0094,USB-C Multi-Hub,Accessories,1,39.99,West,Consumer,PayPal,39.99
TX-12310,2024-04-30,CUST-0352,Desk Mat,Accessories,8,25.0,South,Corporate,Cash,200.0
TX-10882,2024-06-13,CUST-0225,USB-C Multi-Hub,Accessories,4,39.99,West,Consumer,Credit Card,159.96
TX-12939,2024-12-15,CUST-0328,4K Monitor,Electronics,4,350.0,South,Consumer,PayPal,1400.0
TX-11352,2025-12-29,CUST-0125,Mechanical Keyboard,Accessories,1,99.99,North,Consumer,Credit Card,99.99
TX-13998,2024-02-26,CUST-0161,Laptop Sleeve,Accessories,4,29.99,East,Consumer,Bank Transfer,119.96
TX-14576,2025-06-14,CUST-0380,Gel Pens 12-Pack,Office Supplies,3,12.99,South,Small Business,Bank Transfer,38.97
TX-12130,2024-03-26,CUST-0174,Laptop Sleeve,Accessories,1,29.99,South,Small Business,Bank Transfer,29.99
TX-10982,2025-09-30,CUST-0210,Standing Desk,Office Supplies,8,450.0,South,Corporate,Bank Transfer,3600.0
TX-10456,2025-12-13,CUST-0196,Gel Pens 12-Pack,Office Supplies,3,11.82,West,Small Business,Credit Card,35.46
TX-13866,2025-09-25,CUST-0157,Premium Notebook,Office Supplies,4,15.5,East,Consumer,Bank Transfer,62.0
TX-11079,2024-11-30,CUST-0237,Pro Laptop,Electronics,2,996.0,West,Small Business,Cash,1992.0
TX-11950,2024-11-24,CUST-0344,USB-C Multi-Hub,Accessories,8,39.99,South,Corporate,Cash,319.92
TX-14340,2024-11-14,CUST-0085,Smartwatch,Electronics,4,200.0,North,Consumer,PayPal,800.0
TX-10689,2025-12-16,CUST-0234,Gel Pens 12-Pack,Office Supplies,4,12.99,West,Small Business,PayPal,51.96
TX-12429,2025-06-24,CUST-0264,4K Monitor,Electronics,1,350.0,South,Small Business,Bank Transfer,350.0
TX-10641,2024-09-09,CUST-0219,Ergonomic Chair,Office Supplies,4,299.99,North,Small Business,Bank Transfer,1199.96
TX-12392,2025-03-08,CUST-0032,4K Monitor,Electronics,10,350.0,East,Corporate,Cash,3500.0
TX-11953,2025-07-29,CUST-0044,Mechanical Keyboard,Accessories,1,99.99,South,Consumer,Bank Transfer,99.99
TX-12788,2025-09-24,CUST-0337,Laptop Sleeve,Accessories,2,29.99,West,Small Business,Credit Card,59.98
TX-14031,2024-05-12,CUST-0147,Noise-Cancelling Headphones,Electronics,4,250.0,North,Small Business,Cash,1000.0
TX-13485,2025-08-16,CUST-0267,Premium Tablet,Electronics,2,492.0,West,Consumer,Cash,984.0
TX-13386,2025-11-10,CUST-0335,Ergonomic Chair,Office Supplies,2,299.99,North,Small Business,Credit Card,599.98
TX-14795,2025-04-03,CUST-0243,Ergonomic Chair,Office Supplies,3,299.99,West,Small Business,PayPal,899.97
TX-14797,2025-03-12,CUST-0363,Gel Pens 12-Pack,Office Supplies,6,12.99,West,Corporate,Credit Card,77.94
TX-11884,2025-02-09,CUST-0281,Premium Tablet,Electronics,4,486.0,North,Consumer,PayPal,1944.0
TX-10389,2025-09-07,CUST-0115,Whiteboard,Office Supplies,3,79.99,North,Consumer,Bank Transfer,239.96999999999997
TX-12494,2025-12-17,CUST-0041,Ergonomic Chair,Office Supplies,3,299.99,East,Small Business,PayPal,899.97
TX-13163,2025-10-17,CUST-0208,Premium Tablet,Electronics,2,600.0,East,Consumer,Bank Transfer,1200.0
TX-13123,2025-10-06,CUST-0286,Ergonomic Chair,Office Supplies,9,299.99,West,Corporate,PayPal,2699.91
TX-10845,2024-04-08,CUST-0390,4K Monitor,Electronics,4,350.0,South,Small Business,Cash,1400.0
TX-10542,2024-04-13,CUST-UNKNOWN,Standing Desk,Office Supplies,10,450.0,North,Corporate,Bank Transfer,4500.0
TX-10091,2024-11-13,CUST-0020,Noise-Cancelling Headphones,Electronics,6,250.0,East,Corporate,Credit Card,1500.0
TX-13945,2025-07-22,CUST-0111,Whiteboard,Office Supplies,2,75.19,West,Corporate,Cash,150.38
TX-11979,2024-10-07,CUST-0119,Whiteboard,Office Supplies,4,79.99,South,Small Business,Credit Card,319.96
TX-14482,2024-04-01,CUST-0034,Pro Laptop,Electronics,5,1116.0,East,Corporate,Cash,5580.0
TX-14705,2024-02-27,CUST-0227,USB-C Multi-Hub,Accessories,2,39.99,West,Consumer,PayPal,79.98
TX-12944,2024-03-03,CUST-0250,Premium Notebook,Office Supplies,2,15.5,East,Consumer,Credit Card,31.0
TX-12529,2024-10-09,CUST-0160,Pro Laptop,Electronics,2,1200.0,South,Small Business,PayPal,2400.0
TX-11676,2024-07-22,CUST-0347,USB-C Multi-Hub,Accessories,6,33.99,West,Corporate,Credit Card,203.94
TX-11048,2025-03-31,CUST-0266,Standing Desk,Office Supplies,1,450.0,South,Consumer,Cash,450.0
TX-11960,2025-12-30,CUST-0165,Smartwatch,Electronics,2,200.0,West,Small Business,Credit Card,400.0
TX-12530,2025-05-03,CUST-0028,4K Monitor,Electronics,2,350.0,North,Consumer,Bank Transfer,700.0
TX-12822,2025-10-14,CUST-0012,4K Monitor,Electronics,2,318.5,West,Small Business,Cash,637.0
TX-10237,2025-11-07,CUST-0396,USB-C Multi-Hub,Accessories,5,37.19,North,Corporate,Credit Card,185.95
TX-14720,2025-01-19,CUST-0256,4K Monitor,Electronics,6,315.0,North,Corporate,Bank Transfer,1890.0
TX-13540,2025-09-29,CUST-0245,Gel Pens 12-Pack,Office Supplies,4,12.99,West,Corporate,Cash,51.96
TX-11133,2025-12-30,CUST-0293,Laptop Sleeve,Accessories,2,29.99,North,Corporate,PayPal,59.98
TX-11805,2024-05-26,CUST-0163,Pro Laptop,Electronics,3,1200.0,South,Corporate,Cash,3600.0
TX-14168,2024-11-17,CUST-0345,Premium Notebook,Office Supplies,4,15.5,South,Small Business,Credit Card,62.0
TX-10163,2025-01-12,CUST-0057,Whiteboard,Office Supplies,3,79.99,West,Consumer,Credit Card,239.96999999999997
TX-13544,2025-08-19,CUST-0097,Wireless Mouse,Accessories,2,49.99,North,Small Business,Bank Transfer,99.98
TX-14862,2024-11-30,CUST-0147,USB-C Multi-Hub,Accessories,2,39.99,North,Small Business,Credit Card,79.98
TX-13393,2025-08-28,CUST-0305,Ergonomic Chair,Office Supplies,1,251.99,North,Consumer,Bank Transfer,251.99
TX-13503,2025-09-13,CUST-0349,Whiteboard,Office Supplies,5,79.99,East,Corporate,PayPal,399.95
TX-13247,2024-05-01,CUST-0231,Laptop Sleeve,Accessories,1,29.99,East,Small Business,PayPal,29.99
TX-13688,2025-06-03,CUST-UNKNOWN,Premium Notebook,Office Supplies,4,15.5,South,Corporate,Bank Transfer,62.0
TX-13995,2025-02-23,CUST-0221,Smartwatch,Electronics,4,200.0,East,Corporate,Credit Card,800.0
TX-11811,2024-06-27,CUST-0199,Standing Desk,Office Supplies,3,450.0,West,Consumer,Credit Card,1350.0
TX-13989,2024-03-21,CUST-0304,Mechanical Keyboard,Accessories,7,99.99,North,Corporate,Bank Transfer,699.93
TX-13575,2024-09-27,CUST-0077,Desk Mat,Accessories,4,25.0,South,Consumer,PayPal,100.0
TX-11428,2025-07-31,CUST-0313,Wireless Mouse,Accessories,7,49.99,West,Corporate,Credit Card,349.93
TX-13667,2024-03-09,CUST-0111,Desk Mat,Accessories,5,25.0,West,Corporate,Cash,125.0
TX-13248,2024-08-21,CUST-0242,Laptop Sleeve,Accessories,1,29.99,East,Consumer,Credit Card,29.99
TX-14769,2025-01-29,CUST-0197,4K Monitor,Electronics,3,350.0,South,Consumer,Bank Transfer,1050.0
TX-14486,2024-12-26,CUST-0006,USB-C Multi-Hub,Accessories,1,39.99,West,Consumer,Cash,39.99
TX-14676,2025-10-14,CUST-0334,Premium Notebook,Office Supplies,3,15.5,South,Small Business,Bank Transfer,46.5
TX-14307,2024-01-23,CUST-0295,Ergonomic Chair,Office Supplies,2,299.99,West,Small Business,Credit Card,599.98
TX-11452,2024-10-02,CUST-0335,Wireless Mouse,Accessories,1,49.99,North,Small Business,Bank Transfer,49.99
TX-10593,2025-09-12,CUST-0368,Pro Laptop,Electronics,2,1200.0,East,Consumer,Cash,2400.0
TX-12725,2025-10-04,CUST-0211,Whiteboard,Office Supplies,6,79.99,East,Corporate,Credit Card,479.93999999999994
TX-10041,2024-02-04,CUST-0375,Pro Laptop,Electronics,6,1200.0,East,Corporate,Bank Transfer,7200.0
TX-10560,2025-02-03,CUST-0159,Premium Tablet,Electronics,3,600.0,North,Consumer,Cash,1800.0
TX-12978,2025-07-20,CUST-0183,4K Monitor,Electronics,4,350.0,West,Small Business,Bank Transfer,1400.0
TX-13085,2025-09-02,CUST-0010,Wireless Mouse,Accessories,2,49.99,South,Small Business,PayPal,99.98
TX-10243,2024-06-22,CUST-0155,Gel Pens 12-Pack,Office Supplies,2,11.82,South,Small Business,Credit Card,23.64
TX-11339,2025-05-25,CUST-0141,Ergonomic Chair,Office Supplies,1,269.99,West,Small Business,Cash,269.99
TX-12820,2025-05-01,CUST-0231,Noise-Cancelling Headphones,Electronics,1,250.0,East,Small Business,PayPal,250.0
TX-13806,2024-08-17,CUST-0209,Premium Notebook,Office Supplies,1,15.5,South,Consumer,Bank Transfer,15.5
TX-13853,2024-09-12,CUST-0181,Smartwatch,Electronics,4,200.0,East,Consumer,PayPal,800.0
TX-11442,2024-05-20,CUST-0267,Noise-Cancelling Headphones,Electronics,2,250.0,West,Consumer,Credit Card,500.0
TX-10261,2025-11-24,CUST-0380,4K Monitor,Electronics,2,350.0,South,Small Business,PayPal,700.0
TX-12804,2025-07-11,CUST-0305,Gel Pens 12-Pack,Office Supplies,4,12.99,North,Consumer,Credit Card,51.96
TX-11689,2024-08-10,CUST-0014,Smartwatch,Electronics,1,164.0,South,Small Business,Cash,164.0
TX-11725,2025-09-19,CUST-0305,Pro Laptop,Electronics,4,996.0,North,Consumer,PayPal,3984.0
TX-11203,2024-01-22,CUST-0065,Noise-Cancelling Headphones,Electronics,1,207.5,East,Small Business,PayPal,207.5
TX-10834,2024-05-06,CUST-0239,4K Monitor,Electronics,2,350.0,South,Small Business,Cash,700.0
TX-11866,2025-07-22,CUST-0175,USB-C Multi-Hub,Accessories,2,39.99,East,Consumer,PayPal,79.98
TX-12496,2025-09-24,CUST-0174,Smartwatch,Electronics,3,200.0,South,Small Business,Credit Card,600.0
TX-12010,2025-01-21,CUST-0170,Desk Mat,Accessories,3,20.25,East,Consumer,PayPal,60.75
TX-10340,2024-08-12,CUST-0016,Ergonomic Chair,Office Supplies,4,299.99,East,Consumer,Bank Transfer,1199.96
TX-13032,2025-03-27,CUST-0011,Smartwatch,Electronics,2,200.0,West,Consumer,PayPal,400.0
TX-11601,2024-03-22,CUST-0222,Premium Tablet,Electronics,6,600.0,North,Corporate,Bank Transfer,3600.0
TX-13047,2024-06-01,CUST-0357,4K Monitor,Electronics,3,350.0,East,Corporate,Credit Card,1050.0
TX-14724,2025-08-17,CUST-0082,Ergonomic Chair,Office Supplies,4,299.99,East,Corporate,Cash,1199.96
TX-10480,2025-10-23,CUST-0073,Premium Tablet,Electronics,2,552.0,East,Small Business,Bank Transfer,1104.0
TX-14680,2024-04-12,CUST-0189,Pro Laptop,Electronics,5,1032.0,South,Corporate,Bank Transfer,5160.0
TX-13956,2024-07-01,CUST-0154,Laptop Sleeve,Accessories,9,29.99,East,Corporate,Cash,269.90999999999997
TX-14749,2025-04-16,CUST-0262,Premium Notebook,Office Supplies,1,15.5,North,Consumer,PayPal,15.5
TX-14665,2024-11-09,CUST-0313,4K Monitor,Electronics,7,315.0,West,Corporate,PayPal,2205.0
TX-14656,2024-02-13,CUST-0095,Premium Tablet,Electronics,4,600.0,South,Consumer,PayPal,2400.0
TX-14047,2025-03-31,CUST-0301,Wireless Mouse,Accessories,3,49.99,West,Small Business,Bank Transfer,149.97
TX-11766,2025-06-26,CUST-0212,Mechanical Keyboard,Accessories,5,99.99,North,Corporate,PayPal,499.95
TX-14805,2025-11-17,CUST-0398,Whiteboard,Office Supplies,8,79.99,North,Corporate,Credit Card,639.92
TX-12453,2024-05-09,CUST-0012,Premium Tablet,Electronics,4,600.0,West,Small Business,Bank Transfer,2400.0
TX-14160,2024-09-21,CUST-0295,Gel Pens 12-Pack,Office Supplies,2,12.99,West,Small Business,Credit Card,25.98
TX-13870,2025-10-25,CUST-0304,Smartwatch,Electronics,8,200.0,North,Corporate,Bank Transfer,1600.0
TX-14073,2025-04-10,CUST-0111,USB-C Multi-Hub,Accessories,8,39.99,West,Corporate,PayPal,319.92
TX-14704,2024-10-15,CUST-0359,Ergonomic Chair,Office Supplies,4,299.99,East,Small Business,Bank Transfer,1199.96
TX-13733,2025-08-21,CUST-0386,USB-C Multi-Hub,Accessories,4,33.99,North,Small Business,Credit Card,135.96
TX-11271,2025-02-04,CUST-0372,Standing Desk,Office Supplies,3,450.0,East,Corporate,Bank Transfer,1350.0
TX-14019,2025-12-21,CUST-0010,Mechanical Keyboard,Accessories,1,99.99,South,Small Business,Cash,99.99
TX-14527,2025-09-22,CUST-0240,Pro Laptop,Electronics,2,1200.0,East,Corporate,Credit Card,2400.0
TX-13139,2024-03-21,CUST-0048,Premium Tablet,Electronics,4,540.0,East,Consumer,Cash,2160.0
TX-14167,2025-10-14,CUST-0291,Wireless Mouse,Accessories,4,49.99,North,Small Business,Cash,199.96
TX-10347,2024-07-25,CUST-0067,Standing Desk,Office Supplies,3,387.0,North,Small Business,Credit Card,1161.0
TX-13937,2025-12-19,CUST-0250,Premium Notebook,Office Supplies,1,15.5,East,Consumer,PayPal,15.5
TX-14650,2024-12-03,CUST-0287,Standing Desk,Office Supplies,1,450.0,East,Small Business,Cash,450.0
TX-12562,2025-08-31,CUST-0196,Smartwatch,Electronics,2,184.0,West,Small Business,Bank Transfer,368.0
TX-14616,2024-03-02,CUST-0350,Standing Desk,Office Supplies,2,369.0,South,Consumer,Credit Card,738.0
TX-11423,2025-09-07,CUST-0012,Noise-Cancelling Headphones,Electronics,3,250.0,West,Small Business,Cash,750.0
TX-10656,2025-05-02,CUST-0233,Gel Pens 12-Pack,Office Supplies,3,12.99,West,Corporate,Credit Card,38.97
TX-12102,2024-01-21,CUST-0055,Noise-Cancelling Headphones,Electronics,6,250.0,West,Corporate,PayPal,1500.0
TX-10632,2024-07-30,CUST-UNKNOWN,4K Monitor,Electronics,2,350.0,North,Small Business,PayPal,700.0
TX-12934,2024-09-07,CUST-0315,Standing Desk,Office Supplies,3,405.0,North,Small Business,Credit Card,1215.0
TX-12493,2024-07-05,CUST-0225,Whiteboard,Office Supplies,3,65.59,West,Consumer,Credit Card,196.77
TX-12665,2025-07-08,CUST-0117,Desk Mat,Accessories,2,25.0,East,Consumer,Cash,50.0
TX-13263,2024-11-19,CUST-0168,Whiteboard,Office Supplies,4,79.99,East,Small Business,PayPal,319.96
TX-13716,2025-03-08,CUST-0156,USB-C Multi-Hub,Accessories,5,39.99,East,Corporate,Bank Transfer,199.95000000000002
TX-13355,2025-04-07,CUST-0345,Smartwatch,Electronics,2,200.0,South,Small Business,PayPal,400.0
TX-14513,2025-04-07,CUST-0145,Standing Desk,Office Supplies,4,450.0,North,Small Business,PayPal,1800.0
TX-13648,2025-01-10,CUST-0181,Standing Desk,Office Supplies,4,450.0,East,Consumer,Credit Card,1800.0
TX-12500,2025-09-28,CUST-UNKNOWN,Wireless Mouse,Accessories,5,44.99,East,Corporate,Credit Card,224.95000000000002
TX-11465,2024-08-17,CUST-0295,Laptop Sleeve,Accessories,4,29.99,West,Small Business,Credit Card,119.96
TX-13002,2024-02-20,CUST-0265,Gel Pens 12-Pack,Office Supplies,4,12.99,West,Consumer,PayPal,51.96
TX-10115,2025-09-03,CUST-0275,4K Monitor,Electronics,2,350.0,West,Small Business,PayPal,700.0
TX-11821,2024-05-13,CUST-0391,Premium Notebook,Office Supplies,1,15.5,West,Consumer,Credit Card,15.5
TX-11494,2025-08-23,CUST-0113,Mechanical Keyboard,Accessories,3,82.99,West,Small Business,Cash,248.96999999999997
TX-12401,2024-12-10,CUST-0028,Smartwatch,Electronics,3,200.0,North,Consumer,Bank Transfer,600.0
TX-11232,2024-04-05,CUST-0254,Smartwatch,Electronics,2,176.0,North,Consumer,PayPal,352.0
TX-12661,2025-08-18,CUST-0380,Pro Laptop,Electronics,4,1200.0,South,Small Business,PayPal,4800.0
TX-12992,2025-05-23,CUST-0206,Pro Laptop,Electronics,4,1200.0,South,Consumer,Cash,4800.0
TX-14599,2025-02-12,CUST-0049,4K Monitor,Electronics,3,308.0,West,Corporate,PayPal,924.0
TX-11153,2024-05-31,CUST-0193,Standing Desk,Office Supplies,1,450.0,South,Small Business,Credit Card,450.0
TX-13904,2025-04-07,CUST-0171,Premium Notebook,Office Supplies,3,15.5,North,Small Business,Credit Card,46.5
TX-10057,2024-01-27,CUST-0184,4K Monitor,Electronics,3,329.0,West,Small Business,Credit Card,987.0
TX-14369,2024-11-22,CUST-0120,Ergonomic Chair,Office Supplies,4,299.99,West,Consumer,PayPal,1199.96
TX-14314,2024-03-30,CUST-0123,Standing Desk,Office Supplies,1,373.5,South,Consumer,Credit Card,373.5
TX-14975,2025-09-13,CUST-0275,Standing Desk,Office Supplies,4,400.5,West,Small Business,Bank Transfer,1602.0
TX-11735,2024-09-14,CUST-0043,Pro Laptop,Electronics,4,1200.0,East,Consumer,PayPal,4800.0
TX-12823,2024-06-19,CUST-0021,Ergonomic Chair,Office Supplies,2,299.99,East,Consumer,PayPal,599.98
TX-12196,2025-06-16,CUST-0071,Laptop Sleeve,Accessories,2,29.99,South,Corporate,Bank Transfer,59.98
TX-13605,2024-02-05,CUST-0110,USB-C Multi-Hub,Accessories,3,35.99,North,Small Business,Credit Card,107.97
TX-12475,2025-10-23,CUST-0268,Gel Pens 12-Pack,Office Supplies,2,12.99,West,Small Business,Cash,25.98
TX-12564,2024-07-08,CUST-0390,Whiteboard,Office Supplies,2,79.99,South,Small Business,Bank Transfer,159.98
TX-14435,2025-01-20,CUST-0114,Mechanical Keyboard,Accessories,3,99.99,North,Small Business,Cash,299.96999999999997
TX-14091,2024-07-20,CUST-0112,Pro Laptop,Electronics,6,1200.0,West,Corporate,Bank Transfer,7200.0
TX-14501,2024-03-05,CUST-0232,Pro Laptop,Electronics,3,1200.0,South,Small Business,Credit Card,3600.0
TX-10707,2025-11-17,CUST-0037,Wireless Mouse,Accessories,2,49.99,North,Small Business,Cash,99.98
TX-14306,2024-06-26,CUST-0299,Smartwatch,Electronics,5,200.0,North,Corporate,Bank Transfer,1000.0
TX-11093,2025-08-22,CUST-0230,Whiteboard,Office Supplies,2,79.99,North,Small Business,Credit Card,159.98
TX-13614,2025-10-14,CUST-0213,Premium Tablet,Electronics,1,600.0,East,Small Business,Cash,600.0
TX-11376,2025-12-13,CUST-0382,Premium Tablet,Electronics,4,600.0,East,Consumer,Credit Card,2400.0
TX-14943,2025-10-05,CUST-0035,Desk Mat,Accessories,3,25.0,South,Small Business,Cash,75.0
TX-10072,2025-11-04,CUST-0137,Premium Tablet,Electronics,3,600.0,South,Consumer,Bank Transfer,1800.0
TX-11922,2024-11-09,CUST-0108,Wireless Mouse,Accessories,5,45.49,West,Corporate,Credit Card,227.45000000000002
TX-13220,2024-12-27,CUST-0055,Premium Tablet,Electronics,6,600.0,West,Corporate,Bank Transfer,3600.0
TX-11764,2025-12-14,CUST-0292,Desk Mat,Accessories,4,25.0,West,Corporate,Bank Transfer,100.0
TX-10743,2025-01-28,CUST-0339,Noise-Cancelling Headphones,Electronics,4,250.0,East,Consumer,Credit Card,1000.0
TX-13230,2024-02-13,CUST-0238,Noise-Cancelling Headphones,Electronics,4,250.0,West,Small Business,Cash,1000.0
TX-11005,2025-12-14,CUST-0276,Pro Laptop,Electronics,10,1200.0,South,Corporate,Credit Card,12000.0
TX-12668,2025-06-03,CUST-0372,Mechanical Keyboard,Accessories,5,99.99,East,Corporate,Cash,499.95
TX-11190,2024-05-16,CUST-0264,Ergonomic Chair,Office Supplies,4,299.99,South,Small Business,Cash,1199.96
TX-13298,2025-01-20,CUST-0027,4K Monitor,Electronics,4,350.0,South,Small Business,PayPal,1400.0
TX-12601,2024-01-07,CUST-0162,4K Monitor,Electronics,3,350.0,East,Consumer,Credit Card,1050.0
TX-11125,2024-01-08,CUST-0193,Laptop Sleeve,Accessories,3,29.99,South,Small Business,Cash,89.97
TX-11241,2025-03-01,CUST-0115,Premium Tablet,Electronics,4,510.0,North,Consumer,Cash,2040.0
TX-13133,2024-01-13,CUST-0165,4K Monitor,Electronics,3,350.0,West,Small Business,Credit Card,1050.0
TX-14155,2025-11-28,CUST-0067,Laptop Sleeve,Accessories,2,29.99,North,Small Business,Credit Card,59.98
TX-13492,2024-07-02,CUST-0246,Gel Pens 12-Pack,Office Supplies,2,12.99,South,Small Business,Bank Transfer,25.98
TX-10998,2025-03-09,CUST-0285,Ergonomic Chair,Office Supplies,1,299.99,South,Consumer,Cash,299.99
TX-14766,2024-12-08,CUST-0084,Premium Tablet,Electronics,1,600.0,South,Small Business,PayPal,600.0
TX-12684,2024-01-29,CUST-0335,Whiteboard,Office Supplies,2,79.99,North,Small Business,PayPal,159.98
TX-11577,2025-03-23,CUST-0126,4K Monitor,Electronics,3,350.0,North,Consumer,Credit Card,1050.0
TX-14819,2025-12-19,CUST-0258,Ergonomic Chair,Office Supplies,2,299.99,South,Small Business,PayPal,599.98
TX-11826,2025-10-05,CUST-0354,Pro Laptop,Electronics,4,1128.0,North,Corporate,Cash,4512.0
TX-13340,2024-06-09,CUST-0331,Desk Mat,Accessories,5,25.0,South,Corporate,PayPal,125.0
TX-13626,2024-07-31,CUST-0235,Premium Tablet,Electronics,4,600.0,East,Small Business,Bank Transfer,2400.0
TX-10440,2025-10-10,CUST-0150,Laptop Sleeve,Accessories,7,27.89,North,Corporate,Credit Card,195.23000000000002
TX-14981,2024-12-30,CUST-0054,Ergonomic Chair,Office Supplies,3,299.99,West,Small Business,PayPal,899.97
TX-11100,2024-03-07,CUST-0252,Premium Tablet,Electronics,1,600.0,East,Consumer,PayPal,600.0
TX-14783,2025-02-26,CUST-0165,Pro Laptop,Electronics,1,1200.0,West,Small Business,PayPal,1200.0
TX-13103,2025-02-16,CUST-0003,Noise-Cancelling Headphones,Electronics,3,250.0,South,Consumer,Credit Card,750.0
TX-10649,2024-05-06,CUST-0047,Smartwatch,Electronics,3,200.0,South,Small Business,Credit Card,600.0
TX-11546,2024-07-18,CUST-0003,USB-C Multi-Hub,Accessories,3,39.99,South,Consumer,Credit Card,119.97
TX-14568,2025-03-30,CUST-0081,Gel Pens 12-Pack,Office Supplies,1,11.69,North,Consumer,Credit Card,11.69
TX-13612,2024-06-01,CUST-0121,Laptop Sleeve,Accessories,2,29.99,West,Consumer,Bank Transfer,59.98
TX-13210,2024-02-20,CUST-0197,Wireless Mouse,Accessories,2,49.99,South,Consumer,Bank Transfer,99.98
TX-13398,2025-04-20,CUST-0015,4K Monitor,Electronics,2,315.0,West,Corporate,Credit Card,630.0
TX-13795,2025-07-23,CUST-0131,Laptop Sleeve,Accessories,8,29.99,South,Corporate,Cash,239.92
TX-10630,2025-11-03,CUST-0196,Laptop Sleeve,Accessories,2,29.99,West,Small Business,Cash,59.98
TX-10672,2025-07-03,CUST-0172,Gel Pens 12-Pack,Office Supplies,2,12.99,South,Corporate,Bank Transfer,25.98
TX-11249,2024-07-05,CUST-0393,Premium Notebook,Office Supplies,7,15.5,East,Corporate,Cash,108.5
TX-10482,2024-03-09,CUST-0102,Laptop Sleeve,Accessories,4,29.99,North,Consumer,Bank Transfer,119.96
TX-11584,2024-12-13,CUST-0093,Standing Desk,Office Supplies,6,450.0,East,Corporate,Bank Transfer,2700.0
TX-13119,2024-07-13,CUST-0095,Premium Notebook,Office Supplies,3,15.5,South,Consumer,Cash,46.5
TX-14654,2024-06-26,CUST-0023,Smartwatch,Electronics,6,168.0,North,Corporate,Credit Card,1008.0
TX-13082,2025-09-01,CUST-0196,Mechanical Keyboard,Accessories,3,99.99,West,Small Business,Bank Transfer,299.96999999999997
TX-11462,2024-10-28,CUST-0083,Ergonomic Chair,Office Supplies,3,299.99,South,Consumer,PayPal,899.97
TX-13985,2025-04-14,CUST-0081,Premium Tablet,Electronics,2,486.0,North,Consumer,Bank Transfer,972.0
TX-14017,2024-04-01,CUST-0258,Smartwatch,Electronics,2,190.0,South,Small Business,PayPal,380.0
TX-12578,2025-02-20,CUST-0097,Smartwatch,Electronics,1,200.0,North,Small Business,Credit Card,200.0
TX-13855,2025-04-10,CUST-0066,4K Monitor,Electronics,2,350.0,North,Small Business,Bank Transfer,700.0
TX-10049,2024-04-28,CUST-0276,Smartwatch,Electronics,9,200.0,South,Corporate,Bank Transfer,1800.0
TX-14315,2025-09-26,CUST-0045,Mechanical Keyboard,Accessories,10,99.99,East,Corporate,Credit Card,999.9
TX-13101,2025-06-21,CUST-0268,Whiteboard,Office Supplies,2,79.99,West,Small Business,Credit Card,159.98
TX-10858,2025-11-14,CUST-0315,Premium Notebook,Office Supplies,4,15.5,North,Small Business,PayPal,62.0
TX-11072,2025-12-29,CUST-0201,Mechanical Keyboard,Accessories,3,85.99,East,Corporate,PayPal,257.96999999999997
TX-10719,2025-01-13,CUST-0090,Standing Desk,Office Supplies,4,450.0,West,Consumer,PayPal,1800.0
TX-13204,2024-10-22,CUST-0174,Noise-Cancelling Headphones,Electronics,1,250.0,South,Small Business,Credit Card,250.0
TX-12631,2025-09-09,CUST-0302,4K Monitor,Electronics,5,350.0,South,Corporate,Bank Transfer,1750.0
TX-14903,2024-04-14,CUST-0139,Wireless Mouse,Accessories,3,49.99,East,Consumer,Credit Card,149.97
TX-11660,2024-08-25,CUST-0257,Premium Notebook,Office Supplies,4,15.5,West,Small Business,Credit Card,62.0
TX-11656,2025-06-10,CUST-0146,USB-C Multi-Hub,Accessories,6,39.99,South,Corporate,PayPal,239.94
TX-12425,2025-11-17,CUST-0134,Gel Pens 12-Pack,Office Supplies,2,12.99,East,Corporate,PayPal,25.98
TX-13576,2024-12-18,CUST-0269,Gel Pens 12-Pack,Office Supplies,5,12.99,East,Corporate,PayPal,64.95
TX-14254,2024-09-12,CUST-0265,Wireless Mouse,Accessories,1,49.99,West,Consumer,PayPal,49.99
TX-13357,2025-08-07,CUST-0015,Smartwatch,Electronics,3,200.0,West,Corporate,Bank Transfer,600.0
TX-14502,2024-06-02,CUST-0185,Mechanical Keyboard,Accessories,3,99.99,North,Consumer,PayPal,299.96999999999997
TX-13353,2025-08-09,CUST-0341,Pro Laptop,Electronics,4,1200.0,North,Corporate,Cash,4800.0
TX-14780,2024-04-28,CUST-0053,USB-C Multi-Hub,Accessories,2,39.99,East,Small Business,Bank Transfer,79.98
TX-14151,2025-04-23,CUST-0211,Smartwatch,Electronics,6,200.0,East,Corporate,Bank Transfer,1200.0
TX-12606,2024-10-01,CUST-0393,USB-C Multi-Hub,Accessories,7,39.99,East,Corporate,Cash,279.93
TX-11385,2025-03-18,CUST-0300,Noise-Cancelling Headphones,Electronics,2,250.0,East,Small Business,Credit Card,500.0
TX-14994,2025-08-08,CUST-0022,USB-C Multi-Hub,Accessories,3,35.99,West,Small Business,Cash,107.97
TX-11399,2024-09-10,CUST-0105,Smartwatch,Electronics,1,200.0,West,Consumer,Cash,200.0
TX-11195,2024-07-09,CUST-0206,Ergonomic Chair,Office Supplies,1,299.99,South,Consumer,Cash,299.99
TX-11408,2025-06-21,CUST-0033,Premium Tablet,Electronics,3,600.0,East,Consumer,Bank Transfer,1800.0
TX-13879,2025-06-20,CUST-0265,Whiteboard,Office Supplies,1,71.19,West,Consumer,Bank Transfer,71.19
TX-11798,2025-07-22,CUST-0255,Premium Tablet,Electronics,10,600.0,South,Corporate,Credit Card,6000.0
TX-11475,2025-06-26,CUST-0199,Premium Notebook,Office Supplies,2,15.5,West,Consumer,Cash,31.0
TX-13264,2024-07-14,CUST-0354,Ergonomic Chair,Office Supplies,9,299.99,North,Corporate,Cash,2699.91
TX-10035,2024-06-10,CUST-UNKNOWN,Premium Notebook,Office Supplies,3,15.5,South,Small Business,Cash,46.5
TX-13593,2025-04-22,CUST-0095,Laptop Sleeve,Accessories,1,29.99,South,Consumer,Credit Card,29.99
TX-12345,2024-04-29,CUST-0026,Whiteboard,Office Supplies,4,72.79,East,Small Business,Cash,291.16
TX-13365,2025-02-17,CUST-0279,Pro Laptop,Electronics,2,1200.0,East,Corporate,PayPal,2400.0
TX-12359,2024-03-13,CUST-0280,Premium Notebook,Office Supplies,3,14.41,East,Small Business,PayPal,43.230000000000004
TX-12206,2024-12-08,CUST-0014,Pro Laptop,Electronics,4,1200.0,South,Small Business,Credit Card,4800.0
TX-13821,2025-10-26,CUST-0126,Smartwatch,Electronics,4,200.0,North,Consumer,Bank Transfer,800.0
TX-11286,2025-10-19,CUST-0056,Premium Tablet,Electronics,1,600.0,South,Consumer,Cash,600.0
TX-10349,2024-12-10,CUST-0070,Smartwatch,Electronics,9,160.0,East,Corporate,Bank Transfer,1440.0
TX-12137,2024-11-16,CUST-0259,USB-C Multi-Hub,Accessories,6,34.79,West,Corporate,Bank Transfer,208.74
TX-12691,2024-03-19,CUST-0191,USB-C Multi-Hub,Accessories,10,39.99,East,Corporate,Credit Card,399.90000000000003
TX-13790,2024-01-18,CUST-0107,Ergonomic Chair,Office Supplies,3,299.99,West,Consumer,Bank Transfer,899.97
TX-11681,2025-04-21,CUST-0232,Mechanical Keyboard,Accessories,3,85.99,East,Small Business,Credit Card,257.96999999999997
TX-14078,2025-03-16,CUST-0187,Wireless Mouse,Accessories,4,49.99,South,Small Business,PayPal,199.96
TX-11443,2024-05-25,CUST-0121,Desk Mat,Accessories,4,20.5,West,Consumer,Credit Card,82.0
TX-13291,2024-03-20,CUST-0001,Noise-Cancelling Headphones,Electronics,4,250.0,North,Consumer,PayPal,1000.0
TX-11671,2024-10-09,CUST-0225,Ergonomic Chair,Office Supplies,4,299.99,West,Consumer,PayPal,1199.96
TX-13670,2024-08-23,CUST-0032,Standing Desk,Office Supplies,4,450.0,East,Corporate,PayPal,1800.0
TX-11179,2024-09-22,CUST-0263,Mechanical Keyboard,Accessories,2,99.99,West,Consumer,PayPal,199.98
TX-12798,2025-06-05,CUST-0369,Desk Mat,Accessories,2,25.0,West,Small Business,PayPal,50.0
TX-11692,2024-05-03,CUST-0251,Laptop Sleeve,Accessories,3,29.99,South,Small Business,Bank Transfer,89.97
TX-13930,2025-08-27,CUST-0067,Pro Laptop,Electronics,2,1200.0,North,Small Business,Credit Card,2400.0
TX-10372,2024-03-09,CUST-0285,Whiteboard,Office Supplies,3,79.99,South,Consumer,Bank Transfer,239.96999999999997
TX-13664,2024-11-09,CUST-0276,Standing Desk,Office Supplies,6,450.0,South,Corporate,Credit Card,2700.0
TX-11916,2025-08-10,CUST-0106,Desk Mat,Accessories,1,25.0,South,Small Business,Cash,25.0
TX-11357,2025-12-03,CUST-0296,Wireless Mouse,Accessories,4,49.99,South,Corporate,Cash,199.96
TX-11825,2024-06-04,CUST-0084,Ergonomic Chair,Office Supplies,4,299.99,South,Small Business,PayPal,1199.96
TX-10786,2025-05-12,CUST-0257,Wireless Mouse,Accessories,4,49.99,West,Small Business,Bank Transfer,199.96
TX-10469,2025-07-04,CUST-0274,Pro Laptop,Electronics,2,1200.0,East,Small Business,PayPal,2400.0
TX-10140,2025-05-05,CUST-0270,Gel Pens 12-Pack,Office Supplies,1,12.99,West,Small Business,PayPal,12.99
TX-10788,2024-10-22,CUST-0040,Premium Tablet,Electronics,6,600.0,West,Corporate,Credit Card,3600.0
TX-10323,2025-06-16,CUST-0212,USB-C Multi-Hub,Accessories,9,39.99,North,Corporate,Credit Card,359.91
TX-10050,2025-12-14,CUST-0381,Mechanical Keyboard,Accessories,8,99.99,West,Corporate,Credit Card,799.92
TX-10714,2024-12-17,CUST-0006,Gel Pens 12-Pack,Office Supplies,4,12.99,West,Consumer,Bank Transfer,51.96
TX-14940,2024-11-20,CUST-0027,Premium Tablet,Electronics,3,600.0,South,Small Business,PayPal,1800.0
TX-12840,2025-06-05,CUST-0242,Smartwatch,Electronics,4,190.0,East,Consumer,PayPal,760.0
TX-12446,2024-01-02,CUST-0229,USB-C Multi-Hub,Accessories,1,39.99,East,Small Business,Cash,39.99
TX-14842,2025-08-24,CUST-0175,Laptop Sleeve,Accessories,4,29.99,East,Consumer,Credit Card,119.96
TX-14445,2025-05-20,CUST-0110,Mechanical Keyboard,Accessories,4,99.99,North,Small Business,Credit Card,399.96
TX-14622,2025-06-22,CUST-0077,Premium Notebook,Office Supplies,3,15.5,South,Consumer,PayPal,46.5
TX-14756,2024-12-26,CUST-0096,USB-C Multi-Hub,Accessories,5,39.99,North,Corporate,PayPal,199.95000000000002
TX-12666,2024-12-13,CUST-0033,Premium Tablet,Electronics,3,600.0,East,Consumer,Credit Card,1800.0
TX-10406,2024-06-11,CUST-0251,Premium Tablet,Electronics,4,600.0,South,Small Business,Cash,2400.0
TX-13409,2024-02-19,CUST-0199,Gel Pens 12-Pack,Office Supplies,4,12.99,West,Consumer,PayPal,51.96
TX-11004,2024-01-03,CUST-0312,Ergonomic Chair,Office Supplies,2,299.99,West,Corporate,PayPal,599.98
TX-13049,2024-08-29,CUST-0187,Gel Pens 12-Pack,Office Supplies,1,12.99,South,Small Business,Bank Transfer,12.99
TX-10890,2025-07-25,CUST-0332,Mechanical Keyboard,Accessories,1,83.99,South,Consumer,Cash,83.99
TX-12411,2025-08-25,CUST-0374,Whiteboard,Office Supplies,2,79.99,West,Corporate,Cash,159.98
TX-12545,2025-01-12,CUST-0214,Gel Pens 12-Pack,Office Supplies,1,12.99,South,Small Business,Cash,12.99
TX-14473,2024-01-08,CUST-0199,Ergonomic Chair,Office Supplies,1,299.99,West,Consumer,PayPal,299.99
TX-12390,2025-11-06,CUST-0315,4K Monitor,Electronics,2,350.0,North,Small Business,Credit Card,700.0
TX-13996,2025-07-03,CUST-0337,Gel Pens 12-Pack,Office Supplies,2,10.65,West,Small Business,Bank Transfer,21.3
TX-10042,2024-06-28,CUST-0103,4K Monitor,Electronics,3,350.0,East,Consumer,Bank Transfer,1050.0
TX-12830,2025-05-22,CUST-0153,Premium Tablet,Electronics,3,600.0,South,Consumer,Credit Card,1800.0
TX-13901,2025-11-14,CUST-0032,Smartwatch,Electronics,6,200.0,East,Corporate,PayPal,1200.0
TX-10303,2024-03-15,CUST-0009,Wireless Mouse,Accessories,1,49.99,North,Small Business,Bank Transfer,49.99
TX-14539,2024-07-04,CUST-0352,Laptop Sleeve,Accessories,4,29.99,South,Corporate,Credit Card,119.96
TX-13801,2025-07-18,CUST-0113,Premium Notebook,Office Supplies,3,15.5,West,Small Business,Bank Transfer,46.5
TX-10664,2025-10-06,CUST-0045,Whiteboard,Office Supplies,6,79.99,East,Corporate,Cash,479.93999999999994
TX-11177,2024-02-19,CUST-0088,Gel Pens 12-Pack,Office Supplies,2,12.99,West,Small Business,Bank Transfer,25.98
TX-12676,2024-10-23,CUST-0193,Smartwatch,Electronics,3,200.0,South,Small Business,Bank Transfer,600.0
TX-11947,2025-05-04,CUST-0051,Smartwatch,Electronics,1,200.0,East,Consumer,PayPal,200.0
TX-12501,2024-02-02,CUST-0110,Ergonomic Chair,Office Supplies,3,272.99,North,Small Business,Credit Card,818.97
TX-11473,2024-09-26,CUST-0392,Desk Mat,Accessories,1,25.0,North,Small Business,PayPal,25.0
TX-13535,2025-02-10,CUST-0398,Mechanical Keyboard,Accessories,9,92.99,North,Corporate,Cash,836.91
TX-14104,2024-04-28,CUST-0114,Pro Laptop,Electronics,4,1008.0,North,Small Business,Bank Transfer,4032.0
TX-12132,2024-07-29,CUST-0072,Pro Laptop,Electronics,2,1008.0,North,Small Business,Cash,2016.0
TX-11026,2025-08-30,CUST-0100,Mechanical Keyboard,Accessories,3,99.99,North,Small Business,Bank Transfer,299.96999999999997
TX-12989,2024-05-15,CUST-0004,Wireless Mouse,Accessories,3,41.49,North,Small Business,PayPal,124.47
TX-10961,2025-10-01,CUST-0334,Premium Notebook,Office Supplies,4,15.5,East,Small Business,PayPal,62.0
TX-12889,2024-11-08,CUST-0074,Gel Pens 12-Pack,Office Supplies,2,12.99,South,Small Business,Bank Transfer,25.98
TX-14434,2024-04-03,CUST-0009,Mechanical Keyboard,Accessories,4,99.99,North,Small Business,PayPal,399.96
TX-12009,2025-06-10,CUST-0019,Laptop Sleeve,Accessories,1,29.99,West,Consumer,PayPal,29.99
TX-12149,2024-09-21,CUST-0330,4K Monitor,Electronics,9,350.0,North,Corporate,Cash,3150.0
TX-13372,2025-06-30,CUST-0236,USB-C Multi-Hub,Accessories,3,39.99,South,Consumer,PayPal,119.97
TX-12338,2024-06-28,CUST-0059,Mechanical Keyboard,Accessories,1,99.99,South,Small Business,Credit Card,99.99
TX-13944,2024-07-12,CUST-0104,4K Monitor,Electronics,7,318.5,South,Corporate,Cash,2229.5
TX-10304,2024-03-02,CUST-UNKNOWN,USB-C Multi-Hub,Accessories,3,39.99,North,Corporate,Cash,119.97
TX-11440,2024-09-07,CUST-0137,Whiteboard,Office Supplies,1,79.99,South,Consumer,Credit Card,79.99
TX-11496,2025-07-25,CUST-0313,Premium Tablet,Electronics,2,600.0,West,Corporate,Cash,1200.0
TX-12652,2024-07-04,CUST-0230,Standing Desk,Office Supplies,2,360.0,North,Small Business,PayPal,720.0
TX-12875,2025-12-21,CUST-0227,Pro Laptop,Electronics,1,1200.0,West,Consumer,Credit Card,1200.0
TX-10916,2024-09-02,CUST-0395,Ergonomic Chair,Office Supplies,1,248.99,East,Consumer,PayPal,248.99
TX-14207,2024-03-29,CUST-0073,Laptop Sleeve,Accessories,4,29.99,East,Small Business,PayPal,119.96
TX-14453,2024-12-30,CUST-0121,Desk Mat,Accessories,1,25.0,West,Consumer,Credit Card,25.0
TX-12772,2025-02-11,CUST-0302,Noise-Cancelling Headphones,Electronics,5,250.0,South,Corporate,PayPal,1250.0
TX-11624,2024-09-02,CUST-0090,Standing Desk,Office Supplies,3,450.0,West,Consumer,PayPal,1350.0
TX-13892,2024-09-02,CUST-0168,Smartwatch,Electronics,3,200.0,East,Small Business,Bank Transfer,600.0
TX-10821,2024-06-15,CUST-0080,Mechanical Keyboard,Accessories,5,99.99,East,Corporate,Credit Card,499.95
TX-11501,2025-02-11,CUST-UNKNOWN,Smartwatch,Electronics,4,200.0,South,Consumer,Cash,800.0
TX-11354,2024-12-14,CUST-0264,Premium Notebook,Office Supplies,4,15.5,South,Small Business,PayPal,62.0
TX-14523,2024-09-26,CUST-0113,Pro Laptop,Electronics,1,972.0,South,Small Business,Cash,972.0
TX-10850,2024-06-09,CUST-0201,Gel Pens 12-Pack,Office Supplies,8,12.99,East,Corporate,Bank Transfer,103.92
TX-11000,2025-11-27,CUST-0180,Mechanical Keyboard,Accessories,3,86.99,North,Consumer,Credit Card,260.96999999999997
TX-13427,2025-01-01,CUST-0004,Premium Tablet,Electronics,1,516.0,North,Small Business,Cash,516.0
TX-10018,2024-04-05,CUST-0116,Smartwatch,Electronics,1,200.0,West,Small Business,PayPal,200.0
TX-11637,2025-12-31,CUST-0367,4K Monitor,Electronics,3,350.0,North,Consumer,Cash,1050.0
TX-11667,2024-09-19,CUST-0151,Ergonomic Chair,Office Supplies,7,299.99,East,Corporate,Cash,2099.9300000000003
TX-10493,2025-09-20,CUST-0388,Mechanical Keyboard,Accessories,4,80.99,North,Consumer,PayPal,323.96
TX-11347,2025-07-04,CUST-0003,Wireless Mouse,Accessories,3,40.49,South,Consumer,Credit Card,121.47
TX-13018,2024-02-23,CUST-0298,Gel Pens 12-Pack,Office Supplies,5,10.65,South,Corporate,PayPal,53.25
TX-13781,2024-06-26,CUST-0094,Ergonomic Chair,Office Supplies,4,299.99,West,Consumer,Bank Transfer,1199.96
TX-13303,2024-08-01,CUST-0139,Premium Notebook,Office Supplies,4,13.48,East,Consumer,Cash,53.92
TX-13668,2025-05-04,CUST-0062,Standing Desk,Office Supplies,6,450.0,North,Corporate,Credit Card,2700.0
TX-14454,2024-02-16,CUST-0108,Premium Notebook,Office Supplies,8,15.5,West,Corporate,Bank Transfer,124.0
TX-10687,2025-03-12,CUST-0201,4K Monitor,Electronics,9,350.0,East,Corporate,Bank Transfer,3150.0
TX-13785,2024-05-17,CUST-0113,Laptop Sleeve,Accessories,4,29.99,West,Small Business,Cash,119.96
TX-11608,2025-07-25,CUST-0007,Premium Notebook,Office Supplies,3,15.5,North,Consumer,Bank Transfer,46.5
TX-14116,2024-04-16,CUST-0053,Noise-Cancelling Headphones,Electronics,3,250.0,East,Small Business,PayPal,750.0
TX-13986,2025-02-13,CUST-0025,Premium Tablet,Electronics,2,570.0,East,Small Business,Bank Transfer,1140.0
TX-11009,2024-08-14,CUST-0120,Premium Notebook,Office Supplies,1,15.5,West,Consumer,Bank Transfer,15.5
TX-12408,2024-01-14,CUST-0140,Standing Desk,Office Supplies,4,450.0,North,Small Business,Bank Transfer,1800.0
TX-11092,2025-12-05,CUST-0342,Ergonomic Chair,Office Supplies,3,299.99,East,Small Business,Credit Card,899.97
TX-11327,2024-05-09,CUST-0138,Gel Pens 12-Pack,Office Supplies,2,12.99,North,Small Business,Credit Card,25.98
TX-11677,2025-03-13,CUST-0203,Ergonomic Chair,Office Supplies,1,263.99,South,Small Business,Bank Transfer,263.99
TX-11999,2024-07-22,CUST-0385,Premium Tablet,Electronics,8,600.0,South,Corporate,PayPal,4800.0
TX-11310,2024-01-05,CUST-0213,Pro Laptop,Electronics,1,1200.0,East,Small Business,PayPal,1200.0
TX-13931,2024-02-05,CUST-0048,USB-C Multi-Hub,Accessories,4,39.99,East,Consumer,Cash,159.96
TX-11987,2024-04-04,CUST-0318,4K Monitor,Electronics,2,350.0,North,Small Business,Bank Transfer,700.0
TX-13702,2025-01-28,CUST-0252,USB-C Multi-Hub,Accessories,3,39.99,East,Consumer,PayPal,119.97
TX-10344,2024-01-29,CUST-0361,USB-C Multi-Hub,Accessories,2,39.99,South,Consumer,PayPal,79.98
TX-14211,2025-02-11,CUST-0278,Wireless Mouse,Accessories,2,49.99,East,Consumer,Credit Card,99.98
TX-10986,2025-05-29,CUST-0010,4K Monitor,Electronics,2,350.0,South,Small Business,Credit Card,700.0
TX-13907,2024-10-23,CUST-0233,Laptop Sleeve,Accessories,7,29.99,West,Corporate,Bank Transfer,209.92999999999998
TX-13861,2025-07-28,CUST-0079,Ergonomic Chair,Office Supplies,2,239.99,North,Small Business,Bank Transfer,479.98
TX-14338,2025-07-17,CUST-0173,USB-C Multi-Hub,Accessories,3,39.99,East,Small Business,Bank Transfer,119.97
TX-14059,2024-04-06,CUST-0116,Ergonomic Chair,Office Supplies,4,272.99,West,Small Business,Bank Transfer,1091.96
TX-14438,2024-01-06,CUST-0298,Pro Laptop,Electronics,2,1200.0,West,Corporate,Bank Transfer,2400.0
TX-13074,2024-07-27,CUST-0323,Wireless Mouse,Accessories,10,49.99,South,Corporate,Credit Card,499.90000000000003
TX-11142,2025-02-01,CUST-0164,Standing Desk,Office Supplies,2,450.0,East,Consumer,Credit Card,900.0
TX-12358,2024-03-26,CUST-0228,4K Monitor,Electronics,3,350.0,East,Small Business,Credit Card,1050.0
TX-11198,2024-11-02,CUST-0275,Ergonomic Chair,Office Supplies,4,269.99,West,Small Business,Cash,1079.96
TX-10085,2024-09-06,CUST-0224,Desk Mat,Accessories,1,25.0,North,Small Business,Cash,25.0
TX-11518,2025-08-14,CUST-0013,Standing Desk,Office Supplies,4,450.0,East,Consumer,Bank Transfer,1800.0
TX-10516,2024-09-16,CUST-0134,Desk Mat,Accessories,7,25.0,South,Corporate,Bank Transfer,175.0
TX-11381,2024-03-07,CUST-0151,Smartwatch,Electronics,2,200.0,East,Corporate,PayPal,400.0
TX-12716,2025-05-08,CUST-0253,Ergonomic Chair,Office Supplies,1,299.99,South,Consumer,Cash,299.99
TX-13129,2024-01-13,CUST-0164,Ergonomic Chair,Office Supplies,3,299.99,South,Consumer,Credit Card,899.97
TX-11014,2025-10-18,CUST-0166,Gel Pens 12-Pack,Office Supplies,3,12.99,East,Small Business,Credit Card,38.97
TX-10128,2024-02-13,CUST-0373,Whiteboard,Office Supplies,8,79.99,East,Corporate,Bank Transfer,639.92
TX-11364,2024-09-01,CUST-0052,Standing Desk,Office Supplies,4,450.0,South,Small Business,Cash,1800.0
TX-14238,2024-09-13,CUST-0211,Desk Mat,Accessories,10,25.0,East,Corporate,Bank Transfer,250.0
TX-13428,2024-04-18,CUST-0296,Premium Tablet,Electronics,5,600.0,South,Corporate,Bank Transfer,3000.0
TX-10891,2024-06-21,CUST-0026,Whiteboard,Office Supplies,4,64.79,East,Small Business,Bank Transfer,259.16
TX-12793,2025-06-29,CUST-0294,Premium Notebook,Office Supplies,4,15.5,East,Corporate,Bank Transfer,62.0
TX-14233,2024-03-21,CUST-0141,Whiteboard,Office Supplies,1,79.99,West,Small Business,Credit Card,79.99
TX-11359,2025-04-08,CUST-0181,Ergonomic Chair,Office Supplies,1,299.99,East,Consumer,Bank Transfer,299.99
TX-10307,2025-03-23,CUST-0123,Premium Tablet,Electronics,1,516.0,South,Consumer,Cash,516.0
TX-11661,2025-09-16,CUST-0108,Mechanical Keyboard,Accessories,3,88.99,West,Corporate,PayPal,266.96999999999997
TX-12431,2025-11-28,CUST-0120,Pro Laptop,Electronics,4,1116.0,West,Consumer,Bank Transfer,4464.0
TX-13990,2024-05-14,CUST-0165,4K Monitor,Electronics,1,350.0,West,Small Business,Cash,350.0
TX-11317,2025-10-11,CUST-0123,Mechanical Keyboard,Accessories,3,99.99,South,Consumer,PayPal,299.96999999999997
TX-14329,2025-12-07,CUST-0016,4K Monitor,Electronics,4,311.5,East,Consumer,PayPal,1246.0
TX-12474,2025-10-31,CUST-0294,Whiteboard,Office Supplies,7,79.99,East,Corporate,Bank Transfer,559.93
TX-12542,2024-01-30,CUST-0135,4K Monitor,Electronics,3,350.0,West,Consumer,Credit Card,1050.0
TX-11246,2024-10-04,CUST-0339,Premium Notebook,Office Supplies,1,15.5,East,Consumer,Credit Card,15.5
TX-11208,2025-08-28,CUST-0323,Mechanical Keyboard,Accessories,5,93.99,South,Corporate,Credit Card,469.95
TX-10216,2025-04-25,CUST-0390,Standing Desk,Office Supplies,3,450.0,South,Small Business,Bank Transfer,1350.0
TX-14318,2024-11-05,CUST-0081,Pro Laptop,Electronics,1,1200.0,North,Consumer,Credit Card,1200.0
TX-13107,2025-03-21,CUST-0330,Gel Pens 12-Pack,Office Supplies,6,12.99,North,Corporate,PayPal,77.94
TX-11239,2025-05-05,CUST-0080,Pro Laptop,Electronics,10,1200.0,East,Corporate,Bank Transfer,12000.0
TX-12289,2024-07-22,CUST-0227,Mechanical Keyboard,Accessories,2,99.99,West,Consumer,Credit Card,199.98
TX-12740,2025-02-03,CUST-0390,Desk Mat,Accessories,1,25.0,South,Small Business,Bank Transfer,25.0
TX-10275,2024-10-01,CUST-0188,Wireless Mouse,Accessories,9,49.99,North,Corporate,PayPal,449.91
TX-10489,2025-06-03,CUST-0324,4K Monitor,Electronics,4,350.0,North,Small Business,PayPal,1400.0
TX-11035,2025-07-22,CUST-0059,Noise-Cancelling Headphones,Electronics,4,250.0,South,Small Business,PayPal,1000.0
TX-11229,2024-10-13,CUST-0399,Wireless Mouse,Accessories,4,49.99,West,Consumer,Bank Transfer,199.96
TX-14625,2024-04-10,CUST-0259,Standing Desk,Office Supplies,7,450.0,West,Corporate,Bank Transfer,3150.0
TX-11008,2024-10-14,CUST-0364,Standing Desk,Office Supplies,1,450.0,South,Small Business,Bank Transfer,450.0
TX-14734,2025-06-27,CUST-0344,Mechanical Keyboard,Accessories,7,89.99,South,Corporate,Credit Card,629.93
TX-13168,2024-08-02,CUST-0126,USB-C Multi-Hub,Accessories,3,39.99,North,Consumer,Cash,119.97
TX-13949,2024-03-16,CUST-0024,4K Monitor,Electronics,2,322.0,North,Small Business,Bank Transfer,644.0
TX-12532,2024-10-12,CUST-0384,Wireless Mouse,Accessories,3,49.99,South,Corporate,Cash,149.97
TX-14194,2025-10-26,CUST-0119,Wireless Mouse,Accessories,2,49.99,South,Small Business,Cash,99.98
TX-11058,2024-01-31,CUST-0192,4K Monitor,Electronics,4,350.0,South,Corporate,Bank Transfer,1400.0
TX-12166,2024-02-10,CUST-0018,Wireless Mouse,Accessories,1,49.99,North,Consumer,Cash,49.99
TX-14124,2024-08-02,CUST-UNKNOWN,Premium Notebook,Office Supplies,3,15.5,South,Corporate,PayPal,46.5
TX-13423,2024-06-09,CUST-0068,Noise-Cancelling Headphones,Electronics,1,250.0,East,Small Business,Cash,250.0
TX-10281,2025-11-02,CUST-0365,Standing Desk,Office Supplies,4,387.0,West,Small Business,Cash,1548.0
TX-13618,2025-03-20,CUST-0124,Whiteboard,Office Supplies,3,79.99,West,Small Business,Credit Card,239.96999999999997
TX-11316,2025-07-10,CUST-0041,Desk Mat,Accessories,1,25.0,East,Small Business,PayPal,25.0
TX-10968,2025-11-13,CUST-0367,Mechanical Keyboard,Accessories,4,86.99,North,Consumer,PayPal,347.96
TX-13172,2024-11-03,CUST-0110,Premium Notebook,Office Supplies,4,15.5,North,Small Business,Credit Card,62.0
TX-13976,2024-02-23,CUST-0366,Standing Desk,Office Supplies,5,450.0,West,Corporate,Credit Card,2250.0
TX-13213,2024-09-04,CUST-0002,Desk Mat,Accessories,2,25.0,East,Consumer,PayPal,50.0
TX-13571,2025-07-29,CUST-0049,Standing Desk,Office Supplies,7,450.0,West,Corporate,PayPal,3150.0
TX-10619,2025-09-27,CUST-0148,Noise-Cancelling Headphones,Electronics,1,250.0,South,Small Business,Bank Transfer,250.0
TX-13282,2025-12-27,CUST-0063,Whiteboard,Office Supplies,3,79.99,West,Small Business,Bank Transfer,239.96999999999997
TX-11742,2025-04-12,CUST-0130,Premium Notebook,Office Supplies,3,15.5,West,Consumer,PayPal,46.5
TX-11390,2025-12-02,CUST-0240,Gel Pens 12-Pack,Office Supplies,9,12.99,East,Corporate,Cash,116.91
TX-14102,2024-11-16,CUST-0132,Premium Notebook,Office Supplies,10,15.5,North,Corporate,Bank Transfer,155.0
TX-11847,2024-09-26,CUST-0074,Laptop Sleeve,Accessories,2,29.99,South,Small Business,Credit Card,59.98
TX-11579,2025-12-24,CUST-0199,Noise-Cancelling Headphones,Electronics,2,250.0,West,Consumer,Cash,500.0
TX-11655,2024-09-14,CUST-0308,Gel Pens 12-Pack,Office Supplies,4,12.99,North,Corporate,Bank Transfer,51.96
TX-12352,2025-08-07,CUST-0137,Premium Tablet,Electronics,2,600.0,South,Consumer,Bank Transfer,1200.0
TX-12212,2025-05-18,CUST-0243,Ergonomic Chair,Office Supplies,2,299.99,West,Small Business,Credit Card,599.98
TX-12020,2025-07-22,CUST-0115,Premium Tablet,Electronics,4,600.0,North,Consumer,PayPal,2400.0
TX-11956,2025-12-09,CUST-0176,Laptop Sleeve,Accessories,3,29.99,East,Small Business,Bank Transfer,89.97
TX-11307,2025-03-06,CUST-0109,Smartwatch,Electronics,4,176.0,South,Consumer,Credit Card,704.0
TX-12003,2024-09-08,CUST-0328,Noise-Cancelling Headphones,Electronics,3,250.0,South,Consumer,Credit Card,750.0
TX-14481,2025-02-18,CUST-0281,Noise-Cancelling Headphones,Electronics,3,250.0,North,Consumer,Credit Card,750.0
TX-10575,2024-09-13,CUST-UNKNOWN,Pro Laptop,Electronics,2,1200.0,West,Small Business,Cash,2400.0
TX-12360,2024-12-30,CUST-0378,4K Monitor,Electronics,4,350.0,North,Small Business,Bank Transfer,1400.0
TX-14227,2025-11-27,CUST-0380,Standing Desk,Office Supplies,1,409.5,South,Small Business,Bank Transfer,409.5
TX-14462,2025-05-08,CUST-0099,Wireless Mouse,Accessories,1,40.99,South,Consumer,Credit Card,40.99
TX-11706,2025-08-07,CUST-0101,Premium Tablet,Electronics,2,600.0,North,Consumer,PayPal,1200.0
TX-13796,2024-12-05,CUST-0339,4K Monitor,Electronics,2,350.0,East,Consumer,Bank Transfer,700.0
TX-14504,2024-01-18,CUST-0169,Laptop Sleeve,Accessories,2,29.99,North,Consumer,Bank Transfer,59.98
TX-11280,2025-04-16,CUST-0133,Premium Notebook,Office Supplies,9,15.5,East,Corporate,PayPal,139.5
TX-10861,2025-08-03,CUST-0244,Standing Desk,Office Supplies,7,450.0,East,Corporate,Credit Card,3150.0
TX-14743,2024-09-01,CUST-0109,Wireless Mouse,Accessories,2,49.99,South,Consumer,Cash,99.98
TX-11801,2025-05-30,CUST-0393,Premium Tablet,Electronics,7,600.0,East,Corporate,Credit Card,4200.0
TX-11628,2025-02-20,CUST-0267,Gel Pens 12-Pack,Office Supplies,1,12.99,West,Consumer,Cash,12.99
TX-11993,2024-06-28,CUST-0364,Premium Tablet,Electronics,2,534.0,South,Small Business,Credit Card,1068.0
TX-12639,2025-03-19,CUST-0156,Ergonomic Chair,Office Supplies,4,299.99,East,Corporate,PayPal,1199.96
TX-10269,2025-08-11,CUST-0197,Standing Desk,Office Supplies,4,450.0,South,Consumer,PayPal,1800.0
TX-10629,2024-01-31,CUST-0285,Standing Desk,Office Supplies,2,450.0,South,Consumer,Bank Transfer,900.0
TX-13081,2025-03-07,CUST-0100,USB-C Multi-Hub,Accessories,3,39.99,North,Small Business,Bank Transfer,119.97
TX-12334,2025-07-11,CUST-0007,Wireless Mouse,Accessories,3,42.99,North,Consumer,Cash,128.97
TX-12966,2025-02-27,CUST-0292,Wireless Mouse,Accessories,3,44.49,West,Corporate,Bank Transfer,133.47
TX-10300,2024-09-02,CUST-0254,Ergonomic Chair,Office Supplies,2,299.99,North,Consumer,Cash,599.98
TX-10459,2024-09-27,CUST-0067,4K Monitor,Electronics,3,350.0,North,Small Business,Credit Card,1050.0
TX-11447,2025-09-15,CUST-0387,Premium Notebook,Office Supplies,5,15.5,South,Corporate,Credit Card,77.5
TX-11472,2025-06-01,CUST-UNKNOWN,Standing Desk,Office Supplies,2,418.5,West,Small Business,Cash,837.0
TX-12046,2025-05-28,CUST-0104,Premium Tablet,Electronics,7,600.0,South,Corporate,Bank Transfer,4200.0
TX-14253,2024-12-06,CUST-0033,Laptop Sleeve,Accessories,2,29.99,East,Consumer,Bank Transfer,59.98
TX-14375,2025-07-08,CUST-0104,Mechanical Keyboard,Accessories,3,99.99,South,Corporate,PayPal,299.96999999999997
TX-12113,2025-10-20,CUST-0231,Pro Laptop,Electronics,3,1200.0,East,Small Business,PayPal,3600.0
TX-10027,2025-02-23,CUST-0080,Smartwatch,Electronics,6,200.0,East,Corporate,Bank Transfer,1200.0
TX-13894,2024-03-24,CUST-0392,Premium Tablet,Electronics,2,540.0,North,Small Business,PayPal,1080.0
TX-14641,2024-12-17,CUST-0087,Gel Pens 12-Pack,Office Supplies,4,12.99,South,Consumer,Bank Transfer,51.96
TX-10837,2025-03-14,CUST-0097,Smartwatch,Electronics,3,170.0,North,Small Business,PayPal,510.0
TX-13881,2025-11-01,CUST-0315,Gel Pens 12-Pack,Office Supplies,3,12.99,North,Small Business,Credit Card,38.97
TX-13651,2024-06-19,CUST-0358,Pro Laptop,Electronics,5,1200.0,East,Corporate,Credit Card,6000.0
TX-12008,2024-11-30,CUST-0265,Wireless Mouse,Accessories,4,49.99,West,Consumer,Cash,199.96
TX-14937,2025-12-14,CUST-0273,Gel Pens 12-Pack,Office Supplies,3,12.99,East,Consumer,Credit Card,38.97
TX-10503,2025-05-05,CUST-0246,4K Monitor,Electronics,2,329.0,South,Small Business,Cash,658.0
TX-13254,2025-07-25,CUST-0298,Premium Notebook,Office Supplies,10,12.87,West,Corporate,Cash,128.7
TX-14537,2025-02-24,CUST-0391,Gel Pens 12-Pack,Office Supplies,1,12.99,West,Consumer,Credit Card,12.99
TX-10380,2025-03-29,CUST-0165,Gel Pens 12-Pack,Office Supplies,1,12.99,West,Small Business,PayPal,12.99
TX-11851,2024-12-18,CUST-0031,Desk Mat,Accessories,3,21.0,North,Corporate,Cash,63.0
TX-11525,2024-03-20,CUST-0193,Pro Laptop,Electronics,2,1056.0,South,Small Business,Credit Card,2112.0
TX-12365,2025-03-09,CUST-0259,Smartwatch,Electronics,8,200.0,West,Corporate,Cash,1600.0
TX-13276,2025-09-19,CUST-0164,Standing Desk,Office Supplies,4,450.0,East,Consumer,PayPal,1800.0
TX-13052,2025-04-27,CUST-0062,Mechanical Keyboard,Accessories,4,99.99,North,Corporate,PayPal,399.96
TX-12884,2025-02-11,CUST-0059,Pro Laptop,Electronics,4,1200.0,South,Small Business,PayPal,4800.0
TX-12340,2025-03-15,CUST-0255,Premium Tablet,Electronics,3,600.0,South,Corporate,Credit Card,1800.0
TX-10374,2024-05-31,CUST-0291,Laptop Sleeve,Accessories,1,29.99,North,Small Business,Credit Card,29.99
TX-13308,2024-05-17,CUST-0353,Noise-Cancelling Headphones,Electronics,2,250.0,West,Corporate,Bank Transfer,500.0
TX-12381,2025-12-18,CUST-0185,Premium Notebook,Office Supplies,4,15.5,North,Consumer,PayPal,62.0
TX-14335,2024-08-08,CUST-0016,Premium Notebook,Office Supplies,4,15.5,East,Consumer,Bank Transfer,62.0
TX-10939,2025-06-24,CUST-0010,Whiteboard,Office Supplies,3,79.99,South,Small Business,Credit Card,239.96999999999997
TX-13906,2024-08-10,CUST-0278,Noise-Cancelling Headphones,Electronics,4,250.0,East,Consumer,Credit Card,1000.0
TX-14190,2024-06-02,CUST-0228,Premium Notebook,Office Supplies,1,12.87,East,Small Business,Cash,12.87
TX-12799,2025-09-25,CUST-0031,Wireless Mouse,Accessories,7,49.99,North,Corporate,Bank Transfer,349.93
TX-12147,2025-10-13,CUST-0270,Premium Tablet,Electronics,1,600.0,West,Small Business,Credit Card,600.0
TX-13872,2024-05-17,CUST-0085,Pro Laptop,Electronics,3,1080.0,North,Consumer,PayPal,3240.0
TX-14566,2024-02-28,CUST-0187,Desk Mat,Accessories,4,25.0,South,Small Business,PayPal,100.0
TX-14241,2025-06-28,CUST-0389,Premium Tablet,Electronics,2,600.0,East,Small Business,Cash,1200.0
TX-12068,2025-01-16,CUST-0333,Gel Pens 12-Pack,Office Supplies,1,12.99,South,Consumer,Bank Transfer,12.99
TX-10529,2025-07-26,CUST-0151,Ergonomic Chair,Office Supplies,10,299.99,East,Corporate,Bank Transfer,2999.9
TX-13784,2025-12-05,CUST-0019,Smartwatch,Electronics,3,200.0,West,Consumer,Bank Transfer,600.0
TX-10636,2024-04-19,CUST-0068,Pro Laptop,Electronics,3,1200.0,East,Small Business,PayPal,3600.0
TX-11269,2024-02-03,CUST-0044,Laptop Sleeve,Accessories,1,26.99,South,Consumer,Cash,26.99
TX-10185,2024-09-11,CUST-0004,Gel Pens 12-Pack,Office Supplies,2,12.99,North,Small Business,Cash,25.98
TX-13873,2024-03-02,CUST-0057,Smartwatch,Electronics,2,200.0,West,Consumer,PayPal,400.0
TX-13226,2025-07-01,CUST-0115,4K Monitor,Electronics,3,350.0,North,Consumer,Credit Card,1050.0
TX-13504,2024-09-29,CUST-0315,USB-C Multi-Hub,Accessories,2,39.99,North,Small Business,PayPal,79.98
TX-11797,2025-08-06,CUST-0134,Pro Laptop,Electronics,8,1200.0,East,Corporate,PayPal,9600.0
TX-12979,2025-10-03,CUST-0012,Ergonomic Chair,Office Supplies,4,299.99,West,Small Business,Bank Transfer,1199.96
TX-11441,2025-02-24,CUST-0362,Desk Mat,Accessories,3,25.0,South,Small Business,Credit Card,75.0
TX-13477,2024-03-10,CUST-0032,Standing Desk,Office Supplies,3,450.0,East,Corporate,Bank Transfer,1350.0
TX-14904,2025-02-02,CUST-0188,Pro Laptop,Electronics,4,1200.0,North,Corporate,Cash,4800.0
TX-11535,2025-02-16,CUST-0288,Mechanical Keyboard,Accessories,3,91.99,West,Corporate,PayPal,275.96999999999997
TX-13493,2025-10-15,CUST-UNKNOWN,Wireless Mouse,Accessories,2,43.49,South,Consumer,Bank Transfer,86.98
TX-13188,2025-02-06,CUST-0146,Premium Tablet,Electronics,4,600.0,South,Corporate,PayPal,2400.0
TX-11273,2024-02-08,CUST-0149,Premium Tablet,Electronics,4,600.0,North,Small Business,Credit Card,2400.0
TX-12467,2025-10-29,CUST-0265,Premium Tablet,Electronics,3,600.0,West,Consumer,Cash,1800.0
TX-10607,2025-01-25,CUST-0029,Premium Notebook,Office Supplies,8,15.5,South,Corporate,Cash,124.0
TX-13437,2025-11-17,CUST-0256,Gel Pens 12-Pack,Office Supplies,8,11.95,South,Corporate,Bank Transfer,95.6
TX-11712,2024-01-12,CUST-UNKNOWN,Gel Pens 12-Pack,Office Supplies,7,12.99,North,Corporate,PayPal,90.93
TX-12199,2024-04-05,CUST-0282,Whiteboard,Office Supplies,4,79.99,South,Consumer,Bank Transfer,319.96
TX-10955,2024-05-21,CUST-0220,Gel Pens 12-Pack,Office Supplies,9,12.99,West,Corporate,Bank Transfer,116.91
TX-12579,2024-03-04,CUST-0331,Noise-Cancelling Headphones,Electronics,4,250.0,South,Corporate,Cash,1000.0
TX-13953,2024-06-17,CUST-0010,Premium Notebook,Office Supplies,4,15.5,South,Small Business,Bank Transfer,62.0
TX-14451,2025-09-14,CUST-0085,Standing Desk,Office Supplies,3,450.0,North,Consumer,PayPal,1350.0
TX-13685,2024-06-30,CUST-0097,Gel Pens 12-Pack,Office Supplies,2,12.99,North,Small Business,PayPal,25.98
TX-13739,2024-05-30,CUST-0363,Wireless Mouse,Accessories,7,49.99,West,Corporate,PayPal,349.93
TX-10403,2024-06-03,CUST-0071,Noise-Cancelling Headphones,Electronics,8,205.0,South,Corporate,Cash,1640.0
TX-12071,2025-07-03,CUST-0218,Ergonomic Chair,Office Supplies,1,299.99,East,Consumer,Credit Card,299.99
TX-14784,2024-02-01,CUST-0056,Premium Notebook,Office Supplies,1,12.56,South,Consumer,PayPal,12.56
TX-11977,2025-02-01,CUST-0311,Noise-Cancelling Headphones,Electronics,4,250.0,East,Corporate,Credit Card,1000.0
TX-10158,2025-04-06,CUST-0144,Laptop Sleeve,Accessories,1,29.99,North,Small Business,PayPal,29.99
TX-11748,2024-06-12,CUST-0087,Ergonomic Chair,Office Supplies,1,299.99,South,Consumer,PayPal,299.99
TX-12909,2024-01-31,CUST-0061,Desk Mat,Accessories,1,25.0,West,Small Business,Bank Transfer,25.0
TX-13586,2024-09-03,CUST-0011,4K Monitor,Electronics,3,350.0,West,Consumer,Credit Card,1050.0
TX-10902,2025-04-24,CUST-0068,Noise-Cancelling Headphones,Electronics,4,250.0,East,Small Business,PayPal,1000.0
TX-10352,2025-09-18,CUST-0114,Laptop Sleeve,Accessories,1,25.19,North,Small Business,Cash,25.19
TX-11230,2025-10-11,CUST-0227,Noise-Cancelling Headphones,Electronics,3,250.0,West,Consumer,PayPal,750.0
TX-14697,2024-12-30,CUST-0012,Standing Desk,Office Supplies,3,450.0,West,Small Business,Cash,1350.0
TX-12140,2024-02-13,CUST-0161,Gel Pens 12-Pack,Office Supplies,1,12.99,East,Consumer,Cash,12.99
TX-10444,2025-08-26,CUST-0259,Smartwatch,Electronics,2,200.0,West,Corporate,Credit Card,400.0
TX-14978,2025-08-03,CUST-0123,Pro Laptop,Electronics,1,1200.0,South,Consumer,Credit Card,1200.0
TX-10754,2025-03-01,CUST-0190,Mechanical Keyboard,Accessories,4,99.99,South,Consumer,PayPal,399.96
TX-11737,2025-08-02,CUST-0266,Desk Mat,Accessories,1,25.0,South,Consumer,Credit Card,25.0
TX-12971,2024-10-13,CUST-0058,Standing Desk,Office Supplies,3,450.0,North,Consumer,Cash,1350.0
TX-12920,2025-12-07,CUST-0241,Premium Tablet,Electronics,5,600.0,North,Corporate,Cash,3000.0
TX-10311,2024-09-26,CUST-0365,Wireless Mouse,Accessories,4,49.99,West,Small Business,Cash,199.96
TX-10548,2025-07-29,CUST-0291,Smartwatch,Electronics,1,166.0,North,Small Business,PayPal,166.0
TX-10661,2024-04-05,CUST-0394,Premium Notebook,Office Supplies,7,15.5,West,Corporate,Cash,108.5
TX-14790,2024-05-20,CUST-0112,Noise-Cancelling Headphones,Electronics,8,250.0,West,Corporate,PayPal,2000.0
TX-11989,2024-10-02,CUST-0092,Wireless Mouse,Accessories,9,49.99,East,Corporate,Bank Transfer,449.91
TX-10306,2024-07-27,CUST-0080,USB-C Multi-Hub,Accessories,8,39.99,East,Corporate,Credit Card,319.92
TX-12335,2024-04-20,CUST-0361,Smartwatch,Electronics,1,200.0,South,Consumer,PayPal,200.0
TX-10694,2025-02-27,CUST-0123,Mechanical Keyboard,Accessories,2,99.99,South,Consumer,Cash,199.98
TX-12356,2024-06-11,CUST-0339,Wireless Mouse,Accessories,3,49.99,East,Consumer,Credit Card,149.97
TX-11927,2025-01-27,CUST-0386,Wireless Mouse,Accessories,4,49.99,North,Small Business,Bank Transfer,199.96
TX-10684,2024-01-16,CUST-0319,Laptop Sleeve,Accessories,1,29.99,North,Consumer,PayPal,29.99
TX-10749,2025-09-25,CUST-0024,Premium Tablet,Electronics,1,600.0,North,Small Business,PayPal,600.0
TX-13541,2025-09-09,CUST-0254,Premium Notebook,Office Supplies,1,15.5,North,Consumer,PayPal,15.5
TX-13494,2024-11-03,CUST-0003,Desk Mat,Accessories,2,25.0,South,Consumer,Credit Card,50.0
TX-11266,2025-02-18,CUST-0195,Pro Laptop,Electronics,3,1116.0,North,Corporate,Cash,3348.0
TX-13333,2025-02-17,CUST-0190,Whiteboard,Office Supplies,1,79.99,South,Consumer,Bank Transfer,79.99
TX-14871,2025-01-25,CUST-0241,Ergonomic Chair,Office Supplies,7,299.99,North,Corporate,PayPal,2099.9300000000003
TX-14449,2025-06-04,CUST-0164,Mechanical Keyboard,Accessories,1,89.99,East,Consumer,Cash,89.99
TX-14041,2024-01-26,CUST-0136,Ergonomic Chair,Office Supplies,10,299.99,South,Corporate,Credit Card,2999.9
TX-13083,2025-11-27,CUST-0249,Pro Laptop,Electronics,4,1200.0,North,Corporate,Credit Card,4800.0
TX-13061,2025-08-17,CUST-0393,Laptop Sleeve,Accessories,3,29.99,East,Corporate,PayPal,89.97
TX-13025,2025-04-19,CUST-0139,Ergonomic Chair,Office Supplies,4,299.99,East,Consumer,Cash,1199.96
TX-10970,2025-02-25,CUST-0042,Pro Laptop,Electronics,4,1200.0,South,Small Business,PayPal,4800.0
TX-10013,2025-07-17,CUST-0019,Ergonomic Chair,Office Supplies,3,299.99,West,Consumer,Bank Transfer,899.97
TX-10873,2025-08-07,CUST-0377,Wireless Mouse,Accessories,10,49.99,South,Corporate,Bank Transfer,499.90000000000003
TX-10808,2024-10-22,CUST-0218,Desk Mat,Accessories,2,22.5,East,Consumer,Credit Card,45.0
TX-13198,2024-10-16,CUST-0137,Whiteboard,Office Supplies,4,64.79,South,Consumer,PayPal,259.16
TX-10514,2024-01-06,CUST-0004,Laptop Sleeve,Accessories,1,29.99,North,Small Business,Credit Card,29.99
TX-14498,2024-10-29,CUST-0187,Standing Desk,Office Supplies,2,450.0,South,Small Business,Credit Card,900.0
TX-10409,2024-12-18,CUST-0053,Whiteboard,Office Supplies,3,75.19,East,Small Business,PayPal,225.57
TX-13458,2025-03-07,CUST-0393,Smartwatch,Electronics,8,162.0,East,Corporate,Cash,1296.0
TX-14368,2025-04-02,CUST-0105,Premium Notebook,Office Supplies,4,15.5,West,Consumer,Bank Transfer,62.0
TX-10207,2025-10-20,CUST-0269,Gel Pens 12-Pack,Office Supplies,8,12.99,East,Corporate,PayPal,103.92
TX-13271,2025-02-06,CUST-0398,Laptop Sleeve,Accessories,3,29.99,North,Corporate,Credit Card,89.97
TX-10458,2024-06-30,CUST-0039,Premium Tablet,Electronics,1,546.0,South,Consumer,Cash,546.0
TX-13523,2024-08-24,CUST-0143,Noise-Cancelling Headphones,Electronics,2,250.0,North,Consumer,Credit Card,500.0
TX-12430,2024-11-18,CUST-0360,Smartwatch,Electronics,1,200.0,North,Small Business,Bank Transfer,200.0
TX-13711,2024-02-23,CUST-0344,Standing Desk,Office Supplies,7,450.0,South,Corporate,Bank Transfer,3150.0
TX-10110,2024-01-28,CUST-0203,USB-C Multi-Hub,Accessories,2,39.99,South,Small Business,Cash,79.98
TX-13800,2025-02-23,CUST-0258,4K Monitor,Electronics,4,350.0,South,Small Business,Bank Transfer,1400.0
TX-11107,2025-04-19,CUST-0146,Whiteboard,Office Supplies,9,79.99,South,Corporate,Credit Card,719.91
TX-11883,2024-03-12,CUST-0253,Whiteboard,Office Supplies,1,79.99,South,Consumer,Cash,79.99
TX-11713,2025-08-14,CUST-0208,Standing Desk,Office Supplies,4,450.0,East,Consumer,Bank Transfer,1800.0
TX-14015,2024-12-11,CUST-0052,Smartwatch,Electronics,3,200.0,South,Small Business,Bank Transfer,600.0
TX-14137,2025-08-23,CUST-0050,Noise-Cancelling Headphones,Electronics,1,250.0,West,Consumer,Bank Transfer,250.0
TX-10552,2025-11-20,CUST-0397,Desk Mat,Accessories,1,25.0,West,Consumer,Cash,25.0
TX-11439,2024-12-31,CUST-0113,Premium Notebook,Office Supplies,3,15.5,West,Small Business,Bank Transfer,46.5
TX-12270,2024-06-20,CUST-0071,Premium Notebook,Office Supplies,10,15.5,South,Corporate,Bank Transfer,155.0
TX-13144,2025-12-15,CUST-0030,Mechanical Keyboard,Accessories,2,99.99,North,Consumer,Credit Card,199.98
TX-12821,2025-09-11,CUST-0007,Wireless Mouse,Accessories,3,49.99,North,Consumer,PayPal,149.97
TX-14810,2025-09-16,CUST-0314,Standing Desk,Office Supplies,3,450.0,North,Corporate,Cash,1350.0
TX-11925,2025-01-18,CUST-0220,Laptop Sleeve,Accessories,9,29.99,West,Corporate,Credit Card,269.90999999999997
TX-10634,2024-05-01,CUST-0095,Standing Desk,Office Supplies,1,450.0,South,Consumer,Bank Transfer,450.0
TX-14834,2024-04-23,CUST-0103,Premium Tablet,Electronics,3,600.0,East,Consumer,Bank Transfer,1800.0
TX-10316,2024-05-02,CUST-0258,Wireless Mouse,Accessories,2,49.99,South,Small Business,PayPal,99.98
TX-14242,2024-12-20,CUST-0254,Mechanical Keyboard,Accessories,1,99.99,North,Consumer,Bank Transfer,99.99
TX-14727,2024-01-04,CUST-0285,Smartwatch,Electronics,1,200.0,South,Consumer,Credit Card,200.0
TX-11328,2025-07-18,CUST-0334,Gel Pens 12-Pack,Office Supplies,4,12.99,East,Small Business,Cash,51.96
TX-10427,2025-10-26,CUST-0068,Wireless Mouse,Accessories,2,49.99,East,Small Business,Credit Card,99.98
TX-13424,2024-06-30,CUST-0184,Mechanical Keyboard,Accessories,2,99.99,West,Small Business,Cash,199.98
TX-10105,2024-08-31,CUST-0313,Gel Pens 12-Pack,Office Supplies,5,12.99,West,Corporate,PayPal,64.95
TX-13041,2024-02-03,CUST-0113,Whiteboard,Office Supplies,1,79.99,West,Small Business,Bank Transfer,79.99
TX-10142,2024-02-26,CUST-0064,Mechanical Keyboard,Accessories,3,80.99,West,Small Business,PayPal,242.96999999999997
TX-12169,2024-04-24,CUST-0282,4K Monitor,Electronics,1,350.0,South,Consumer,PayPal,350.0
TX-13378,2024-09-16,CUST-0177,Standing Desk,Office Supplies,7,450.0,West,Corporate,PayPal,3150.0
TX-10089,2025-07-31,CUST-0390,Desk Mat,Accessories,3,23.5,South,Small Business,Bank Transfer,70.5
TX-12918,2025-07-25,CUST-0271,Desk Mat,Accessories,1,22.0,West,Consumer,Cash,22.0
TX-13237,2025-09-16,CUST-0188,Noise-Cancelling Headphones,Electronics,3,250.0,North,Corporate,Cash,750.0
TX-12241,2025-05-04,CUST-0394,Mechanical Keyboard,Accessories,2,99.99,West,Corporate,Cash,199.98
TX-13174,2025-07-26,CUST-0281,Noise-Cancelling Headphones,Electronics,4,250.0,North,Consumer,Credit Card,1000.0
TX-14036,2024-11-30,CUST-0283,Premium Notebook,Office Supplies,3,14.41,West,Small Business,PayPal,43.230000000000004
TX-12163,2024-04-02,CUST-0049,Laptop Sleeve,Accessories,9,29.99,West,Corporate,Cash,269.90999999999997
TX-12636,2024-04-27,CUST-0390,Smartwatch,Electronics,3,200.0,South,Small Business,Bank Transfer,600.0
TX-11949,2025-02-27,CUST-0321,Standing Desk,Office Supplies,3,400.5,North,Small Business,Cash,1201.5
TX-11768,2025-08-10,CUST-0351,Gel Pens 12-Pack,Office Supplies,8,11.69,East,Corporate,Cash,93.52
TX-13331,2025-04-29,CUST-0321,Noise-Cancelling Headphones,Electronics,3,250.0,North,Small Business,PayPal,750.0
TX-12272,2025-09-20,CUST-0258,Noise-Cancelling Headphones,Electronics,1,250.0,South,Small Business,Credit Card,250.0
TX-10001,2025-09-25,CUST-0116,Desk Mat,Accessories,4,25.0,West,Small Business,Cash,100.0
TX-14469,2025-12-19,CUST-0043,4K Monitor,Electronics,2,350.0,East,Consumer,PayPal,700.0
TX-14987,2025-09-06,CUST-0299,Smartwatch,Electronics,4,200.0,North,Corporate,Bank Transfer,800.0
TX-11951,2024-08-18,CUST-0066,Whiteboard,Office Supplies,4,79.99,North,Small Business,PayPal,319.96
TX-10935,2025-03-31,CUST-0249,Ergonomic Chair,Office Supplies,9,299.99,North,Corporate,PayPal,2699.91
TX-14322,2025-07-30,CUST-0048,Wireless Mouse,Accessories,4,41.49,East,Consumer,Bank Transfer,165.96
TX-12720,2025-06-30,CUST-0330,4K Monitor,Electronics,6,350.0,North,Corporate,Bank Transfer,2100.0
TX-13845,2025-05-15,CUST-0369,Mechanical Keyboard,Accessories,3,99.99,West,Small Business,Credit Card,299.96999999999997
TX-11109,2025-01-18,CUST-0213,Premium Notebook,Office Supplies,4,15.5,East,Small Business,Cash,62.0
TX-13641,2025-08-20,CUST-0396,Ergonomic Chair,Office Supplies,9,299.99,North,Corporate,Bank Transfer,2699.91
TX-10591,2024-07-25,CUST-0055,Standing Desk,Office Supplies,3,450.0,West,Corporate,Credit Card,1350.0
TX-11695,2024-11-13,CUST-0223,USB-C Multi-Hub,Accessories,5,39.99,South,Corporate,Credit Card,199.95000000000002
TX-14197,2025-10-30,CUST-0384,Standing Desk,Office Supplies,9,450.0,South,Corporate,Credit Card,4050.0
TX-12936,2024-06-08,CUST-0300,Ergonomic Chair,Office Supplies,3,299.99,East,Small Business,Cash,899.97
TX-14229,2024-07-11,CUST-0123,Whiteboard,Office Supplies,2,79.99,South,Consumer,Cash,159.98
TX-14971,2024-05-08,CUST-0005,USB-C Multi-Hub,Accessories,2,39.99,North,Small Business,Cash,79.98
TX-11576,2024-05-31,CUST-0103,Noise-Cancelling Headphones,Electronics,3,205.0,East,Consumer,Credit Card,615.0
TX-14011,2025-03-30,CUST-UNKNOWN,Laptop Sleeve,Accessories,3,29.99,West,Consumer,Credit Card,89.97
TX-10213,2024-07-13,CUST-0061,Desk Mat,Accessories,2,25.0,West,Small Business,PayPal,50.0
TX-10778,2025-08-07,CUST-0383,Wireless Mouse,Accessories,3,49.99,South,Corporate,Cash,149.97
TX-11415,2025-03-28,CUST-0391,Whiteboard,Office Supplies,1,79.99,West,Consumer,PayPal,79.99
TX-13813,2024-07-20,CUST-0284,Pro Laptop,Electronics,3,1200.0,South,Small Business,PayPal,3600.0
TX-12043,2025-03-01,CUST-0172,Pro Laptop,Electronics,4,1200.0,South,Corporate,PayPal,4800.0
TX-12848,2025-03-06,CUST-0329,USB-C Multi-Hub,Accessories,3,39.99,East,Consumer,Credit Card,119.97
TX-14563,2025-09-19,CUST-0294,Gel Pens 12-Pack,Office Supplies,5,12.99,East,Corporate,Cash,64.95
TX-13557,2025-01-05,CUST-UNKNOWN,Standing Desk,Office Supplies,3,450.0,West,Consumer,Bank Transfer,1350.0
TX-13867,2024-10-06,CUST-0110,Noise-Cancelling Headphones,Electronics,3,250.0,North,Small Business,Bank Transfer,750.0
TX-11567,2025-04-23,CUST-0301,Premium Notebook,Office Supplies,4,15.5,West,Small Business,Credit Card,62.0
TX-10165,2024-06-23,CUST-0370,Desk Mat,Accessories,4,20.25,South,Corporate,PayPal,81.0
TX-14742,2024-04-24,CUST-0296,4K Monitor,Electronics,8,350.0,South,Corporate,PayPal,2800.0
TX-14470,2024-03-17,CUST-0144,USB-C Multi-Hub,Accessories,2,32.79,North,Small Business,PayPal,65.58
TX-14956,2024-10-11,CUST-0041,Desk Mat,Accessories,3,21.75,East,Small Business,Bank Transfer,65.25
TX-11343,2024-11-04,CUST-0386,Gel Pens 12-Pack,Office Supplies,1,12.99,North,Small Business,Bank Transfer,12.99
TX-12013,2024-06-04,CUST-0219,Laptop Sleeve,Accessories,3,28.19,North,Small Business,PayPal,84.57000000000001
TX-10273,2024-03-25,CUST-0290,Premium Tablet,Electronics,6,600.0,West,Corporate,Credit Card,3600.0
TX-10071,2025-01-11,CUST-0143,Mechanical Keyboard,Accessories,4,99.99,North,Consumer,Credit Card,399.96
TX-14974,2024-05-25,CUST-0221,4K Monitor,Electronics,7,350.0,East,Corporate,Credit Card,2450.0
TX-11087,2024-04-20,CUST-0166,Mechanical Keyboard,Accessories,2,99.99,East,Small Business,Cash,199.98
TX-10394,2025-12-29,CUST-0334,Standing Desk,Office Supplies,2,450.0,East,Small Business,PayPal,900.0
TX-10583,2025-10-22,CUST-0225,Mechanical Keyboard,Accessories,1,99.99,West,Consumer,Cash,99.99
TX-11367,2025-12-18,CUST-0379,Standing Desk,Office Supplies,2,450.0,South,Consumer,Bank Transfer,900.0
TX-14669,2025-07-04,CUST-0094,4K Monitor,Electronics,2,350.0,West,Consumer,PayPal,700.0
TX-12548,2025-02-04,CUST-0101,USB-C Multi-Hub,Accessories,2,39.99,North,Consumer,PayPal,79.98
TX-11013,2025-12-10,CUST-0315,Whiteboard,Office Supplies,4,79.99,North,Small Business,Credit Card,319.96
TX-14927,2024-01-13,CUST-0376,Ergonomic Chair,Office Supplies,2,260.99,South,Consumer,Credit Card,521.98
TX-13003,2025-09-11,CUST-0065,Premium Notebook,Office Supplies,2,15.5,East,Small Business,PayPal,31.0
TX-14817,2025-09-11,CUST-0006,Ergonomic Chair,Office Supplies,3,299.99,West,Consumer,Credit Card,899.97
TX-14716,2025-04-09,CUST-0194,Desk Mat,Accessories,3,25.0,South,Small Business,Credit Card,75.0
TX-14472,2025-06-18,CUST-0285,Gel Pens 12-Pack,Office Supplies,2,12.99,South,Consumer,Cash,25.98
TX-11763,2025-05-17,CUST-0392,Smartwatch,Electronics,2,200.0,North,Small Business,Cash,400.0
TX-11875,2024-10-30,CUST-0330,Ergonomic Chair,Office Supplies,7,299.99,North,Corporate,Cash,2099.9300000000003
TX-11259,2024-01-13,CUST-0214,Premium Tablet,Electronics,4,600.0,West,Small Business,PayPal,2400.0
TX-13344,2024-12-28,CUST-0257,Pro Laptop,Electronics,4,1200.0,West,Small Business,PayPal,4800.0
TX-14556,2025-10-30,CUST-0153,Smartwatch,Electronics,4,172.0,East,Consumer,PayPal,688.0
TX-12253,2025-05-09,CUST-0092,Gel Pens 12-Pack,Office Supplies,4,12.99,East,Corporate,PayPal,51.96
TX-12781,2025-09-15,CUST-UNKNOWN,Wireless Mouse,Accessories,2,49.99,East,Consumer,Bank Transfer,99.98
TX-13646,2024-01-10,CUST-0222,Smartwatch,Electronics,5,200.0,North,Corporate,Bank Transfer,1000.0
TX-10526,2024-12-27,CUST-0208,Mechanical Keyboard,Accessories,1,99.99,East,Consumer,Credit Card,99.99
TX-13471,2025-10-15,CUST-0196,Noise-Cancelling Headphones,Electronics,3,250.0,West,Small Business,Bank Transfer,750.0
TX-12946,2025-01-27,CUST-0026,4K Monitor,Electronics,2,350.0,East,Small Business,Bank Transfer,700.0
TX-10377,2025-09-25,CUST-0312,Desk Mat,Accessories,2,25.0,West,Corporate,Cash,50.0
TX-11559,2024-01-21,CUST-0006,Noise-Cancelling Headphones,Electronics,4,250.0,West,Consumer,Credit Card,1000.0
TX-13875,2025-04-24,CUST-0248,4K Monitor,Electronics,1,350.0,South,Small Business,Cash,350.0
TX-11963,2024-09-15,CUST-0193,Desk Mat,Accessories,1,20.25,South,Small Business,Credit Card,20.25
TX-14761,2024-04-19,CUST-0269,4K Monitor,Electronics,10,350.0,East,Corporate,Cash,3500.0
TX-10348,2024-05-25,CUST-0270,Ergonomic Chair,Office Supplies,3,299.99,West,Small Business,Cash,899.97
TX-12434,2024-06-09,CUST-0291,Premium Tablet,Electronics,1,558.0,North,Small Business,PayPal,558.0
TX-12246,2024-01-31,CUST-0340,Gel Pens 12-Pack,Office Supplies,8,12.99,West,Corporate,Bank Transfer,103.92
TX-14913,2024-03-10,CUST-0322,USB-C Multi-Hub,Accessories,4,39.99,South,Consumer,Cash,159.96
TX-11709,2025-06-16,CUST-0265,USB-C Multi-Hub,Accessories,2,39.99,West,Consumer,Bank Transfer,79.98
TX-11050,2025-01-26,CUST-0227,Noise-Cancelling Headphones,Electronics,1,250.0,West,Consumer,Bank Transfer,250.0
TX-10590,2025-10-18,CUST-0338,Pro Laptop,Electronics,2,1200.0,East,Consumer,PayPal,2400.0
TX-10519,2025-11-06,CUST-0229,Mechanical Keyboard,Accessories,1,99.99,East,Small Business,PayPal,99.99
TX-13380,2024-10-16,CUST-0034,Desk Mat,Accessories,10,25.0,East,Corporate,Bank Transfer,250.0
TX-14519,2025-06-29,CUST-0280,Premium Notebook,Office Supplies,3,13.17,East,Small Business,Cash,39.51
TX-14148,2025-12-20,CUST-0152,USB-C Multi-Hub,Accessories,2,39.99,South,Small Business,Credit Card,79.98
TX-12477,2024-03-31,CUST-0370,Mechanical Keyboard,Accessories,9,99.99,South,Corporate,PayPal,899.91
TX-11083,2025-06-29,CUST-0357,4K Monitor,Electronics,3,350.0,East,Corporate,Cash,1050.0
TX-13782,2025-05-03,CUST-0205,Laptop Sleeve,Accessories,7,29.99,North,Corporate,Credit Card,209.92999999999998
TX-14807,2025-01-11,CUST-0037,Smartwatch,Electronics,2,200.0,North,Small Business,Credit Card,400.0
TX-14535,2024-04-30,CUST-0160,Laptop Sleeve,Accessories,2,29.99,South,Small Business,Cash,59.98
TX-11294,2025-05-08,CUST-0244,Mechanical Keyboard,Accessories,8,99.99,East,Corporate,Bank Transfer,799.92
TX-11809,2025-01-31,CUST-0231,Mechanical Keyboard,Accessories,4,99.99,East,Small Business,Bank Transfer,399.96
TX-10791,2024-08-25,CUST-0267,USB-C Multi-Hub,Accessories,4,39.99,West,Consumer,Bank Transfer,159.96
TX-10792,2024-11-30,CUST-0272,Desk Mat,Accessories,9,25.0,West,Corporate,Bank Transfer,225.0
TX-14139,2024-07-18,CUST-0063,Standing Desk,Office Supplies,3,409.5,West,Small Business,Bank Transfer,1228.5
TX-11855,2025-04-17,CUST-0167,Gel Pens 12-Pack,Office Supplies,4,10.91,North,Small Business,Cash,43.64
TX-14786,2025-10-01,CUST-0038,Laptop Sleeve,Accessories,2,24.89,South,Small Business,Cash,49.78
TX-11980,2025-07-30,CUST-0125,Wireless Mouse,Accessories,4,49.99,North,Consumer,Credit Card,199.96
TX-13233,2025-03-18,CUST-0001,4K Monitor,Electronics,3,287.0,North,Consumer,Bank Transfer,861.0
TX-13964,2025-02-19,CUST-0196,Mechanical Keyboard,Accessories,2,99.99,West,Small Business,Bank Transfer,199.98
TX-13435,2025-03-27,CUST-0376,Standing Desk,Office Supplies,4,450.0,South,Consumer,Credit Card,1800.0
TX-13328,2025-05-27,CUST-0205,Premium Notebook,Office Supplies,9,15.5,North,Corporate,Cash,139.5
TX-11530,2024-12-04,CUST-UNKNOWN,Premium Tablet,Electronics,4,600.0,South,Small Business,Credit Card,2400.0
TX-11410,2025-10-22,CUST-0242,Mechanical Keyboard,Accessories,3,99.99,East,Consumer,PayPal,299.96999999999997
TX-14320,2025-12-13,CUST-0120,Gel Pens 12-Pack,Office Supplies,4,12.99,West,Consumer,Credit Card,51.96
TX-14675,2024-01-03,CUST-0028,Premium Notebook,Office Supplies,1,15.5,North,Consumer,PayPal,15.5
TX-10083,2025-08-10,CUST-0328,Premium Notebook,Office Supplies,1,13.95,North,Consumer,Cash,13.95
TX-10868,2024-09-19,CUST-0352,Mechanical Keyboard,Accessories,8,91.99,South,Corporate,PayPal,735.92
TX-12350,2025-03-25,CUST-0351,Smartwatch,Electronics,8,162.0,East,Corporate,Bank Transfer,1296.0
TX-10020,2024-05-28,CUST-0197,4K Monitor,Electronics,2,350.0,South,Consumer,Credit Card,700.0
TX-14860,2025-07-30,CUST-0281,Gel Pens 12-Pack,Office Supplies,1,12.99,North,Consumer,Credit Card,12.99
TX-12795,2024-04-13,CUST-0368,Pro Laptop,Electronics,3,1116.0,East,Consumer,Bank Transfer,3348.0
TX-14932,2024-04-16,CUST-0277,Noise-Cancelling Headphones,Electronics,2,250.0,West,Consumer,Credit Card,500.0
TX-11562,2024-07-11,CUST-0140,Premium Tablet,Electronics,3,600.0,North,Small Business,Bank Transfer,1800.0
TX-13093,2025-01-25,CUST-0238,Laptop Sleeve,Accessories,4,29.99,West,Small Business,Bank Transfer,119.96
TX-13155,2025-12-13,CUST-0058,Mechanical Keyboard,Accessories,4,83.99,North,Consumer,Credit Card,335.96
TX-10973,2025-03-02,CUST-0074,Mechanical Keyboard,Accessories,4,83.99,South,Small Business,Cash,335.96
TX-11710,2025-11-08,CUST-0018,Desk Mat,Accessories,1,25.0,North,Consumer,PayPal,25.0
TX-13201,2024-11-18,CUST-0008,Whiteboard,Office Supplies,2,79.99,South,Consumer,PayPal,159.98
TX-14038,2024-09-07,CUST-0121,Ergonomic Chair,Office Supplies,3,242.99,West,Consumer,Bank Transfer,728.97
TX-14848,2025-04-03,CUST-0042,Laptop Sleeve,Accessories,3,26.69,South,Small Business,Bank Transfer,80.07000000000001
TX-11098,2024-08-22,CUST-0376,Premium Notebook,Office Supplies,2,15.5,South,Consumer,PayPal,31.0
TX-14508,2024-07-20,CUST-0326,Gel Pens 12-Pack,Office Supplies,3,12.99,East,Corporate,PayPal,38.97
TX-12844,2024-05-28,CUST-0116,Premium Notebook,Office Supplies,2,15.5,West,Small Business,PayPal,31.0
TX-10886,2024-07-07,CUST-0329,Pro Laptop,Electronics,4,1200.0,East,Consumer,PayPal,4800.0
TX-14961,2024-08-27,CUST-0322,Noise-Cancelling Headphones,Electronics,1,230.0,South,Consumer,Cash,230.0
TX-13732,2025-08-07,CUST-0378,Pro Laptop,Electronics,1,1200.0,North,Small Business,PayPal,1200.0
TX-14606,2025-03-19,CUST-0169,USB-C Multi-Hub,Accessories,1,39.99,North,Consumer,Bank Transfer,39.99
TX-13848,2025-02-01,CUST-0040,Premium Notebook,Office Supplies,2,15.5,West,Corporate,Credit Card,31.0
TX-14427,2025-05-21,CUST-0214,Ergonomic Chair,Office Supplies,3,299.99,West,Small Business,Cash,899.97
TX-10515,2024-07-29,CUST-0353,Gel Pens 12-Pack,Office Supplies,7,11.04,West,Corporate,Credit Card,77.28
TX-14647,2025-11-10,CUST-0337,Gel Pens 12-Pack,Office Supplies,4,12.99,West,Small Business,Credit Card,51.96
TX-10737,2024-09-13,CUST-0398,Ergonomic Chair,Office Supplies,9,299.99,North,Corporate,PayPal,2699.91
TX-11453,2024-11-24,CUST-0228,Ergonomic Chair,Office Supplies,4,299.99,East,Small Business,Credit Card,1199.96
TX-14028,2025-08-02,CUST-0212,Premium Notebook,Office Supplies,8,13.33,North,Corporate,Cash,106.64
TX-14728,2024-05-19,CUST-0208,Mechanical Keyboard,Accessories,1,99.99,East,Consumer,Bank Transfer,99.99
TX-12506,2024-02-15,CUST-0399,Mechanical Keyboard,Accessories,4,99.99,West,Consumer,Bank Transfer,399.96
TX-12994,2024-10-01,CUST-0290,Smartwatch,Electronics,7,200.0,West,Corporate,Credit Card,1400.0
TX-12126,2024-01-21,CUST-0152,Whiteboard,Office Supplies,4,79.99,South,Small Business,Credit Card,319.96
TX-12926,2024-09-22,CUST-0242,Smartwatch,Electronics,4,172.0,East,Consumer,Bank Transfer,688.0
TX-14774,2024-04-19,CUST-0250,Gel Pens 12-Pack,Office Supplies,1,12.99,East,Consumer,Cash,12.99
TX-10906,2024-07-06,CUST-0134,Smartwatch,Electronics,8,200.0,East,Corporate,Credit Card,1600.0
TX-14863,2024-05-17,CUST-0158,Gel Pens 12-Pack,Office Supplies,10,12.99,North,Corporate,Cash,129.9
TX-11030,2025-07-26,CUST-0217,Standing Desk,Office Supplies,3,450.0,South,Small Business,PayPal,1350.0
TX-12507,2024-05-08,CUST-0367,Premium Tablet,Electronics,3,600.0,North,Consumer,Bank Transfer,1800.0
TX-12428,2025-05-29,CUST-0263,USB-C Multi-Hub,Accessories,4,39.99,West,Consumer,Cash,159.96
TX-10947,2024-12-11,CUST-0317,Pro Laptop,Electronics,2,1200.0,South,Small Business,Cash,2400.0
TX-13860,2025-11-14,CUST-0234,Mechanical Keyboard,Accessories,3,99.99,West,Small Business,Cash,299.96999999999997
TX-10762,2025-04-30,CUST-0255,Premium Tablet,Electronics,2,600.0,South,Corporate,Credit Card,1200.0
TX-10715,2024-10-28,CUST-0019,Laptop Sleeve,Accessories,3,26.39,West,Consumer,Bank Transfer,79.17
TX-10284,2025-04-14,CUST-0326,USB-C Multi-Hub,Accessories,3,39.99,East,Corporate,Cash,119.97
TX-10686,2024-12-12,CUST-0026,Pro Laptop,Electronics,4,1128.0,East,Small Business,Credit Card,4512.0
TX-10703,2025-07-16,CUST-0028,4K Monitor,Electronics,3,350.0,North,Consumer,Credit Card,1050.0
TX-13341,2024-08-05,CUST-0338,Gel Pens 12-Pack,Office Supplies,3,12.99,East,Consumer,Cash,38.97
TX-12353,2024-08-03,CUST-0264,Laptop Sleeve,Accessories,3,29.99,South,Small Business,Credit Card,89.97
TX-12257,2025-05-14,CUST-0396,USB-C Multi-Hub,Accessories,6,35.99,North,Corporate,PayPal,215.94
TX-13603,2025-09-25,CUST-0374,Noise-Cancelling Headphones,Electronics,5,250.0,West,Corporate,Credit Card,1250.0
TX-10473,2025-02-18,CUST-0222,Ergonomic Chair,Office Supplies,8,299.99,North,Corporate,Credit Card,2399.92
TX-10021,2025-02-28,CUST-0175,USB-C Multi-Hub,Accessories,1,39.99,East,Consumer,Bank Transfer,39.99
TX-12752,2024-04-08,CUST-0119,Mechanical Keyboard,Accessories,3,99.99,South,Small Business,Credit Card,299.96999999999997
TX-10885,2025-07-14,CUST-0378,Gel Pens 12-Pack,Office Supplies,1,12.99,North,Small Business,Credit Card,12.99
TX-12448,2025-07-29,CUST-0390,Smartwatch,Electronics,4,200.0,South,Small Business,PayPal,800.0
TX-10917,2024-10-18,CUST-0335,Pro Laptop,Electronics,3,1200.0,North,Small Business,Cash,3600.0
TX-13811,2025-09-06,CUST-0196,Whiteboard,Office Supplies,1,79.99,West,Small Business,Bank Transfer,79.99
TX-13805,2024-06-09,CUST-0166,Pro Laptop,Electronics,4,1200.0,East,Small Business,Cash,4800.0
TX-12239,2025-04-07,CUST-0321,Laptop Sleeve,Accessories,4,29.99,North,Small Business,Credit Card,119.96
TX-13899,2024-09-16,CUST-0277,4K Monitor,Electronics,3,350.0,West,Consumer,PayPal,1050.0
TX-13395,2024-04-14,CUST-0127,Ergonomic Chair,Office Supplies,3,299.99,South,Consumer,PayPal,899.97
TX-11265,2025-07-26,CUST-0040,Desk Mat,Accessories,9,25.0,West,Corporate,Bank Transfer,225.0
TX-10483,2025-11-18,CUST-0052,Whiteboard,Office Supplies,1,79.99,South,Small Business,PayPal,79.99
TX-14408,2024-08-10,CUST-0067,4K Monitor,Electronics,3,283.5,North,Small Business,Cash,850.5
TX-12963,2024-10-28,CUST-0191,Noise-Cancelling Headphones,Electronics,6,250.0,East,Corporate,Cash,1500.0
TX-11219,2024-09-15,CUST-0389,USB-C Multi-Hub,Accessories,3,39.99,East,Small Business,Cash,119.97
TX-10277,2024-03-30,CUST-0061,Premium Tablet,Electronics,3,558.0,West,Small Business,Cash,1674.0
TX-10988,2025-09-13,CUST-0302,Smartwatch,Electronics,2,200.0,South,Corporate,Bank Transfer,400.0
TX-12084,2024-08-31,CUST-0109,Desk Mat,Accessories,2,25.0,South,Consumer,Bank Transfer,50.0
TX-11245,2025-09-06,CUST-0218,Noise-Cancelling Headphones,Electronics,3,250.0,East,Consumer,Bank Transfer,750.0
TX-12382,2025-09-23,CUST-0050,Premium Notebook,Office Supplies,1,15.5,West,Consumer,PayPal,15.5
TX-10571,2024-10-05,CUST-0165,Premium Tablet,Electronics,1,558.0,West,Small Business,Credit Card,558.0
TX-11435,2024-08-31,CUST-0302,Premium Tablet,Electronics,8,600.0,South,Corporate,Credit Card,4800.0
TX-10993,2024-05-03,CUST-0027,Premium Tablet,Electronics,2,600.0,South,Small Business,Cash,1200.0
TX-14120,2025-11-30,CUST-0043,Smartwatch,Electronics,2,200.0,East,Consumer,Cash,400.0
TX-13497,2024-10-26,CUST-0247,Laptop Sleeve,Accessories,4,25.79,West,Small Business,PayPal,103.16
TX-10585,2025-05-16,CUST-0098,Mechanical Keyboard,Accessories,3,99.99,South,Small Business,Bank Transfer,299.96999999999997
TX-13712,2024-03-27,CUST-0012,Premium Tablet,Electronics,4,600.0,West,Small Business,Cash,2400.0
TX-12514,2024-02-17,CUST-0003,Laptop Sleeve,Accessories,4,29.99,South,Consumer,Bank Transfer,119.96
TX-11349,2025-08-20,CUST-0236,Premium Tablet,Electronics,3,600.0,South,Consumer,PayPal,1800.0
TX-11007,2025-12-14,CUST-0190,Smartwatch,Electronics,1,200.0,South,Consumer,PayPal,200.0
TX-10674,2024-02-01,CUST-0174,Whiteboard,Office Supplies,2,74.39,South,Small Business,Cash,148.78
TX-12412,2025-10-12,CUST-0090,Standing Desk,Office Supplies,1,450.0,West,Consumer,PayPal,450.0
TX-12903,2024-04-13,CUST-0314,Standing Desk,Office Supplies,10,450.0,North,Corporate,Credit Card,4500.0
TX-10447,2025-09-15,CUST-0355,Noise-Cancelling Headphones,Electronics,4,250.0,East,Consumer,Bank Transfer,1000.0
TX-13524,2024-08-23,CUST-0026,Standing Desk,Office Supplies,4,450.0,East,Small Business,Cash,1800.0
TX-14479,2024-06-03,CUST-0114,Noise-Cancelling Headphones,Electronics,3,250.0,North,Small Business,Cash,750.0
TX-13757,2024-02-12,CUST-0375,Premium Tablet,Electronics,10,600.0,East,Corporate,Credit Card,6000.0
TX-10359,2025-10-31,CUST-0081,Pro Laptop,Electronics,3,1200.0,North,Consumer,PayPal,3600.0
TX-12064,2025-06-18,CUST-0354,Mechanical Keyboard,Accessories,9,81.99,North,Corporate,Bank Transfer,737.91
TX-14475,2025-01-14,CUST-0038,Premium Notebook,Office Supplies,4,14.41,South,Small Business,Credit Card,57.64
TX-13864,2025-11-19,CUST-0086,Noise-Cancelling Headphones,Electronics,2,250.0,West,Consumer,Bank Transfer,500.0
TX-11690,2024-08-01,CUST-0195,Smartwatch,Electronics,9,166.0,North,Corporate,Cash,1494.0
TX-14352,2024-09-21,CUST-0204,Mechanical Keyboard,Accessories,8,99.99,North,Corporate,Bank Transfer,799.92
TX-11548,2025-10-19,CUST-0357,USB-C Multi-Hub,Accessories,6,39.99,East,Corporate,Credit Card,239.94
TX-11247,2024-06-01,CUST-0076,Standing Desk,Office Supplies,4,450.0,East,Small Business,Cash,1800.0
TX-11985,2025-04-08,CUST-0077,Standing Desk,Office Supplies,4,450.0,South,Consumer,Bank Transfer,1800.0
TX-10294,2024-05-20,CUST-0196,Premium Tablet,Electronics,1,600.0,West,Small Business,Credit Card,600.0
TX-11547,2024-09-16,CUST-0258,4K Monitor,Electronics,3,350.0,South,Small Business,Credit Card,1050.0
TX-12012,2024-05-16,CUST-0100,Whiteboard,Office Supplies,2,79.99,North,Small Business,Cash,159.98
TX-10588,2024-01-20,CUST-0187,Mechanical Keyboard,Accessories,3,99.99,South,Small Business,Credit Card,299.96999999999997
TX-13329,2024-06-26,CUST-0136,Laptop Sleeve,Accessories,8,27.59,South,Corporate,Cash,220.72
TX-12403,2025-04-07,CUST-0220,Gel Pens 12-Pack,Office Supplies,6,11.69,West,Corporate,Cash,70.14
TX-12129,2024-09-03,CUST-0026,Laptop Sleeve,Accessories,1,29.99,East,Small Business,PayPal,29.99
TX-14414,2025-10-11,CUST-0185,Desk Mat,Accessories,1,25.0,North,Consumer,Bank Transfer,25.0
TX-13508,2024-12-08,CUST-0059,Noise-Cancelling Headphones,Electronics,1,222.5,South,Small Business,Credit Card,222.5
TX-12410,2024-09-14,CUST-0389,Premium Notebook,Office Supplies,2,15.5,East,Small Business,Cash,31.0
TX-12719,2024-04-29,CUST-0236,Wireless Mouse,Accessories,3,49.99,South,Consumer,Cash,149.97
TX-14580,2025-10-19,CUST-0014,Smartwatch,Electronics,3,200.0,South,Small Business,Bank Transfer,600.0
TX-10425,2025-11-10,CUST-0169,Gel Pens 12-Pack,Office Supplies,3,12.99,North,Consumer,Credit Card,38.97
TX-12582,2025-09-10,CUST-0155,4K Monitor,Electronics,1,350.0,South,Small Business,PayPal,350.0
TX-11054,2024-10-15,CUST-0207,Whiteboard,Office Supplies,2,79.99,West,Corporate,Cash,159.98
TX-14023,2024-12-16,CUST-0017,Wireless Mouse,Accessories,10,49.99,South,Corporate,PayPal,499.90000000000003
TX-14588,2025-03-13,CUST-0137,Desk Mat,Accessories,4,25.0,South,Consumer,Credit Card,100.0
TX-10556,2025-01-06,CUST-0383,Laptop Sleeve,Accessories,9,24.59,South,Corporate,Cash,221.31
TX-14384,2025-11-16,CUST-0346,Desk Mat,Accessories,4,21.75,East,Small Business,Credit Card,87.0
TX-13994,2025-02-05,CUST-0222,Premium Tablet,Electronics,10,600.0,North,Corporate,PayPal,6000.0
TX-14740,2024-02-06,CUST-0042,Mechanical Keyboard,Accessories,1,99.99,South,Small Business,Cash,99.99
TX-12469,2024-03-01,CUST-0180,Wireless Mouse,Accessories,1,49.99,North,Consumer,Credit Card,49.99
TX-14738,2024-09-01,CUST-0315,USB-C Multi-Hub,Accessories,3,39.99,North,Small Business,PayPal,119.97
TX-10355,2025-03-05,CUST-0086,Gel Pens 12-Pack,Office Supplies,4,12.99,West,Consumer,Bank Transfer,51.96
TX-11193,2025-10-20,CUST-0019,Whiteboard,Office Supplies,4,79.99,West,Consumer,Credit Card,319.96
TX-11716,2025-11-15,CUST-0135,Noise-Cancelling Headphones,Electronics,4,250.0,West,Consumer,Credit Card,1000.0
TX-13416,2024-10-07,CUST-0065,Ergonomic Chair,Office Supplies,3,299.99,East,Small Business,Bank Transfer,899.97
TX-12604,2025-01-30,CUST-0033,Premium Notebook,Office Supplies,4,15.5,East,Consumer,Credit Card,62.0
TX-14154,2025-12-27,CUST-0032,4K Monitor,Electronics,5,350.0,East,Corporate,Bank Transfer,1750.0
TX-12828,2025-04-21,CUST-0015,Laptop Sleeve,Accessories,9,29.99,West,Corporate,PayPal,269.90999999999997
TX-11704,2025-03-01,CUST-0275,Standing Desk,Office Supplies,1,450.0,West,Small Business,Bank Transfer,450.0
TX-12863,2024-12-02,CUST-0390,Pro Laptop,Electronics,1,1044.0,South,Small Business,Credit Card,1044.0
TX-12618,2024-12-23,CUST-0194,Premium Notebook,Office Supplies,4,15.5,South,Small Business,Bank Transfer,62.0
TX-12400,2025-01-13,CUST-0133,Gel Pens 12-Pack,Office Supplies,4,12.99,East,Corporate,PayPal,51.96
TX-12139,2025-06-18,CUST-0394,Premium Tablet,Electronics,4,600.0,West,Corporate,Bank Transfer,2400.0
TX-13239,2024-11-23,CUST-0203,Laptop Sleeve,Accessories,3,29.99,South,Small Business,Credit Card,89.97
TX-12383,2024-10-07,CUST-0214,Ergonomic Chair,Office Supplies,4,299.99,West,Small Business,Cash,1199.96
TX-13218,2024-10-08,CUST-0198,Desk Mat,Accessories,3,25.0,South,Consumer,Cash,75.0
TX-14796,2024-07-21,CUST-0325,Laptop Sleeve,Accessories,10,29.99,South,Corporate,Cash,299.9
TX-11285,2024-03-15,CUST-0115,Gel Pens 12-Pack,Office Supplies,1,12.99,North,Consumer,Bank Transfer,12.99
TX-13869,2025-04-05,CUST-0010,USB-C Multi-Hub,Accessories,2,39.99,South,Small Business,Credit Card,79.98
TX-13895,2025-06-09,CUST-0326,Desk Mat,Accessories,2,25.0,East,Corporate,PayPal,50.0
TX-14494,2024-11-23,CUST-0352,Standing Desk,Office Supplies,9,378.0,South,Corporate,Cash,3402.0
TX-12087,2025-02-19,CUST-0303,Noise-Cancelling Headphones,Electronics,2,250.0,South,Small Business,PayPal,500.0
TX-11889,2025-05-18,CUST-0360,4K Monitor,Electronics,3,350.0,North,Small Business,PayPal,1050.0
TX-13558,2024-10-14,CUST-0220,Laptop Sleeve,Accessories,8,29.99,West,Corporate,Bank Transfer,239.92
TX-11591,2024-03-22,CUST-0077,Noise-Cancelling Headphones,Electronics,3,250.0,South,Consumer,PayPal,750.0
TX-11346,2025-12-05,CUST-0116,Pro Laptop,Electronics,2,1200.0,West,Small Business,Bank Transfer,2400.0
TX-14457,2024-07-09,CUST-0091,Noise-Cancelling Headphones,Electronics,1,250.0,South,Small Business,PayPal,250.0
TX-12162,2025-08-24,CUST-0363,Smartwatch,Electronics,5,200.0,West,Corporate,PayPal,1000.0
TX-12396,2025-01-19,CUST-0141,Laptop Sleeve,Accessories,4,29.99,West,Small Business,Cash,119.96
TX-13697,2025-08-26,CUST-0276,Laptop Sleeve,Accessories,6,25.19,South,Corporate,Cash,151.14000000000001
TX-12271,2025-11-16,CUST-0376,Desk Mat,Accessories,3,25.0,South,Consumer,Bank Transfer,75.0
TX-14516,2025-06-23,CUST-0348,Mechanical Keyboard,Accessories,1,90.99,West,Small Business,Bank Transfer,90.99
TX-13111,2025-08-05,CUST-0398,Wireless Mouse,Accessories,7,49.99,North,Corporate,Cash,349.93
TX-11137,2024-08-13,CUST-0369,Gel Pens 12-Pack,Office Supplies,1,12.99,West,Small Business,PayPal,12.99
TX-13951,2025-06-01,CUST-0053,Whiteboard,Office Supplies,3,79.99,East,Small Business,Bank Transfer,239.96999999999997
TX-10972,2025-08-21,CUST-0256,Desk Mat,Accessories,9,25.0,North,Corporate,Cash,225.0
TX-10795,2025-12-26,CUST-0342,Premium Tablet,Electronics,2,540.0,East,Small Business,Credit Card,1080.0
TX-13020,2024-09-08,CUST-0103,Laptop Sleeve,Accessories,2,24.59,East,Consumer,PayPal,49.18
TX-11711,2024-01-15,CUST-0074,Wireless Mouse,Accessories,2,49.99,South,Small Business,PayPal,99.98
TX-13387,2025-01-22,CUST-0261,Desk Mat,Accessories,2,21.0,South,Small Business,Bank Transfer,42.0
TX-10036,2025-04-12,CUST-0102,Gel Pens 12-Pack,Office Supplies,1,12.99,North,Consumer,PayPal,12.99
TX-10453,2024-09-30,CUST-0385,Noise-Cancelling Headphones,Electronics,6,250.0,South,Corporate,PayPal,1500.0
TX-10913,2024-10-02,CUST-0003,Ergonomic Chair,Office Supplies,4,299.99,South,Consumer,Bank Transfer,1199.96
TX-14114,2024-03-16,CUST-0346,Smartwatch,Electronics,4,200.0,East,Small Business,Credit Card,800.0
TX-11199,2025-03-20,CUST-0003,Standing Desk,Office Supplies,1,450.0,South,Consumer,PayPal,450.0
TX-11274,2024-04-05,CUST-0368,Premium Tablet,Electronics,2,600.0,East,Consumer,PayPal,1200.0
TX-12375,2024-08-15,CUST-0137,Desk Mat,Accessories,2,25.0,South,Consumer,Credit Card,50.0
TX-10037,2025-01-02,CUST-0295,Premium Notebook,Office Supplies,1,15.5,West,Small Business,Cash,15.5
TX-10974,2025-06-25,CUST-0061,Mechanical Keyboard,Accessories,4,92.99,West,Small Business,Cash,371.96
TX-13195,2025-01-10,CUST-0260,Smartwatch,Electronics,3,172.0,West,Consumer,Cash,516.0
TX-10983,2025-11-17,CUST-0377,Ergonomic Chair,Office Supplies,4,299.99,South,Corporate,Credit Card,1199.96
TX-13960,2024-11-10,CUST-0332,Premium Tablet,Electronics,1,600.0,South,Consumer,PayPal,600.0
TX-14605,2024-10-02,CUST-0101,Premium Tablet,Electronics,3,600.0,South,Consumer,Bank Transfer,1800.0
TX-11418,2025-06-25,CUST-UNKNOWN,4K Monitor,Electronics,1,350.0,South,Consumer,Credit Card,350.0
TX-13332,2024-08-25,CUST-0397,Noise-Cancelling Headphones,Electronics,2,250.0,West,Consumer,Cash,500.0
TX-11560,2024-09-09,CUST-0158,Mechanical Keyboard,Accessories,4,83.99,North,Corporate,Bank Transfer,335.96
TX-10039,2024-08-23,CUST-0311,Standing Desk,Office Supplies,5,450.0,East,Corporate,Bank Transfer,2250.0
TX-11486,2025-11-13,CUST-0050,4K Monitor,Electronics,2,350.0,West,Consumer,Credit Card,700.0
TX-13939,2025-01-10,CUST-0140,Smartwatch,Electronics,3,200.0,North,Small Business,Cash,600.0
TX-10169,2025-04-15,CUST-0273,Whiteboard,Office Supplies,3,79.99,East,Consumer,Bank Transfer,239.96999999999997
TX-11355,2024-04-18,CUST-0067,Noise-Cancelling Headphones,Electronics,4,250.0,North,Small Business,Cash,1000.0
TX-12785,2024-01-31,CUST-0108,Laptop Sleeve,Accessories,7,29.99,West,Corporate,Cash,209.92999999999998
TX-13686,2025-11-21,CUST-0310,Premium Tablet,Electronics,6,600.0,South,Corporate,PayPal,3600.0
TX-14777,2025-09-03,CUST-0035,Gel Pens 12-Pack,Office Supplies,3,12.99,South,Small Business,Credit Card,38.97
TX-14821,2024-11-10,CUST-0384,Standing Desk,Office Supplies,3,450.0,South,Corporate,Credit Card,1350.0
TX-12682,2025-04-08,CUST-0255,Premium Notebook,Office Supplies,4,15.5,South,Corporate,PayPal,62.0
TX-14732,2025-10-12,CUST-0200,Laptop Sleeve,Accessories,1,26.99,South,Small Business,PayPal,26.99
TX-14082,2025-10-05,CUST-0003,4K Monitor,Electronics,2,350.0,South,Consumer,Bank Transfer,700.0
TX-11640,2025-01-07,CUST-0370,Laptop Sleeve,Accessories,8,29.99,South,Corporate,Cash,239.92
TX-11290,2025-01-24,CUST-0032,Gel Pens 12-Pack,Office Supplies,9,10.65,East,Corporate,PayPal,95.85000000000001
TX-11380,2025-12-02,CUST-0077,USB-C Multi-Hub,Accessories,2,39.99,South,Consumer,Bank Transfer,79.98
TX-11933,2025-12-15,CUST-0090,Premium Notebook,Office Supplies,3,15.5,West,Consumer,Credit Card,46.5
TX-10579,2024-06-20,CUST-0142,Wireless Mouse,Accessories,4,46.99,South,Consumer,PayPal,187.96
TX-14245,2025-01-30,CUST-0003,Standing Desk,Office Supplies,2,450.0,South,Consumer,Cash,900.0
TX-13160,2025-12-03,CUST-0064,Whiteboard,Office Supplies,4,79.99,West,Small Business,Credit Card,319.96
TX-12030,2024-04-12,CUST-0020,Wireless Mouse,Accessories,2,49.99,East,Corporate,Credit Card,99.98
TX-10892,2024-06-23,CUST-0061,4K Monitor,Electronics,4,350.0,West,Small Business,Cash,1400.0
TX-14008,2025-10-15,CUST-0058,USB-C Multi-Hub,Accessories,4,39.99,North,Consumer,PayPal,159.96
TX-10780,2025-12-08,CUST-0017,Gel Pens 12-Pack,Office Supplies,6,12.99,South,Corporate,PayPal,77.94
TX-10159,2025-02-07,CUST-0192,Whiteboard,Office Supplies,7,69.59,North,Corporate,PayPal,487.13
TX-10002,2025-08-25,CUST-0220,Whiteboard,Office Supplies,2,79.99,West,Corporate,Credit Card,159.98
TX-12263,2025-04-03,CUST-0163,Pro Laptop,Electronics,6,1200.0,South,Corporate,PayPal,7200.0
TX-13216,2025-12-01,CUST-0143,Gel Pens 12-Pack,Office Supplies,4,12.99,North,Consumer,Bank Transfer,51.96
TX-12109,2024-01-17,CUST-UNKNOWN,Pro Laptop,Electronics,4,1200.0,North,Corporate,PayPal,4800.0
TX-10849,2025-05-14,CUST-0392,4K Monitor,Electronics,4,350.0,North,Small Business,Cash,1400.0
TX-12737,2024-11-08,CUST-0277,Mechanical Keyboard,Accessories,4,99.99,West,Consumer,Bank Transfer,399.96
TX-12466,2025-07-27,CUST-0370,Ergonomic Chair,Office Supplies,2,299.99,South,Corporate,Credit Card,599.98
TX-13750,2025-01-10,CUST-0040,Mechanical Keyboard,Accessories,2,99.99,West,Corporate,PayPal,199.98
TX-13704,2024-10-11,CUST-UNKNOWN,USB-C Multi-Hub,Accessories,4,39.99,North,Small Business,Cash,159.96
TX-11596,2025-06-28,CUST-0128,Pro Laptop,Electronics,10,1116.0,West,Corporate,Credit Card,11160.0
TX-11776,2024-11-15,CUST-0056,Standing Desk,Office Supplies,2,450.0,South,Consumer,Credit Card,900.0
TX-11913,2025-05-21,CUST-0346,Desk Mat,Accessories,3,22.75,East,Small Business,Cash,68.25
TX-11043,2025-04-26,CUST-0315,Premium Tablet,Electronics,4,600.0,North,Small Business,Bank Transfer,2400.0
TX-14741,2025-03-12,CUST-0328,Wireless Mouse,Accessories,2,49.99,North,Consumer,Cash,99.98
TX-11544,2025-04-22,CUST-0395,USB-C Multi-Hub,Accessories,4,39.99,East,Consumer,PayPal,159.96
TX-12736,2024-01-01,CUST-0285,Laptop Sleeve,Accessories,2,29.99,South,Consumer,Credit Card,59.98
TX-13760,2024-02-23,CUST-0301,Wireless Mouse,Accessories,2,49.99,West,Small Business,Credit Card,99.98
TX-14644,2025-12-11,CUST-0142,Smartwatch,Electronics,1,200.0,South,Consumer,Credit Card,200.0
TX-10053,2024-07-13,CUST-0233,Premium Tablet,Electronics,2,600.0,South,Corporate,Credit Card,1200.0
TX-11796,2024-09-19,CUST-0349,Desk Mat,Accessories,6,25.0,East,Corporate,Bank Transfer,150.0
TX-13588,2025-08-27,CUST-0277,Premium Tablet,Electronics,4,600.0,West,Consumer,Cash,2400.0
TX-11911,2025-01-17,CUST-0338,Whiteboard,Office Supplies,2,79.99,South,Consumer,Bank Transfer,159.98
TX-12306,2025-10-20,CUST-0399,Laptop Sleeve,Accessories,3,27.59,West,Consumer,Credit Card,82.77
TX-12553,2025-08-31,CUST-0317,4K Monitor,Electronics,4,350.0,South,Small Business,PayPal,1400.0
TX-12800,2025-03-16,CUST-0325,Gel Pens 12-Pack,Office Supplies,5,12.99,South,Corporate,Credit Card,64.95
TX-10936,2025-08-06,CUST-0201,Noise-Cancelling Headphones,Electronics,2,250.0,East,Corporate,Credit Card,500.0
TX-14152,2025-11-30,CUST-0292,Whiteboard,Office Supplies,9,79.99,West,Corporate,Credit Card,719.91
TX-10824,2024-01-30,CUST-0382,Premium Tablet,Electronics,2,600.0,East,Consumer,PayPal,1200.0
TX-14762,2025-09-29,CUST-0329,Premium Tablet,Electronics,2,600.0,East,Consumer,PayPal,1200.0
TX-13178,2025-11-29,CUST-0208,Premium Notebook,Office Supplies,1,15.5,East,Consumer,PayPal,15.5
TX-13401,2025-02-23,CUST-0148,Mechanical Keyboard,Accessories,1,86.99,South,Small Business,PayPal,86.99
TX-11389,2025-01-19,CUST-0224,Premium Tablet,Electronics,4,600.0,North,Small Business,Bank Transfer,2400.0
TX-13564,2025-10-26,CUST-0374,Whiteboard,Office Supplies,7,79.99,West,Corporate,Credit Card,559.93
TX-14906,2024-05-14,CUST-0273,Laptop Sleeve,Accessories,2,29.99,East,Consumer,Credit Card,59.98
TX-10884,2024-04-12,CUST-0083,USB-C Multi-Hub,Accessories,1,39.99,South,Consumer,Bank Transfer,39.99
TX-13859,2025-08-04,CUST-0212,Ergonomic Chair,Office Supplies,6,248.99,North,Corporate,Credit Card,1493.94
TX-11607,2025-12-30,CUST-0236,Desk Mat,Accessories,3,25.0,South,Consumer,Cash,75.0
TX-11594,2025-11-22,CUST-0278,Standing Desk,Office Supplies,3,450.0,East,Consumer,Bank Transfer,1350.0
TX-10771,2024-08-13,CUST-0152,Mechanical Keyboard,Accessories,2,81.99,South,Small Business,PayPal,163.98
TX-12611,2024-09-06,CUST-0385,Desk Mat,Accessories,8,25.0,South,Corporate,Cash,200.0
TX-13910,2024-12-25,CUST-0237,4K Monitor,Electronics,4,297.5,West,Small Business,PayPal,1190.0
TX-12273,2025-03-14,CUST-0171,Premium Tablet,Electronics,1,498.0,North,Small Business,Credit Card,498.0
TX-11868,2025-04-26,CUST-0161,Wireless Mouse,Accessories,4,49.99,East,Consumer,PayPal,199.96
TX-11085,2024-09-01,CUST-0009,Ergonomic Chair,Office Supplies,1,299.99,North,Small Business,Bank Transfer,299.99
TX-10010,2024-06-28,CUST-0241,Desk Mat,Accessories,6,25.0,North,Corporate,PayPal,150.0
TX-13665,2025-09-17,CUST-0310,Pro Laptop,Electronics,9,1200.0,South,Corporate,Cash,10800.0
TX-11325,2025-07-02,CUST-0012,Laptop Sleeve,Accessories,2,29.99,West,Small Business,PayPal,59.98
TX-13390,2025-04-28,CUST-0209,Premium Tablet,Electronics,1,600.0,South,Consumer,Credit Card,600.0
TX-11463,2024-01-27,CUST-0109,Whiteboard,Office Supplies,3,79.99,South,Consumer,PayPal,239.96999999999997
TX-10806,2025-03-13,CUST-0190,Premium Notebook,Office Supplies,1,15.5,South,Consumer,Bank Transfer,15.5
TX-13789,2025-05-08,CUST-0302,Gel Pens 12-Pack,Office Supplies,3,12.99,South,Corporate,Credit Card,38.97
TX-14372,2025-09-29,CUST-0146,USB-C Multi-Hub,Accessories,9,39.99,South,Corporate,Cash,359.91
TX-13825,2024-03-25,CUST-0342,Laptop Sleeve,Accessories,1,29.99,East,Small Business,Credit Card,29.99
TX-12108,2024-09-03,CUST-0273,Gel Pens 12-Pack,Office Supplies,2,12.99,East,Consumer,Cash,25.98
TX-14388,2025-02-25,CUST-0373,Premium Tablet,Electronics,10,600.0,East,Corporate,Cash,6000.0
TX-14986,2024-03-10,CUST-0274,Noise-Cancelling Headphones,Electronics,4,250.0,South,Small Business,Credit Card,1000.0
TX-12234,2025-04-12,CUST-0021,Laptop Sleeve,Accessories,3,29.99,East,Consumer,PayPal,89.97
TX-13211,2025-01-13,CUST-0206,Gel Pens 12-Pack,Office Supplies,3,11.04,South,Consumer,Cash,33.12
TX-10963,2025-07-07,CUST-0146,Pro Laptop,Electronics,10,1200.0,South,Corporate,Bank Transfer,12000.0
TX-13415,2025-11-22,CUST-UNKNOWN,Premium Tablet,Electronics,3,600.0,West,Consumer,Credit Card,1800.0
TX-13807,2025-03-22,CUST-0058,Desk Mat,Accessories,4,25.0,North,Consumer,Cash,100.0
TX-10398,2025-11-04,CUST-0093,Ergonomic Chair,Office Supplies,9,299.99,East,Corporate,PayPal,2699.91
TX-12632,2025-04-06,CUST-0295,Gel Pens 12-Pack,Office Supplies,3,12.99,West,Small Business,Credit Card,38.97
TX-14880,2025-10-18,CUST-0055,Whiteboard,Office Supplies,6,73.59,West,Corporate,Credit Card,441.54
TX-12996,2024-08-25,CUST-0066,Premium Notebook,Office Supplies,4,12.71,North,Small Business,Bank Transfer,50.84
TX-10704,2024-02-01,CUST-0121,Whiteboard,Office Supplies,4,79.99,West,Consumer,Bank Transfer,319.96
TX-10431,2025-11-16,CUST-0353,Laptop Sleeve,Accessories,3,29.99,West,Corporate,Cash,89.97
TX-10292,2024-05-03,CUST-0217,Mechanical Keyboard,Accessories,4,99.99,South,Small Business,Credit Card,399.96
TX-14896,2024-08-24,CUST-0355,USB-C Multi-Hub,Accessories,2,39.99,East,Consumer,Bank Transfer,79.98
TX-10145,2025-08-17,CUST-0338,Laptop Sleeve,Accessories,3,29.99,East,Consumer,Credit Card,89.97
TX-14558,2024-08-17,CUST-0172,Whiteboard,Office Supplies,2,79.99,South,Corporate,Bank Transfer,159.98
TX-12033,2024-09-23,CUST-0081,Laptop Sleeve,Accessories,1,29.99,North,Consumer,Cash,29.99
TX-14231,2025-11-23,CUST-0003,USB-C Multi-Hub,Accessories,3,39.99,South,Consumer,Cash,119.97
TX-11165,2025-07-11,CUST-0088,Ergonomic Chair,Office Supplies,2,242.99,West,Small Business,Bank Transfer,485.98
TX-13500,2025-12-09,CUST-0241,4K Monitor,Electronics,8,350.0,North,Corporate,Credit Card,2800.0
TX-12050,2025-09-15,CUST-0293,Noise-Cancelling Headphones,Electronics,5,250.0,North,Corporate,Cash,1250.0
TX-12624,2025-04-20,CUST-0057,Laptop Sleeve,Accessories,3,29.99,West,Consumer,PayPal,89.97
TX-14404,2024-02-10,CUST-0117,Ergonomic Chair,Office Supplies,4,278.99,East,Consumer,Bank Transfer,1115.96
TX-10339,2025-05-11,CUST-0290,USB-C Multi-Hub,Accessories,8,35.99,West,Corporate,Bank Transfer,287.92
TX-13935,2025-08-14,CUST-0201,Premium Notebook,Office Supplies,3,14.26,East,Corporate,Cash,42.78
TX-13783,2024-01-24,CUST-0132,4K Monitor,Electronics,10,350.0,North,Corporate,Bank Transfer,3500.0
TX-12973,2024-11-28,CUST-0081,Whiteboard,Office Supplies,3,79.99,North,Consumer,Credit Card,239.96999999999997
TX-10265,2025-07-03,CUST-0096,Premium Notebook,Office Supplies,5,13.17,North,Corporate,Cash,65.85
TX-12424,2025-06-01,CUST-0035,Premium Notebook,Office Supplies,2,15.5,South,Small Business,Bank Transfer,31.0
TX-11262,2025-11-27,CUST-0233,USB-C Multi-Hub,Accessories,10,39.99,South,Corporate,Bank Transfer,399.90000000000003
TX-11771,2024-04-06,CUST-0011,Wireless Mouse,Accessories,1,47.49,West,Consumer,Bank Transfer,47.49
TX-13511,2025-07-23,CUST-0105,Noise-Cancelling Headphones,Electronics,3,250.0,West,Consumer,PayPal,750.0
TX-10271,2025-01-02,CUST-0005,Standing Desk,Office Supplies,2,450.0,North,Small Business,Cash,900.0
TX-10696,2025-12-29,CUST-0250,4K Monitor,Electronics,4,350.0,East,Consumer,Bank Transfer,1400.0
TX-10747,2024-02-13,CUST-0208,Premium Tablet,Electronics,4,600.0,East,Consumer,PayPal,2400.0
TX-10244,2024-11-02,CUST-0129,Smartwatch,Electronics,2,180.0,West,Consumer,Cash,360.0
TX-10317,2024-02-17,CUST-0036,Premium Notebook,Office Supplies,3,13.64,East,Small Business,Bank Transfer,40.92
TX-10476,2025-03-24,CUST-0196,Ergonomic Chair,Office Supplies,3,299.99,West,Small Business,PayPal,899.97
TX-12032,2025-09-22,CUST-0270,4K Monitor,Electronics,3,301.0,West,Small Business,PayPal,903.0
TX-10957,2025-02-15,CUST-0085,Ergonomic Chair,Office Supplies,4,299.99,North,Consumer,Credit Card,1199.96
TX-13871,2025-07-03,CUST-0399,Gel Pens 12-Pack,Office Supplies,1,12.99,West,Consumer,Bank Transfer,12.99
TX-10813,2024-10-21,CUST-0252,Mechanical Keyboard,Accessories,1,99.99,East,Consumer,Credit Card,99.99
TX-14196,2024-06-26,CUST-0214,Pro Laptop,Electronics,2,1200.0,West,Small Business,PayPal,2400.0
TX-11914,2024-05-20,CUST-0171,Gel Pens 12-Pack,Office Supplies,4,12.99,North,Small Business,PayPal,51.96
TX-14629,2024-12-12,CUST-0391,Whiteboard,Office Supplies,3,79.99,West,Consumer,Credit Card,239.96999999999997
TX-13487,2025-07-06,CUST-0179,Premium Notebook,Office Supplies,9,15.5,West,Corporate,PayPal,139.5
TX-11297,2024-05-31,CUST-0256,Ergonomic Chair,Office Supplies,8,299.99,North,Corporate,Bank Transfer,2399.92
TX-14087,2025-03-01,CUST-0300,Standing Desk,Office Supplies,3,450.0,East,Small Business,Bank Transfer,1350.0
TX-11804,2025-11-04,CUST-0013,Ergonomic Chair,Office Supplies,2,299.99,East,Consumer,Bank Transfer,599.98
TX-10758,2025-02-25,CUST-0123,4K Monitor,Electronics,1,350.0,South,Consumer,PayPal,350.0
TX-10250,2025-12-10,CUST-0345,Standing Desk,Office Supplies,3,450.0,South,Small Business,PayPal,1350.0
TX-12461,2025-01-10,CUST-0137,Pro Laptop,Electronics,3,1200.0,South,Consumer,Bank Transfer,3600.0
TX-10545,2025-08-12,CUST-0352,Pro Laptop,Electronics,6,1200.0,South,Corporate,PayPal,7200.0
TX-13241,2025-07-15,CUST-0193,Laptop Sleeve,Accessories,3,29.99,South,Small Business,PayPal,89.97
TX-10738,2024-01-01,CUST-0020,Desk Mat,Accessories,6,25.0,East,Corporate,PayPal,150.0
TX-10310,2024-10-02,CUST-0061,Noise-Cancelling Headphones,Electronics,4,250.0,West,Small Business,Bank Transfer,1000.0
TX-13834,2025-12-11,CUST-0178,Noise-Cancelling Headphones,Electronics,4,235.0,North,Consumer,Cash,940.0
TX-12941,2025-01-13,CUST-0396,Gel Pens 12-Pack,Office Supplies,9,11.69,North,Corporate,Cash,105.21
TX-11131,2024-11-29,CUST-0120,Desk Mat,Accessories,4,25.0,South,Consumer,Credit Card,100.0
TX-11449,2025-11-25,CUST-0274,Gel Pens 12-Pack,Office Supplies,3,12.99,East,Small Business,PayPal,38.97
TX-14949,2025-12-23,CUST-0175,Gel Pens 12-Pack,Office Supplies,1,12.99,East,Consumer,Credit Card,12.99
TX-10015,2025-09-29,CUST-0388,Gel Pens 12-Pack,Office Supplies,1,12.99,North,Consumer,PayPal,12.99
TX-13232,2025-11-24,CUST-0300,Laptop Sleeve,Accessories,3,29.99,East,Small Business,PayPal,89.97
TX-12769,2024-11-09,CUST-0109,Standing Desk,Office Supplies,4,391.5,South,Consumer,Credit Card,1566.0
TX-13468,2024-06-04,CUST-0014,4K Monitor,Electronics,3,290.5,South,Small Business,Bank Transfer,871.5
TX-10920,2025-01-12,CUST-0223,Desk Mat,Accessories,3,25.0,South,Corporate,Credit Card,75.0
TX-13029,2024-07-20,CUST-0238,Gel Pens 12-Pack,Office Supplies,3,12.99,West,Small Business,Cash,38.97
TX-11372,2024-06-20,CUST-0387,Pro Laptop,Electronics,3,1200.0,South,Corporate,Bank Transfer,3600.0
TX-13587,2025-05-20,CUST-0031,Premium Notebook,Office Supplies,2,15.5,North,Corporate,Bank Transfer,31.0
TX-12544,2025-03-05,CUST-0250,4K Monitor,Electronics,1,350.0,East,Consumer,Bank Transfer,350.0
TX-13598,2024-12-13,CUST-0232,Premium Tablet,Electronics,1,516.0,East,Small Business,Cash,516.0
TX-10038,2025-08-02,CUST-0399,Wireless Mouse,Accessories,4,49.99,West,Consumer,Bank Transfer,199.96
TX-10363,2025-10-15,CUST-0042,Ergonomic Chair,Office Supplies,3,299.99,South,Small Business,Cash,899.97
TX-14126,2024-11-06,CUST-0394,Standing Desk,Office Supplies,4,450.0,West,Corporate,Cash,1800.0
TX-10182,2024-12-04,CUST-0332,Standing Desk,Office Supplies,1,450.0,South,Consumer,Bank Transfer,450.0
TX-13033,2024-07-06,CUST-0087,Whiteboard,Office Supplies,2,79.99,South,Consumer,Cash,159.98
TX-12983,2025-08-09,CUST-0300,Premium Tablet,Electronics,2,600.0,East,Small Business,Bank Transfer,1200.0
TX-11194,2025-09-22,CUST-0236,Premium Notebook,Office Supplies,3,12.71,South,Consumer,Credit Card,38.13
TX-12852,2025-07-03,CUST-0298,Premium Tablet,Electronics,8,600.0,West,Corporate,Cash,4800.0
TX-13820,2025-11-30,CUST-0022,Pro Laptop,Electronics,3,1200.0,West,Small Business,Bank Transfer,3600.0
TX-11121,2025-04-06,CUST-UNKNOWN,Premium Tablet,Electronics,1,600.0,South,Consumer,PayPal,600.0
TX-12235,2025-09-15,CUST-0278,Whiteboard,Office Supplies,1,64.79,East,Consumer,PayPal,64.79
TX-12667,2025-08-21,CUST-0353,Gel Pens 12-Pack,Office Supplies,8,12.99,West,Corporate,Bank Transfer,103.92
TX-13753,2025-09-08,CUST-0168,Whiteboard,Office Supplies,1,79.99,East,Small Business,Bank Transfer,79.99
TX-13223,2024-02-12,CUST-0374,Smartwatch,Electronics,2,200.0,West,Corporate,PayPal,400.0
TX-11182,2025-06-17,CUST-0368,Noise-Cancelling Headphones,Electronics,1,250.0,East,Consumer,Bank Transfer,250.0
TX-14209,2025-12-04,CUST-0363,Desk Mat,Accessories,6,25.0,West,Corporate,Credit Card,150.0
TX-14319,2024-03-12,CUST-0344,Premium Tablet,Electronics,7,600.0,South,Corporate,Cash,4200.0
TX-10614,2024-07-19,CUST-0288,Laptop Sleeve,Accessories,5,24.89,West,Corporate,PayPal,124.45
TX-14938,2024-03-29,CUST-0028,Gel Pens 12-Pack,Office Supplies,4,12.99,North,Consumer,PayPal,51.96
TX-11466,2025-06-24,CUST-0027,Desk Mat,Accessories,4,25.0,South,Small Business,Bank Transfer,100.0
TX-10401,2025-04-26,CUST-0325,Laptop Sleeve,Accessories,3,29.99,South,Corporate,Cash,89.97
TX-13042,2024-02-21,CUST-0157,Gel Pens 12-Pack,Office Supplies,1,12.99,East,Consumer,Bank Transfer,12.99
TX-10934,2025-04-19,CUST-0217,Pro Laptop,Electronics,2,1200.0,South,Small Business,PayPal,2400.0
TX-12419,2025-05-01,CUST-0182,Wireless Mouse,Accessories,1,49.99,East,Consumer,Credit Card,49.99
TX-14086,2024-04-23,CUST-0342,Wireless Mouse,Accessories,1,49.99,East,Small Business,Bank Transfer,49.99
TX-14540,2024-08-05,CUST-0258,Whiteboard,Office Supplies,2,79.99,South,Small Business,Cash,159.98
TX-12641,2024-07-27,CUST-0237,Gel Pens 12-Pack,Office Supplies,3,11.17,West,Small Business,Cash,33.51
TX-14074,2025-05-22,CUST-0368,Mechanical Keyboard,Accessories,2,99.99,East,Consumer,Bank Transfer,199.98
TX-10726,2025-10-29,CUST-0172,Premium Notebook,Office Supplies,3,15.5,South,Corporate,Bank Transfer,46.5
TX-10826,2025-03-17,CUST-0022,Pro Laptop,Electronics,3,1200.0,West,Small Business,Credit Card,3600.0
TX-11521,2025-04-29,CUST-0268,Laptop Sleeve,Accessories,2,29.99,West,Small Business,Credit Card,59.98
TX-14773,2024-03-28,CUST-0379,Pro Laptop,Electronics,2,1200.0,South,Consumer,PayPal,2400.0
TX-12930,2024-06-09,CUST-0109,Wireless Mouse,Accessories,2,49.99,South,Consumer,PayPal,99.98
TX-10136,2025-11-29,CUST-0342,Ergonomic Chair,Office Supplies,3,299.99,East,Small Business,Bank Transfer,899.97
TX-13590,2024-12-18,CUST-0047,USB-C Multi-Hub,Accessories,2,34.39,South,Small Business,Credit Card,68.78
TX-10628,2024-12-29,CUST-0257,Ergonomic Chair,Office Supplies,3,299.99,West,Small Business,Cash,899.97
TX-10334,2024-02-21,CUST-0087,Desk Mat,Accessories,4,21.25,South,Consumer,Cash,85.0
TX-10390,2025-01-20,CUST-0179,Premium Notebook,Office Supplies,5,15.5,West,Corporate,Cash,77.5
TX-14884,2025-01-04,CUST-0151,Noise-Cancelling Headphones,Electronics,4,250.0,East,Corporate,Bank Transfer,1000.0
TX-14905,2024-03-22,CUST-0063,Noise-Cancelling Headphones,Electronics,1,250.0,West,Small Business,PayPal,250.0
TX-13887,2024-09-09,CUST-0035,Mechanical Keyboard,Accessories,4,99.99,South,Small Business,PayPal,399.96
TX-11817,2024-11-03,CUST-0320,Ergonomic Chair,Office Supplies,2,299.99,South,Consumer,PayPal,599.98
TX-10400,2024-11-10,CUST-0191,Whiteboard,Office Supplies,6,79.99,East,Corporate,Cash,479.93999999999994
TX-10710,2025-08-14,CUST-0256,Mechanical Keyboard,Accessories,10,99.99,North,Corporate,Bank Transfer,999.9
TX-11039,2024-11-08,CUST-0190,Standing Desk,Office Supplies,4,369.0,South,Consumer,Credit Card,1476.0
TX-14046,2024-12-16,CUST-0358,Mechanical Keyboard,Accessories,4,99.99,East,Corporate,Bank Transfer,399.96
TX-13359,2024-08-08,CUST-0244,Desk Mat,Accessories,9,25.0,East,Corporate,PayPal,225.0
TX-10046,2025-10-15,CUST-0056,Mechanical Keyboard,Accessories,4,99.99,South,Consumer,Credit Card,399.96
TX-11561,2024-07-01,CUST-0143,4K Monitor,Electronics,3,350.0,North,Consumer,Cash,1050.0
TX-14828,2025-07-11,CUST-0045,Ergonomic Chair,Office Supplies,4,299.99,East,Corporate,Bank Transfer,1199.96
TX-13642,2025-06-22,CUST-0373,USB-C Multi-Hub,Accessories,9,39.99,East,Corporate,Bank Transfer,359.91
TX-13726,2025-05-06,CUST-0216,Premium Notebook,Office Supplies,3,15.5,North,Corporate,Bank Transfer,46.5
TX-14872,2024-11-18,CUST-0344,Premium Tablet,Electronics,3,600.0,South,Corporate,Credit Card,1800.0
TX-11112,2025-10-28,CUST-0218,Mechanical Keyboard,Accessories,2,82.99,East,Consumer,Cash,165.98
TX-12513,2024-03-12,CUST-0008,Wireless Mouse,Accessories,1,49.99,South,Consumer,Cash,49.99
TX-13608,2025-04-15,CUST-0348,Premium Notebook,Office Supplies,1,15.5,West,Small Business,PayPal,15.5
TX-11223,2024-10-05,CUST-0112,Wireless Mouse,Accessories,10,49.99,West,Corporate,Cash,499.90000000000003
TX-14886,2024-10-07,CUST-0136,Mechanical Keyboard,Accessories,2,99.99,South,Corporate,Bank Transfer,199.98
TX-13023,2024-11-24,CUST-0351,Desk Mat,Accessories,2,25.0,East,Corporate,Cash,50.0
TX-12421,2024-08-23,CUST-0167,Laptop Sleeve,Accessories,2,29.99,North,Small Business,Bank Transfer,59.98
TX-11508,2025-06-15,CUST-0275,Premium Tablet,Electronics,4,600.0,West,Small Business,PayPal,2400.0
TX-11750,2025-12-13,CUST-0307,Desk Mat,Accessories,3,25.0,West,Consumer,PayPal,75.0
TX-14866,2025-08-10,CUST-0240,Noise-Cancelling Headphones,Electronics,10,202.5,East,Corporate,Credit Card,2025.0
TX-14121,2024-10-24,CUST-0077,Pro Laptop,Electronics,4,1032.0,South,Consumer,PayPal,4128.0
TX-11799,2024-04-21,CUST-UNKNOWN,Standing Desk,Office Supplies,3,450.0,East,Corporate,Credit Card,1350.0
TX-10338,2025-06-22,CUST-0279,Smartwatch,Electronics,7,200.0,East,Corporate,Cash,1400.0
TX-10215,2025-01-02,CUST-0158,Premium Notebook,Office Supplies,10,15.5,North,Corporate,Cash,155.0
TX-13663,2025-04-26,CUST-0267,USB-C Multi-Hub,Accessories,1,39.99,West,Consumer,Cash,39.99
TX-11341,2025-08-12,CUST-0003,Premium Notebook,Office Supplies,2,13.48,South,Consumer,Cash,26.96
TX-10011,2025-03-22,CUST-0252,Smartwatch,Electronics,3,200.0,East,Consumer,Cash,600.0
TX-11520,2025-05-16,CUST-0304,Pro Laptop,Electronics,4,1200.0,North,Corporate,Cash,4800.0
TX-13640,2024-10-14,CUST-0266,Pro Laptop,Electronics,1,1200.0,South,Consumer,Credit Card,1200.0
TX-14952,2024-09-08,CUST-0208,Standing Desk,Office Supplies,2,450.0,East,Consumer,Bank Transfer,900.0
TX-13829,2025-05-02,CUST-0140,Gel Pens 12-Pack,Office Supplies,4,12.99,North,Small Business,Bank Transfer,51.96
TX-13004,2025-05-28,CUST-0280,Noise-Cancelling Headphones,Electronics,3,250.0,East,Small Business,Credit Card,750.0
TX-12864,2024-09-11,CUST-0150,Desk Mat,Accessories,9,25.0,North,Corporate,PayPal,225.0
TX-13115,2025-12-28,CUST-0337,Smartwatch,Electronics,3,188.0,West,Small Business,Cash,564.0
TX-14869,2024-06-19,CUST-0238,Whiteboard,Office Supplies,3,72.79,West,Small Business,Cash,218.37
TX-12322,2024-05-13,CUST-0109,Noise-Cancelling Headphones,Electronics,1,200.0,South,Consumer,PayPal,200.0
TX-12571,2025-11-28,CUST-0016,Wireless Mouse,Accessories,4,49.99,East,Consumer,Bank Transfer,199.96
TX-12913,2024-02-03,CUST-0108,Gel Pens 12-Pack,Office Supplies,3,11.04,West,Corporate,PayPal,33.12
TX-10101,2025-05-12,CUST-0099,Premium Tablet,Electronics,2,600.0,South,Consumer,Credit Card,1200.0
TX-13549,2024-06-02,CUST-0007,4K Monitor,Electronics,4,350.0,North,Consumer,Credit Card,1400.0
TX-11458,2024-03-03,CUST-0133,Ergonomic Chair,Office Supplies,7,299.99,East,Corporate,Credit Card,2099.9300000000003
TX-10171,2024-10-31,CUST-0361,Smartwatch,Electronics,3,200.0,South,Consumer,Cash,600.0
TX-10107,2025-01-26,CUST-UNKNOWN,Premium Tablet,Electronics,2,528.0,East,Consumer,Bank Transfer,1056.0
TX-14221,2024-03-09,CUST-0293,Pro Laptop,Electronics,9,1200.0,North,Corporate,Credit Card,10800.0
TX-13569,2025-12-03,CUST-0015,Smartwatch,Electronics,4,200.0,West,Corporate,Bank Transfer,800.0
TX-14321,2025-12-29,CUST-0036,Ergonomic Chair,Office Supplies,1,299.99,East,Small Business,PayPal,299.99
TX-10024,2024-08-27,CUST-0398,Ergonomic Chair,Office Supplies,7,299.99,North,Corporate,Cash,2099.9300000000003
TX-13917,2025-03-30,CUST-0044,Smartwatch,Electronics,2,174.0,South,Consumer,Bank Transfer,348.0
TX-14147,2025-03-18,CUST-0035,Standing Desk,Office Supplies,2,450.0,South,Small Business,PayPal,900.0
TX-10938,2025-05-12,CUST-0263,Laptop Sleeve,Accessories,4,29.99,West,Consumer,PayPal,119.96
TX-10060,2024-02-14,CUST-0373,Laptop Sleeve,Accessories,6,29.99,East,Corporate,Cash,179.94
TX-11240,2024-05-06,CUST-0011,Pro Laptop,Electronics,3,1200.0,West,Consumer,Credit Card,3600.0
TX-14664,2024-11-05,CUST-0291,Noise-Cancelling Headphones,Electronics,4,250.0,North,Small Business,Cash,1000.0
TX-11040,2024-05-13,CUST-0098,4K Monitor,Electronics,4,350.0,South,Small Business,Bank Transfer,1400.0
TX-14212,2025-10-18,CUST-0242,USB-C Multi-Hub,Accessories,1,39.99,East,Consumer,PayPal,39.99
TX-12760,2025-10-14,CUST-0307,Noise-Cancelling Headphones,Electronics,4,250.0,West,Consumer,Cash,1000.0
TX-12120,2025-09-25,CUST-0069,Pro Laptop,Electronics,2,1200.0,East,Consumer,Bank Transfer,2400.0
TX-11524,2024-11-16,CUST-0237,Desk Mat,Accessories,1,25.0,West,Small Business,Credit Card,25.0
TX-13521,2024-02-08,CUST-0302,4K Monitor,Electronics,5,350.0,South,Corporate,Credit Card,1750.0
TX-10153,2025-06-11,CUST-0240,Premium Notebook,Office Supplies,9,13.79,East,Corporate,Credit Card,124.10999999999999
TX-12248,2024-06-29,CUST-0176,Premium Notebook,Office Supplies,3,15.5,East,Small Business,PayPal,46.5
TX-10481,2025-08-03,CUST-0385,Desk Mat,Accessories,10,25.0,South,Corporate,Credit Card,250.0
TX-14258,2025-06-14,CUST-0162,Pro Laptop,Electronics,4,1116.0,East,Consumer,Credit Card,4464.0
TX-14331,2025-02-10,CUST-0204,Laptop Sleeve,Accessories,3,29.99,North,Corporate,PayPal,89.97
TX-13578,2025-09-10,CUST-0321,4K Monitor,Electronics,2,308.0,North,Small Business,Bank Transfer,616.0
TX-14150,2025-04-04,CUST-0304,Mechanical Keyboard,Accessories,2,99.99,North,Corporate,Bank Transfer,199.98
TX-13562,2024-01-31,CUST-0340,Gel Pens 12-Pack,Office Supplies,7,11.3,West,Corporate,Cash,79.10000000000001
TX-13315,2024-02-24,CUST-0281,Wireless Mouse,Accessories,2,49.99,North,Consumer,Cash,99.98
TX-11762,2025-12-24,CUST-0182,Noise-Cancelling Headphones,Electronics,3,250.0,South,Consumer,Credit Card,750.0
TX-13538,2025-09-08,CUST-0347,Laptop Sleeve,Accessories,2,29.99,West,Corporate,Cash,59.98
TX-14832,2024-07-28,CUST-0067,Pro Laptop,Electronics,4,1128.0,North,Small Business,Bank Transfer,4512.0
TX-10750,2024-11-10,CUST-0313,4K Monitor,Electronics,3,301.0,West,Corporate,Credit Card,903.0
TX-13619,2025-11-18,CUST-UNKNOWN,Ergonomic Chair,Office Supplies,4,299.99,East,Corporate,PayPal,1199.96
TX-11785,2024-11-10,CUST-0293,Mechanical Keyboard,Accessories,7,99.99,North,Corporate,Credit Card,699.93
TX-14296,2025-09-18,CUST-0292,Premium Notebook,Office Supplies,2,15.5,West,Corporate,Bank Transfer,31.0
TX-13383,2025-11-10,CUST-0107,Premium Notebook,Office Supplies,3,15.5,West,Consumer,PayPal,46.5
TX-14163,2025-10-19,CUST-0159,Ergonomic Chair,Office Supplies,1,299.99,North,Consumer,Cash,299.99
TX-10405,2024-02-29,CUST-0003,Premium Notebook,Office Supplies,2,15.5,South,Consumer,PayPal,31.0
TX-10757,2025-05-02,CUST-0355,Premium Tablet,Electronics,2,600.0,East,Consumer,Bank Transfer,1200.0
TX-12711,2025-07-09,CUST-0385,Standing Desk,Office Supplies,8,396.0,South,Corporate,Cash,3168.0
TX-12670,2024-02-18,CUST-0235,Wireless Mouse,Accessories,2,49.99,East,Small Business,Bank Transfer,99.98
TX-14040,2024-05-04,CUST-0063,Mechanical Keyboard,Accessories,4,99.99,West,Small Business,Credit Card,399.96
TX-10097,2025-11-25,CUST-0130,Laptop Sleeve,Accessories,2,25.49,West,Consumer,Bank Transfer,50.98
TX-11333,2024-02-04,CUST-0130,Desk Mat,Accessories,3,25.0,West,Consumer,Bank Transfer,75.0
TX-14477,2024-05-14,CUST-0343,Mechanical Keyboard,Accessories,3,89.99,West,Small Business,PayPal,269.96999999999997
TX-12791,2025-07-05,CUST-0387,Desk Mat,Accessories,2,21.25,South,Corporate,Bank Transfer,42.5
TX-12854,2025-06-10,CUST-0346,Standing Desk,Office Supplies,2,450.0,East,Small Business,Cash,900.0
TX-10186,2024-12-03,CUST-0371,Wireless Mouse,Accessories,6,49.99,East,Corporate,Bank Transfer,299.94
TX-14060,2024-10-24,CUST-0205,Whiteboard,Office Supplies,6,79.99,North,Corporate,Cash,479.93999999999994
TX-12723,2024-11-11,CUST-0304,Mechanical Keyboard,Accessories,7,99.99,North,Corporate,Bank Transfer,699.93
TX-13583,2024-06-19,CUST-0390,Premium Notebook,Office Supplies,1,15.5,South,Small Business,PayPal,15.5
TX-12058,2025-11-18,CUST-0083,Standing Desk,Office Supplies,2,364.5,South,Consumer,Bank Transfer,729.0
TX-11319,2025-10-04,CUST-0057,Whiteboard,Office Supplies,1,72.79,West,Consumer,Credit Card,72.79
TX-14223,2024-12-22,CUST-0084,Mechanical Keyboard,Accessories,2,79.99,South,Small Business,Credit Card,159.98
TX-10148,2025-12-02,CUST-0233,Pro Laptop,Electronics,4,1200.0,West,Corporate,Cash,4800.0
TX-10028,2025-02-11,CUST-0333,Noise-Cancelling Headphones,Electronics,4,250.0,South,Consumer,Bank Transfer,1000.0
TX-14165,2025-04-07,CUST-0182,Wireless Mouse,Accessories,4,49.99,East,Consumer,Credit Card,199.96
TX-13363,2025-12-28,CUST-0396,Pro Laptop,Electronics,6,1200.0,North,Corporate,PayPal,7200.0
TX-10692,2024-12-25,CUST-0088,Premium Notebook,Office Supplies,2,15.5,West,Small Business,Credit Card,31.0
TX-12866,2025-02-19,CUST-0002,4K Monitor,Electronics,1,350.0,East,Consumer,Cash,350.0
TX-13776,2025-07-18,CUST-0322,Ergonomic Chair,Office Supplies,2,281.99,South,Consumer,PayPal,563.98
TX-11386,2024-12-29,CUST-0217,Ergonomic Chair,Office Supplies,3,299.99,South,Small Business,Bank Transfer,899.97
TX-11845,2025-12-26,CUST-0310,Mechanical Keyboard,Accessories,9,99.99,South,Corporate,Bank Transfer,899.91
TX-14759,2024-03-02,CUST-0035,Noise-Cancelling Headphones,Electronics,2,250.0,South,Small Business,Cash,500.0
TX-10129,2024-02-28,CUST-0039,Desk Mat,Accessories,3,25.0,South,Consumer,PayPal,75.0
TX-11599,2024-05-30,CUST-0312,Wireless Mouse,Accessories,8,49.99,West,Corporate,Credit Card,399.92
TX-13629,2024-01-01,CUST-0152,Wireless Mouse,Accessories,1,49.99,South,Small Business,Cash,49.99
TX-14529,2025-07-09,CUST-0359,Whiteboard,Office Supplies,4,79.99,East,Small Business,Credit Card,319.96
TX-10701,2024-11-20,CUST-0348,Gel Pens 12-Pack,Office Supplies,3,12.99,West,Small Business,Credit Card,38.97
TX-14039,2024-04-22,CUST-0273,Premium Tablet,Electronics,4,600.0,East,Consumer,Cash,2400.0
TX-13028,2024-04-11,CUST-0200,Premium Notebook,Office Supplies,3,15.5,South,Small Business,Credit Card,46.5
TX-12969,2025-04-01,CUST-0399,Noise-Cancelling Headphones,Electronics,1,250.0,West,Consumer,Credit Card,250.0
TX-14382,2025-10-27,CUST-0299,Mechanical Keyboard,Accessories,2,99.99,North,Corporate,Cash,199.98
TX-11708,2024-09-13,CUST-0095,USB-C Multi-Hub,Accessories,3,39.99,South,Consumer,Cash,119.97
TX-12953,2025-06-19,CUST-0202,Mechanical Keyboard,Accessories,3,99.99,South,Corporate,Credit Card,299.96999999999997
TX-10454,2025-12-08,CUST-0105,Wireless Mouse,Accessories,3,40.99,West,Consumer,Cash,122.97
TX-12868,2025-07-08,CUST-0376,Premium Notebook,Office Supplies,1,15.5,South,Consumer,Cash,15.5
TX-12040,2025-11-02,CUST-0177,Pro Laptop,Electronics,2,1200.0,West,Corporate,Bank Transfer,2400.0
TX-11772,2025-06-25,CUST-0007,Noise-Cancelling Headphones,Electronics,4,202.5,North,Consumer,Bank Transfer,810.0
TX-12315,2025-04-11,CUST-0334,USB-C Multi-Hub,Accessories,1,39.99,East,Small Business,PayPal,39.99
TX-10609,2024-11-22,CUST-0077,Whiteboard,Office Supplies,2,67.19,South,Consumer,PayPal,134.38
TX-10167,2025-02-24,CUST-0257,Desk Mat,Accessories,1,25.0,West,Small Business,PayPal,25.0
TX-10730,2024-02-04,CUST-0048,4K Monitor,Electronics,2,350.0,East,Consumer,Credit Card,700.0
TX-14274,2024-08-21,CUST-0114,Premium Notebook,Office Supplies,3,15.5,North,Small Business,Cash,46.5
TX-13358,2024-02-04,CUST-0042,Premium Tablet,Electronics,2,600.0,South,Small Business,Bank Transfer,1200.0
TX-13896,2025-09-09,CUST-0233,Smartwatch,Electronics,9,200.0,West,Corporate,Credit Card,1800.0
TX-12074,2024-11-03,CUST-0146,Standing Desk,Office Supplies,3,450.0,South,Corporate,PayPal,1350.0
TX-14096,2024-08-16,CUST-0015,Premium Tablet,Electronics,8,600.0,West,Corporate,Bank Transfer,4800.0
TX-13700,2025-04-03,CUST-0053,Gel Pens 12-Pack,Office Supplies,4,12.99,East,Small Business,Bank Transfer,51.96
TX-11622,2024-09-12,CUST-0086,Desk Mat,Accessories,1,21.5,West,Consumer,Bank Transfer,21.5
TX-10587,2024-09-26,CUST-0278,Gel Pens 12-Pack,Office Supplies,1,12.99,East,Consumer,Cash,12.99
TX-11401,2025-09-23,CUST-0064,Standing Desk,Office Supplies,1,378.0,West,Small Business,PayPal,378.0
TX-13045,2025-04-23,CUST-0068,Desk Mat,Accessories,2,25.0,East,Small Business,Cash,50.0
TX-13224,2024-02-16,CUST-0319,Premium Notebook,Office Supplies,3,15.5,North,Consumer,PayPal,46.5
TX-11700,2024-04-22,CUST-0084,Smartwatch,Electronics,2,200.0,South,Small Business,Bank Transfer,400.0
TX-13088,2024-10-27,CUST-0392,USB-C Multi-Hub,Accessories,1,39.99,North,Small Business,Bank Transfer,39.99
TX-14416,2025-03-07,CUST-0293,Desk Mat,Accessories,10,25.0,North,Corporate,Credit Card,250.0
TX-12981,2025-11-12,CUST-0053,Mechanical Keyboard,Accessories,1,93.99,East,Small Business,PayPal,93.99
TX-10040,2025-11-06,CUST-0071,Wireless Mouse,Accessories,2,49.99,South,Corporate,Bank Transfer,99.98
TX-11379,2024-12-17,CUST-0063,Gel Pens 12-Pack,Office Supplies,3,12.34,West,Small Business,Bank Transfer,37.019999999999996
TX-12089,2024-02-17,CUST-0351,Standing Desk,Office Supplies,5,450.0,East,Corporate,Bank Transfer,2250.0
TX-12175,2024-12-09,CUST-0040,Noise-Cancelling Headphones,Electronics,2,217.5,West,Corporate,Bank Transfer,435.0
TX-13217,2025-01-02,CUST-0253,Ergonomic Chair,Office Supplies,2,299.99,South,Consumer,Bank Transfer,599.98
TX-12885,2024-09-27,CUST-UNKNOWN,Ergonomic Chair,Office Supplies,1,272.99,North,Small Business,Credit Card,272.99
TX-10074,2024-02-01,CUST-0047,Laptop Sleeve,Accessories,2,29.99,South,Small Business,Cash,59.98
TX-13965,2024-06-06,CUST-0017,Smartwatch,Electronics,5,200.0,South,Corporate,Credit Card,1000.0
TX-13946,2024-09-22,CUST-0305,Premium Tablet,Electronics,2,600.0,North,Consumer,Cash,1200.0
TX-12657,2025-09-16,CUST-0178,Standing Desk,Office Supplies,1,450.0,North,Consumer,PayPal,450.0
TX-13180,2025-08-30,CUST-UNKNOWN,Smartwatch,Electronics,9,200.0,South,Corporate,PayPal,1800.0
TX-12076,2024-12-07,CUST-0296,4K Monitor,Electronics,3,315.0,South,Corporate,PayPal,945.0
TX-10441,2024-05-23,CUST-0368,Desk Mat,Accessories,1,25.0,East,Consumer,Bank Transfer,25.0
TX-14103,2024-09-11,CUST-0383,Desk Mat,Accessories,10,25.0,South,Corporate,Cash,250.0
TX-12051,2025-10-29,CUST-0118,Laptop Sleeve,Accessories,3,29.99,South,Consumer,Cash,89.97
TX-12541,2025-09-14,CUST-0082,Laptop Sleeve,Accessories,5,29.99,East,Corporate,Credit Card,149.95
TX-13306,2025-12-13,CUST-0298,Premium Tablet,Electronics,7,510.0,West,Corporate,Credit Card,3570.0
TX-11301,2024-01-17,CUST-0155,Whiteboard,Office Supplies,1,79.99,South,Small Business,Cash,79.99
TX-11781,2024-11-24,CUST-0360,Laptop Sleeve,Accessories,4,29.99,North,Small Business,PayPal,119.96
TX-13430,2025-12-26,CUST-0175,Ergonomic Chair,Office Supplies,4,269.99,East,Consumer,PayPal,1079.96
TX-11304,2025-01-25,CUST-0338,Desk Mat,Accessories,3,25.0,East,Consumer,Credit Card,75.0
TX-10236,2025-04-06,CUST-0183,Desk Mat,Accessories,4,25.0,West,Small Business,PayPal,100.0
TX-12599,2024-02-20,CUST-0200,Smartwatch,Electronics,2,200.0,South,Small Business,Credit Card,400.0
TX-10520,2024-12-12,CUST-0315,Wireless Mouse,Accessories,2,49.99,North,Small Business,Cash,99.98
TX-12573,2025-07-24,CUST-0144,Standing Desk,Office Supplies,2,450.0,North,Small Business,Bank Transfer,900.0
TX-13280,2024-11-03,CUST-0282,Premium Notebook,Office Supplies,2,15.5,South,Consumer,Cash,31.0
TX-13186,2024-05-09,CUST-0200,Smartwatch,Electronics,3,200.0,South,Small Business,Cash,600.0
TX-12768,2025-07-22,CUST-0223,Noise-Cancelling Headphones,Electronics,3,220.0,South,Corporate,Bank Transfer,660.0
TX-10735,2024-07-24,CUST-0313,Standing Desk,Office Supplies,9,373.5,West,Corporate,Credit Card,3361.5
TX-14731,2025-10-25,CUST-0206,Gel Pens 12-Pack,Office Supplies,1,12.99,South,Consumer,Cash,12.99
TX-14959,2024-09-18,CUST-0192,Desk Mat,Accessories,8,25.0,North,Corporate,Credit Card,200.0
TX-12106,2025-09-08,CUST-0290,USB-C Multi-Hub,Accessories,3,39.99,West,Corporate,Cash,119.97
TX-12679,2024-06-19,CUST-0006,Whiteboard,Office Supplies,4,67.19,West,Consumer,Bank Transfer,268.76
TX-13229,2024-04-22,CUST-0108,Gel Pens 12-Pack,Office Supplies,6,12.99,West,Corporate,Credit Card,77.94
TX-12761,2025-04-27,CUST-0188,Mechanical Keyboard,Accessories,7,99.99,North,Corporate,PayPal,699.93
TX-10592,2025-02-01,CUST-0270,Laptop Sleeve,Accessories,3,29.99,West,Small Business,Credit Card,89.97
TX-11303,2024-12-09,CUST-0235,Premium Notebook,Office Supplies,2,15.5,East,Small Business,PayPal,31.0
TX-11387,2024-06-26,CUST-0289,Premium Notebook,Office Supplies,2,15.5,North,Consumer,PayPal,31.0
TX-14722,2025-11-10,CUST-0196,Ergonomic Chair,Office Supplies,3,284.99,West,Small Business,Cash,854.97
TX-14552,2024-12-10,CUST-0091,Gel Pens 12-Pack,Office Supplies,4,12.99,South,Small Business,Cash,51.96
TX-14003,2025-02-04,CUST-0337,Smartwatch,Electronics,2,200.0,West,Small Business,Credit Card,400.0
TX-11890,2024-06-04,CUST-0275,4K Monitor,Electronics,3,350.0,West,Small Business,Bank Transfer,1050.0
TX-12987,2025-08-17,CUST-0284,USB-C Multi-Hub,Accessories,2,39.99,South,Small Business,PayPal,79.98
TX-14954,2024-01-29,CUST-0378,Ergonomic Chair,Office Supplies,4,272.99,North,Small Business,Credit Card,1091.96
TX-13297,2024-12-24,CUST-0203,Gel Pens 12-Pack,Office Supplies,3,12.99,South,Small Business,PayPal,38.97
TX-10904,2024-09-26,CUST-0314,Whiteboard,Office Supplies,7,79.99,North,Corporate,Cash,559.93
TX-14909,2024-07-05,CUST-0106,Mechanical Keyboard,Accessories,3,99.99,South,Small Business,Bank Transfer,299.96999999999997
TX-11279,2024-06-22,CUST-0083,Noise-Cancelling Headphones,Electronics,3,230.0,South,Consumer,Bank Transfer,690.0
TX-10933,2024-05-28,CUST-0333,Smartwatch,Electronics,2,200.0,South,Consumer,Credit Card,400.0
TX-14929,2025-07-08,CUST-0174,4K Monitor,Electronics,3,350.0,South,Small Business,Credit Card,1050.0
TX-12308,2025-08-13,CUST-0213,Ergonomic Chair,Office Supplies,2,239.99,East,Small Business,Cash,479.98
TX-11555,2025-05-28,CUST-0076,USB-C Multi-Hub,Accessories,1,39.99,East,Small Business,PayPal,39.99
TX-14559,2024-07-22,CUST-0212,Gel Pens 12-Pack,Office Supplies,4,12.99,South,Corporate,Credit Card,51.96
TX-13190,2025-04-23,CUST-0112,Pro Laptop,Electronics,8,1200.0,West,Corporate,Credit Card,9600.0
TX-14467,2025-11-07,CUST-0248,4K Monitor,Electronics,1,350.0,South,Small Business,Bank Transfer,350.0
TX-10706,2024-07-11,CUST-0285,Premium Notebook,Office Supplies,4,15.5,South,Consumer,PayPal,62.0
TX-14717,2024-04-06,CUST-0379,4K Monitor,Electronics,2,350.0,South,Consumer,Credit Card,700.0
TX-13070,2024-01-06,CUST-0193,USB-C Multi-Hub,Accessories,2,39.99,South,Small Business,Credit Card,79.98
TX-10745,2025-08-30,CUST-0200,4K Monitor,Electronics,3,350.0,South,Small Business,Cash,1050.0
TX-13594,2024-10-26,CUST-0322,Standing Desk,Office Supplies,1,450.0,South,Consumer,PayPal,450.0
TX-11939,2025-03-16,CUST-0269,USB-C Multi-Hub,Accessories,10,39.99,East,Corporate,Credit Card,399.90000000000003
TX-12862,2024-07-23,CUST-0381,Desk Mat,Accessories,4,25.0,West,Corporate,Credit Card,100.0
TX-14053,2025-04-05,CUST-0317,Laptop Sleeve,Accessories,4,29.99,South,Small Business,Credit Card,119.96
TX-10513,2024-09-17,CUST-0245,Pro Laptop,Electronics,6,1200.0,West,Corporate,Cash,7200.0
TX-10081,2024-06-28,CUST-0067,Whiteboard,Office Supplies,2,65.59,North,Small Business,Bank Transfer,131.18
TX-11308,2024-05-07,CUST-0180,Gel Pens 12-Pack,Office Supplies,4,12.99,North,Consumer,Credit Card,51.96
TX-14574,2025-05-23,CUST-0027,Smartwatch,Electronics,2,200.0,South,Small Business,PayPal,400.0
TX-10914,2025-08-05,CUST-0067,Pro Laptop,Electronics,3,1200.0,North,Small Business,Bank Transfer,3600.0
TX-13452,2025-03-17,CUST-0228,Noise-Cancelling Headphones,Electronics,1,250.0,East,Small Business,PayPal,250.0
TX-13695,2025-07-17,CUST-0261,Standing Desk,Office Supplies,3,450.0,South,Small Business,Bank Transfer,1350.0
TX-14833,2024-01-22,CUST-0151,Ergonomic Chair,Office Supplies,3,299.99,East,Corporate,Credit Card,899.97
TX-13156,2025-03-16,CUST-0238,Gel Pens 12-Pack,Office Supplies,3,12.99,West,Small Business,Bank Transfer,38.97
TX-12198,2024-05-30,CUST-0208,USB-C Multi-Hub,Accessories,2,39.99,East,Consumer,Cash,79.98
TX-14257,2025-12-19,CUST-0032,Ergonomic Chair,Office Supplies,8,299.99,East,Corporate,Bank Transfer,2399.92
TX-10774,2024-01-06,CUST-0023,Smartwatch,Electronics,10,200.0,North,Corporate,Credit Card,2000.0
TX-10329,2024-12-01,CUST-0183,Whiteboard,Office Supplies,1,79.99,West,Small Business,Bank Transfer,79.99
TX-12054,2025-10-17,CUST-0394,Wireless Mouse,Accessories,9,49.99,West,Corporate,PayPal,449.91
TX-12001,2024-01-17,CUST-0117,Premium Notebook,Office Supplies,4,15.5,East,Consumer,Cash,62.0
TX-10943,2025-02-03,CUST-0214,USB-C Multi-Hub,Accessories,4,39.99,West,Small Business,PayPal,159.96
TX-10822,2024-03-19,CUST-0060,Pro Laptop,Electronics,4,1200.0,South,Small Business,Bank Transfer,4800.0
TX-14553,2025-05-02,CUST-0250,Whiteboard,Office Supplies,2,79.99,East,Consumer,Bank Transfer,159.98
TX-10909,2025-06-04,CUST-0140,Laptop Sleeve,Accessories,2,29.99,North,Small Business,Credit Card,59.98
TX-12516,2024-05-19,CUST-0004,Premium Notebook,Office Supplies,4,15.5,North,Small Business,Bank Transfer,62.0
TX-10181,2025-10-18,CUST-0069,Desk Mat,Accessories,3,25.0,East,Consumer,PayPal,75.0
TX-10164,2024-09-28,CUST-0398,Laptop Sleeve,Accessories,5,29.99,North,Corporate,Credit Card,149.95
TX-11523,2025-09-05,CUST-0209,Noise-Cancelling Headphones,Electronics,2,250.0,South,Consumer,Cash,500.0
TX-10451,2025-07-29,CUST-0246,Laptop Sleeve,Accessories,4,29.99,South,Small Business,Bank Transfer,119.96
TX-13983,2025-11-26,CUST-0118,Premium Notebook,Office Supplies,1,13.02,South,Consumer,PayPal,13.02
TX-12538,2025-02-09,CUST-0350,Noise-Cancelling Headphones,Electronics,2,250.0,South,Consumer,Cash,500.0
TX-14706,2025-12-24,CUST-0017,Noise-Cancelling Headphones,Electronics,4,250.0,South,Corporate,Cash,1000.0
TX-14804,2025-11-04,CUST-0087,Laptop Sleeve,Accessories,2,29.99,South,Consumer,Cash,59.98
TX-11311,2025-06-15,CUST-0308,Premium Notebook,Office Supplies,4,15.5,North,Corporate,Cash,62.0
TX-13149,2025-04-04,CUST-0004,Smartwatch,Electronics,4,200.0,North,Small Business,Credit Card,800.0
TX-11111,2024-06-15,CUST-0224,Premium Notebook,Office Supplies,4,15.5,North,Small Business,Bank Transfer,62.0
TX-14573,2025-08-28,CUST-0151,Premium Tablet,Electronics,8,600.0,East,Corporate,Bank Transfer,4800.0
TX-13874,2024-01-12,CUST-0101,4K Monitor,Electronics,4,350.0,North,Consumer,Cash,1400.0
TX-13489,2024-05-25,CUST-0398,Desk Mat,Accessories,7,22.5,North,Corporate,Credit Card,157.5
TX-11287,2024-07-23,CUST-0206,Ergonomic Chair,Office Supplies,3,299.99,South,Consumer,Bank Transfer,899.97
TX-14345,2024-04-18,CUST-0235,Premium Notebook,Office Supplies,2,15.5,East,Small Business,Cash,31.0
TX-14672,2025-12-30,CUST-0212,Premium Notebook,Office Supplies,10,15.5,North,Corporate,Bank Transfer,155.0
TX-13680,2024-06-27,CUST-0124,Gel Pens 12-Pack,Office Supplies,4,12.99,West,Small Business,Cash,51.96
TX-14356,2025-02-27,CUST-0330,Premium Tablet,Electronics,9,600.0,North,Corporate,PayPal,5400.0
TX-14193,2024-02-03,CUST-0307,Standing Desk,Office Supplies,1,423.0,West,Consumer,Cash,423.0
TX-13300,2025-10-10,CUST-0299,Premium Tablet,Electronics,9,600.0,North,Corporate,Cash,5400.0
TX-13310,2024-02-23,CUST-0358,USB-C Multi-Hub,Accessories,10,33.59,East,Corporate,Credit Card,335.90000000000003
TX-14582,2024-07-22,CUST-0374,USB-C Multi-Hub,Accessories,8,34.39,West,Corporate,PayPal,275.12
TX-13125,2024-07-16,CUST-0131,4K Monitor,Electronics,3,350.0,South,Corporate,Bank Transfer,1050.0
TX-10327,2024-11-17,CUST-0395,Smartwatch,Electronics,3,200.0,East,Consumer,Cash,600.0
TX-11790,2024-12-04,CUST-0200,Noise-Cancelling Headphones,Electronics,4,215.0,South,Small Business,Credit Card,860.0
TX-12490,2025-12-22,CUST-0350,Ergonomic Chair,Office Supplies,2,299.99,South,Consumer,PayPal,599.98
TX-12006,2024-11-13,CUST-0085,Pro Laptop,Electronics,2,1044.0,North,Consumer,Bank Transfer,2088.0
TX-12007,2025-10-07,CUST-0013,Gel Pens 12-Pack,Office Supplies,3,12.99,East,Consumer,Cash,38.97
TX-11858,2024-01-17,CUST-0201,Standing Desk,Office Supplies,6,396.0,East,Corporate,Bank Transfer,2376.0
TX-14712,2024-02-24,CUST-0277,Ergonomic Chair,Office Supplies,4,299.99,West,Consumer,Bank Transfer,1199.96
TX-10312,2024-02-26,CUST-0256,Mechanical Keyboard,Accessories,7,99.99,North,Corporate,PayPal,699.93
TX-10832,2025-12-25,CUST-0358,Mechanical Keyboard,Accessories,9,89.99,East,Corporate,Credit Card,809.91
TX-13079,2025-02-05,CUST-0068,4K Monitor,Electronics,1,350.0,East,Small Business,PayPal,350.0
TX-14745,2024-08-29,CUST-0169,Standing Desk,Office Supplies,4,387.0,North,Consumer,PayPal,1548.0
TX-13462,2025-08-03,CUST-0071,Ergonomic Chair,Office Supplies,10,299.99,South,Corporate,Bank Transfer,2999.9
TX-11201,2025-05-05,CUST-0341,Ergonomic Chair,Office Supplies,8,299.99,North,Corporate,Cash,2399.92
TX-14417,2025-10-30,CUST-0152,Premium Notebook,Office Supplies,3,15.5,South,Small Business,Bank Transfer,46.5
TX-13547,2024-07-07,CUST-0305,Mechanical Keyboard,Accessories,4,99.99,North,Consumer,Cash,399.96
TX-14050,2024-03-11,CUST-0012,Pro Laptop,Electronics,3,1200.0,West,Small Business,Bank Transfer,3600.0
TX-12134,2024-12-11,CUST-0400,Pro Laptop,Electronics,1,1200.0,North,Consumer,Credit Card,1200.0
TX-13451,2024-02-01,CUST-0199,Standing Desk,Office Supplies,4,450.0,West,Consumer,Cash,1800.0
TX-12209,2024-08-13,CUST-0327,Premium Notebook,Office Supplies,1,15.5,South,Small Business,Cash,15.5
TX-11901,2025-03-09,CUST-0191,Noise-Cancelling Headphones,Electronics,8,250.0,East,Corporate,Credit Card,2000.0
TX-11481,2024-04-09,CUST-0119,Gel Pens 12-Pack,Office Supplies,3,12.99,South,Small Business,Credit Card,38.97
TX-10777,2024-09-01,CUST-0047,Smartwatch,Electronics,3,200.0,South,Small Business,PayPal,600.0
TX-10799,2024-11-23,CUST-0260,Premium Notebook,Office Supplies,4,15.5,West,Consumer,Bank Transfer,62.0
TX-13714,2025-05-30,CUST-0189,Smartwatch,Electronics,9,200.0,South,Corporate,Bank Transfer,1800.0
TX-13942,2025-08-07,CUST-0230,Premium Notebook,Office Supplies,2,15.5,North,Small Business,Credit Card,31.0
TX-10054,2024-09-06,CUST-0065,Mechanical Keyboard,Accessories,1,99.99,East,Small Business,PayPal,99.99
TX-12972,2024-09-04,CUST-0285,4K Monitor,Electronics,2,350.0,South,Consumer,Credit Card,700.0
TX-13335,2024-04-17,CUST-0137,Premium Notebook,Office Supplies,2,15.5,South,Consumer,PayPal,31.0
TX-11920,2025-02-21,CUST-0353,Premium Tablet,Electronics,9,600.0,West,Corporate,PayPal,5400.0
TX-13715,2025-05-01,CUST-0025,Smartwatch,Electronics,3,162.0,East,Small Business,Cash,486.0
TX-14673,2024-09-07,CUST-0136,Premium Notebook,Office Supplies,8,15.5,South,Corporate,Bank Transfer,124.0
TX-10946,2025-01-02,CUST-0134,Standing Desk,Office Supplies,4,450.0,East,Corporate,Credit Card,1800.0
TX-11701,2025-01-17,CUST-0136,USB-C Multi-Hub,Accessories,2,39.99,South,Corporate,Credit Card,79.98
TX-13293,2025-07-11,CUST-0021,Premium Tablet,Electronics,4,600.0,East,Consumer,Cash,2400.0
TX-12161,2025-10-16,CUST-0123,Premium Tablet,Electronics,2,522.0,South,Consumer,Bank Transfer,1044.0
TX-11136,2025-12-17,CUST-0367,Premium Tablet,Electronics,3,600.0,North,Consumer,Cash,1800.0
TX-10987,2024-07-29,CUST-0126,Laptop Sleeve,Accessories,4,29.99,North,Consumer,Credit Card,119.96
TX-12549,2024-12-18,CUST-0310,Standing Desk,Office Supplies,9,414.0,South,Corporate,PayPal,3726.0
TX-10193,2025-08-20,CUST-0251,4K Monitor,Electronics,4,350.0,South,Small Business,Credit Card,1400.0
TX-13057,2024-01-25,CUST-0380,Premium Notebook,Office Supplies,1,15.5,South,Small Business,Bank Transfer,15.5
TX-13246,2024-06-05,CUST-0121,Smartwatch,Electronics,2,200.0,West,Consumer,PayPal,400.0
TX-11394,2025-06-14,CUST-0028,Pro Laptop,Electronics,3,1200.0,North,Consumer,Credit Card,3600.0
TX-12637,2025-06-15,CUST-0147,Desk Mat,Accessories,3,25.0,North,Small Business,Bank Transfer,75.0
TX-10768,2024-05-28,CUST-0111,Desk Mat,Accessories,4,25.0,West,Corporate,Cash,100.0
TX-14730,2025-08-25,CUST-0238,Smartwatch,Electronics,2,180.0,West,Small Business,Credit Card,360.0
TX-13090,2024-10-12,CUST-0205,USB-C Multi-Hub,Accessories,10,32.79,North,Corporate,PayPal,327.9
TX-13495,2025-07-31,CUST-0242,Pro Laptop,Electronics,4,1200.0,East,Consumer,PayPal,4800.0
TX-13215,2024-01-08,CUST-0051,Premium Notebook,Office Supplies,3,15.5,East,Consumer,Bank Transfer,46.5
TX-10285,2025-03-15,CUST-0254,Premium Notebook,Office Supplies,3,15.5,North,Consumer,Bank Transfer,46.5
TX-14968,2024-08-24,CUST-0051,Premium Notebook,Office Supplies,3,15.5,East,Consumer,Cash,46.5
TX-10428,2025-08-27,CUST-0248,Desk Mat,Accessories,2,25.0,South,Small Business,Cash,50.0
TX-14939,2024-10-23,CUST-0259,Whiteboard,Office Supplies,5,79.99,West,Corporate,Cash,399.95
TX-12332,2025-06-10,CUST-0063,Premium Tablet,Electronics,1,600.0,West,Small Business,Cash,600.0
TX-12717,2025-01-14,CUST-0298,Pro Laptop,Electronics,3,1200.0,West,Corporate,Credit Card,3600.0
TX-12079,2024-10-02,CUST-0071,Pro Laptop,Electronics,2,1200.0,South,Corporate,Credit Card,2400.0
TX-13389,2025-09-05,CUST-0031,USB-C Multi-Hub,Accessories,3,37.19,North,Corporate,Cash,111.57
TX-10722,2024-12-19,CUST-0387,Pro Laptop,Electronics,4,1200.0,South,Corporate,Cash,4800.0
TX-10951,2025-12-26,CUST-0260,Ergonomic Chair,Office Supplies,2,299.99,West,Consumer,Bank Transfer,599.98
TX-14409,2025-06-16,CUST-0119,Standing Desk,Office Supplies,2,450.0,South,Small Business,Cash,900.0
TX-14392,2024-09-08,CUST-0398,4K Monitor,Electronics,10,350.0,North,Corporate,Cash,3500.0
TX-12262,2024-08-07,CUST-0215,Whiteboard,Office Supplies,1,79.99,East,Consumer,PayPal,79.99
TX-10989,2025-02-28,CUST-0013,USB-C Multi-Hub,Accessories,4,31.99,East,Consumer,Bank Transfer,127.96
TX-13212,2025-06-11,CUST-0220,Desk Mat,Accessories,6,21.25,West,Corporate,Cash,127.5
TX-11759,2025-09-10,CUST-0117,USB-C Multi-Hub,Accessories,2,39.99,East,Consumer,Cash,79.98
TX-14571,2025-12-05,CUST-0329,Laptop Sleeve,Accessories,4,25.19,East,Consumer,Credit Card,100.76
TX-10326,2024-11-30,CUST-0039,Premium Tablet,Electronics,1,528.0,South,Consumer,PayPal,528.0
TX-12608,2025-04-06,CUST-0184,Pro Laptop,Electronics,4,1200.0,West,Small Business,Credit Card,4800.0
TX-11383,2024-01-01,CUST-0026,Standing Desk,Office Supplies,3,450.0,East,Small Business,Bank Transfer,1350.0
TX-11724,2024-01-01,CUST-0039,Whiteboard,Office Supplies,3,79.99,South,Consumer,PayPal,239.96999999999997
TX-11086,2025-11-27,CUST-0113,Premium Tablet,Electronics,2,600.0,West,Small Business,Credit Card,1200.0
TX-12523,2025-06-21,CUST-0268,Desk Mat,Accessories,1,25.0,West,Small Business,Bank Transfer,25.0
TX-10341,2024-08-26,CUST-0082,Premium Tablet,Electronics,5,600.0,East,Corporate,Bank Transfer,3000.0
TX-13701,2024-11-29,CUST-0040,Laptop Sleeve,Accessories,8,29.99,West,Corporate,Credit Card,239.92
TX-10688,2024-07-21,CUST-0344,Wireless Mouse,Accessories,9,41.49,South,Corporate,PayPal,373.41
TX-13432,2024-11-12,CUST-0297,Mechanical Keyboard,Accessories,5,99.99,South,Corporate,Credit Card,499.95
TX-10966,2024-05-07,CUST-0230,Whiteboard,Office Supplies,1,79.99,North,Small Business,Cash,79.99
TX-14755,2025-06-11,CUST-0018,Mechanical Keyboard,Accessories,4,99.99,North,Consumer,Bank Transfer,399.96
TX-12203,2024-11-14,CUST-0140,Wireless Mouse,Accessories,1,49.99,North,Small Business,PayPal,49.99
TX-12713,2024-06-09,CUST-0116,Laptop Sleeve,Accessories,2,29.99,West,Small Business,Credit Card,59.98
TX-13572,2024-05-22,CUST-0238,USB-C Multi-Hub,Accessories,2,39.99,West,Small Business,PayPal,79.98
TX-11990,2024-06-05,CUST-0274,Premium Tablet,Electronics,1,600.0,East,Small Business,Bank Transfer,600.0
TX-14127,2024-07-31,CUST-0354,Pro Laptop,Electronics,5,1056.0,North,Corporate,Cash,5280.0
TX-14771,2024-09-12,CUST-0293,Wireless Mouse,Accessories,2,49.99,North,Corporate,Cash,99.98
TX-13600,2025-02-10,CUST-0291,Noise-Cancelling Headphones,Electronics,4,250.0,North,Small Business,PayPal,1000.0
TX-14593,2025-06-14,CUST-0237,Whiteboard,Office Supplies,4,79.99,West,Small Business,PayPal,319.96
TX-14149,2024-12-27,CUST-0227,Gel Pens 12-Pack,Office Supplies,4,11.95,West,Consumer,Credit Card,47.8
TX-10385,2025-04-20,CUST-0326,Pro Laptop,Electronics,5,1200.0,East,Corporate,Bank Transfer,6000.0
TX-14396,2024-06-29,CUST-0178,Smartwatch,Electronics,3,200.0,North,Consumer,Bank Transfer,600.0
TX-14595,2024-11-25,CUST-0336,Premium Notebook,Office Supplies,9,15.5,North,Corporate,PayPal,139.5
TX-10536,2024-09-12,CUST-0317,Standing Desk,Office Supplies,1,450.0,South,Small Business,Credit Card,450.0
TX-14692,2024-05-23,CUST-0056,Whiteboard,Office Supplies,4,79.99,South,Consumer,Bank Transfer,319.96
TX-13507,2025-01-05,CUST-0245,Mechanical Keyboard,Accessories,8,99.99,West,Corporate,Credit Card,799.92
TX-10201,2024-12-20,CUST-0372,Pro Laptop,Electronics,8,1200.0,East,Corporate,Credit Card,9600.0
TX-11332,2025-09-13,CUST-0103,USB-C Multi-Hub,Accessories,3,39.99,East,Consumer,Credit Card,119.97
TX-13502,2025-03-20,CUST-0180,Gel Pens 12-Pack,Office Supplies,4,12.99,North,Consumer,Cash,51.96
TX-12708,2025-06-30,CUST-0358,Standing Desk,Office Supplies,9,450.0,East,Corporate,Cash,4050.0
TX-14021,2025-05-07,CUST-0345,Pro Laptop,Electronics,1,1200.0,South,Small Business,PayPal,1200.0
TX-11854,2024-11-16,CUST-0117,Mechanical Keyboard,Accessories,1,99.99,East,Consumer,Bank Transfer,99.99
TX-14702,2025-04-09,CUST-0353,Mechanical Keyboard,Accessories,4,99.99,West,Corporate,PayPal,399.96
TX-12872,2024-05-24,CUST-0389,USB-C Multi-Hub,Accessories,2,36.39,East,Small Business,Credit Card,72.78
TX-13030,2024-02-02,CUST-0217,Mechanical Keyboard,Accessories,3,79.99,South,Small Business,Bank Transfer,239.96999999999997
TX-11205,2024-03-25,CUST-0390,Standing Desk,Office Supplies,2,450.0,South,Small Business,PayPal,900.0
TX-11645,2025-08-06,CUST-0327,4K Monitor,Electronics,2,350.0,South,Small Business,PayPal,700.0
TX-13417,2025-02-11,CUST-0308,Noise-Cancelling Headphones,Electronics,10,250.0,North,Corporate,Bank Transfer,2500.0
TX-13476,2025-06-20,CUST-0376,Laptop Sleeve,Accessories,1,29.99,South,Consumer,Bank Transfer,29.99
TX-12861,2024-07-10,CUST-0076,Wireless Mouse,Accessories,3,49.99,East,Small Business,Credit Card,149.97
TX-11792,2025-10-31,CUST-0140,Ergonomic Chair,Office Supplies,4,299.99,North,Small Business,Cash,1199.96
TX-13797,2025-11-09,CUST-0082,Mechanical Keyboard,Accessories,10,99.99,East,Corporate,Credit Card,999.9
TX-13368,2025-11-18,CUST-0052,4K Monitor,Electronics,4,290.5,South,Small Business,Credit Card,1162.0
TX-13367,2024-06-08,CUST-0108,Standing Desk,Office Supplies,3,396.0,West,Corporate,Cash,1188.0
TX-13533,2024-05-08,CUST-0337,Laptop Sleeve,Accessories,2,29.99,West,Small Business,Cash,59.98
TX-13449,2024-07-25,CUST-0350,Gel Pens 12-Pack,Office Supplies,3,12.99,South,Consumer,Credit Card,38.97
TX-10603,2024-11-05,CUST-0110,Ergonomic Chair,Office Supplies,3,263.99,North,Small Business,PayPal,791.97
TX-13056,2025-11-27,CUST-0357,Laptop Sleeve,Accessories,10,29.99,East,Corporate,Cash,299.9
TX-14386,2024-04-07,CUST-0385,Laptop Sleeve,Accessories,2,29.99,South,Corporate,PayPal,59.98
TX-10126,2024-07-03,CUST-0280,Premium Notebook,Office Supplies,1,15.5,East,Small Business,Credit Card,15.5
TX-13876,2025-05-09,CUST-0223,4K Monitor,Electronics,5,350.0,South,Corporate,Cash,1750.0
TX-12935,2024-05-01,CUST-0390,Gel Pens 12-Pack,Office Supplies,4,12.99,South,Small Business,Bank Transfer,51.96
TX-13531,2024-08-26,CUST-0243,Premium Notebook,Office Supplies,1,15.5,West,Small Business,Credit Card,15.5
TX-12730,2025-08-18,CUST-0275,Wireless Mouse,Accessories,4,49.99,West,Small Business,Bank Transfer,199.96
TX-10827,2024-09-16,CUST-0023,Noise-Cancelling Headphones,Electronics,2,250.0,North,Corporate,Credit Card,500.0
TX-11639,2024-09-20,CUST-0327,Pro Laptop,Electronics,2,1140.0,South,Small Business,Bank Transfer,2280.0
TX-10984,2025-12-25,CUST-0331,4K Monitor,Electronics,3,350.0,West,Corporate,PayPal,1050.0
TX-13281,2024-01-25,CUST-0239,Noise-Cancelling Headphones,Electronics,3,250.0,South,Small Business,Cash,750.0
TX-12586,2024-12-18,CUST-0316,Standing Desk,Office Supplies,3,382.5,North,Corporate,PayPal,1147.5
TX-12188,2025-12-24,CUST-0321,Whiteboard,Office Supplies,4,79.99,North,Small Business,Bank Transfer,319.96
TX-14639,2024-09-28,CUST-0055,Gel Pens 12-Pack,Office Supplies,4,12.99,West,Corporate,PayPal,51.96
TX-12443,2024-10-12,CUST-0302,Gel Pens 12-Pack,Office Supplies,3,11.04,South,Corporate,Bank Transfer,33.12
TX-10362,2024-03-30,CUST-0339,Laptop Sleeve,Accessories,4,27.59,East,Consumer,PayPal,110.36
TX-12349,2025-06-25,CUST-0253,Mechanical Keyboard,Accessories,1,99.99,South,Consumer,PayPal,99.99
TX-10345,2025-05-19,CUST-0278,Standing Desk,Office Supplies,4,414.0,East,Consumer,Credit Card,1656.0
TX-10814,2025-05-19,CUST-0035,USB-C Multi-Hub,Accessories,4,39.99,South,Small Business,Cash,159.96
TX-13205,2024-07-05,CUST-0351,Gel Pens 12-Pack,Office Supplies,4,12.99,East,Corporate,PayPal,51.96
TX-14459,2025-10-16,CUST-0063,Whiteboard,Office Supplies,2,79.99,West,Small Business,PayPal,159.98
TX-14824,2024-04-17,CUST-0009,Laptop Sleeve,Accessories,4,29.99,North,Small Business,PayPal,119.96
TX-13325,2024-04-13,CUST-0329,Noise-Cancelling Headphones,Electronics,2,250.0,East,Consumer,Cash,500.0
TX-14106,2024-11-20,CUST-0305,Wireless Mouse,Accessories,4,49.99,North,Consumer,PayPal,199.96
TX-12116,2024-12-04,CUST-0299,4K Monitor,Electronics,6,350.0,North,Corporate,Credit Card,2100.0
TX-11834,2024-12-11,CUST-0389,Desk Mat,Accessories,1,25.0,East,Small Business,Bank Transfer,25.0
TX-10793,2024-11-09,CUST-0191,Ergonomic Chair,Office Supplies,4,299.99,East,Corporate,Bank Transfer,1199.96
TX-14976,2025-05-05,CUST-0072,Gel Pens 12-Pack,Office Supplies,4,12.99,North,Small Business,PayPal,51.96
TX-12674,2024-04-22,CUST-0253,Premium Tablet,Electronics,2,600.0,South,Consumer,PayPal,1200.0
TX-10094,2024-03-04,CUST-UNKNOWN,Noise-Cancelling Headphones,Electronics,1,210.0,East,Small Business,PayPal,210.0
TX-13756,2024-07-29,CUST-0050,Mechanical Keyboard,Accessories,3,99.99,West,Consumer,Credit Card,299.96999999999997
TX-12891,2025-10-02,CUST-0375,Gel Pens 12-Pack,Office Supplies,4,12.99,East,Corporate,Bank Transfer,51.96
TX-12371,2025-09-11,CUST-0216,USB-C Multi-Hub,Accessories,8,39.99,North,Corporate,Cash,319.92
TX-14174,2024-02-14,CUST-0373,Premium Tablet,Electronics,3,600.0,East,Corporate,PayPal,1800.0
TX-14458,2025-11-27,CUST-0161,Whiteboard,Office Supplies,4,79.99,East,Consumer,Credit Card,319.96
TX-13228,2025-08-12,CUST-0250,Noise-Cancelling Headphones,Electronics,3,250.0,East,Consumer,PayPal,750.0
TX-12853,2025-12-20,CUST-0275,Premium Notebook,Office Supplies,4,15.5,West,Small Business,Cash,62.0
TX-12912,2025-08-29,CUST-0319,Wireless Mouse,Accessories,1,49.99,North,Consumer,Credit Card,49.99
TX-11865,2024-09-09,CUST-0108,Standing Desk,Office Supplies,7,450.0,West,Corporate,Cash,3150.0
TX-11857,2025-10-09,CUST-0008,Standing Desk,Office Supplies,2,450.0,South,Consumer,PayPal,900.0
TX-12645,2024-10-30,CUST-0098,Standing Desk,Office Supplies,3,450.0,South,Small Business,Credit Card,1350.0
TX-12243,2024-06-02,CUST-0295,Whiteboard,Office Supplies,4,79.99,West,Small Business,PayPal,319.96
TX-12336,2025-02-22,CUST-0127,Smartwatch,Electronics,2,188.0,South,Consumer,Bank Transfer,376.0
TX-10950,2024-06-20,CUST-0323,Premium Tablet,Electronics,7,600.0,South,Corporate,PayPal,4200.0
TX-13068,2025-06-08,CUST-0143,Mechanical Keyboard,Accessories,1,99.99,North,Consumer,PayPal,99.99
TX-11120,2024-06-23,CUST-0096,Mechanical Keyboard,Accessories,5,80.99,North,Corporate,Cash,404.95
TX-12597,2024-10-26,CUST-0287,Laptop Sleeve,Accessories,2,24.29,South,Small Business,PayPal,48.58
TX-12204,2024-08-17,CUST-0342,Desk Mat,Accessories,4,23.5,South,Small Business,Cash,94.0
TX-10419,2024-07-22,CUST-0312,Noise-Cancelling Headphones,Electronics,10,250.0,West,Corporate,PayPal,2500.0
TX-10922,2025-03-23,CUST-0245,Standing Desk,Office Supplies,4,450.0,West,Corporate,Bank Transfer,1800.0
TX-11254,2024-03-02,CUST-0185,Noise-Cancelling Headphones,Electronics,4,250.0,North,Consumer,PayPal,1000.0
TX-10477,2024-05-19,CUST-0280,Standing Desk,Office Supplies,3,450.0,East,Small Business,Bank Transfer,1350.0
TX-12035,2025-06-05,CUST-0157,Gel Pens 12-Pack,Office Supplies,4,12.99,East,Consumer,PayPal,51.96
TX-11202,2025-11-29,CUST-0392,Whiteboard,Office Supplies,4,74.39,North,Small Business,PayPal,297.56
TX-12626,2024-01-09,CUST-0092,Premium Notebook,Office Supplies,3,15.5,East,Corporate,PayPal,46.5
TX-14847,2024-02-03,CUST-0143,Whiteboard,Office Supplies,2,79.99,North,Consumer,PayPal,159.98
TX-11970,2024-06-04,CUST-0012,Laptop Sleeve,Accessories,3,24.29,West,Small Business,PayPal,72.87
TX-13110,2024-04-14,CUST-0134,Laptop Sleeve,Accessories,8,29.99,East,Corporate,PayPal,239.92
TX-14018,2024-12-23,CUST-0178,Premium Notebook,Office Supplies,2,15.5,North,Consumer,PayPal,31.0
TX-12151,2024-09-05,CUST-0080,Wireless Mouse,Accessories,4,49.99,East,Corporate,Cash,199.96
TX-13687,2024-04-14,CUST-0378,Desk Mat,Accessories,4,25.0,North,Small Business,Bank Transfer,100.0
TX-11997,2024-07-30,CUST-0038,USB-C Multi-Hub,Accessories,3,39.99,South,Small Business,Credit Card,119.97
TX-14033,2025-10-06,CUST-0007,Ergonomic Chair,Office Supplies,4,299.99,North,Consumer,Cash,1199.96
TX-13054,2025-04-07,CUST-0261,Laptop Sleeve,Accessories,4,29.99,South,Small Business,Bank Transfer,119.96
TX-11248,2025-05-04,CUST-0058,Desk Mat,Accessories,3,20.0,North,Consumer,PayPal,60.0
TX-12192,2024-04-20,CUST-0400,Noise-Cancelling Headphones,Electronics,2,250.0,North,Consumer,Cash,500.0
TX-12712,2024-11-08,CUST-0056,Pro Laptop,Electronics,2,1200.0,South,Consumer,PayPal,2400.0
TX-10992,2024-11-01,CUST-0164,Smartwatch,Electronics,3,200.0,East,Consumer,Bank Transfer,600.0
TX-12190,2025-08-16,CUST-0292,Premium Tablet,Electronics,7,600.0,West,Corporate,Credit Card,4200.0
TX-13762,2025-02-15,CUST-0128,Noise-Cancelling Headphones,Electronics,7,235.0,West,Corporate,Bank Transfer,1645.0
TX-13597,2024-11-24,CUST-0059,Desk Mat,Accessories,2,25.0,South,Small Business,Cash,50.0
TX-11318,2024-09-08,CUST-0194,Ergonomic Chair,Office Supplies,3,299.99,South,Small Business,Credit Card,899.97
TX-11863,2024-12-12,CUST-0351,Desk Mat,Accessories,3,25.0,East,Corporate,PayPal,75.0
TX-12343,2025-06-21,CUST-0071,Desk Mat,Accessories,2,22.75,South,Corporate,Credit Card,45.5
TX-12449,2024-05-24,CUST-0194,Laptop Sleeve,Accessories,4,29.99,South,Small Business,PayPal,119.96
TX-12136,2025-07-05,CUST-0030,Laptop Sleeve,Accessories,1,29.99,North,Consumer,PayPal,29.99
TX-11065,2025-01-30,CUST-0146,Premium Tablet,Electronics,6,600.0,South,Corporate,Credit Card,3600.0
TX-14990,2025-01-05,CUST-0249,Desk Mat,Accessories,5,25.0,North,Corporate,Cash,125.0
TX-12621,2024-04-01,CUST-0215,Smartwatch,Electronics,3,200.0,East,Consumer,Cash,600.0
TX-10077,2025-03-28,CUST-0213,Standing Desk,Office Supplies,1,450.0,South,Small Business,Bank Transfer,450.0
TX-12898,2024-04-21,CUST-0156,Laptop Sleeve,Accessories,9,29.99,East,Corporate,Bank Transfer,269.90999999999997
TX-11314,2025-12-28,CUST-0324,Desk Mat,Accessories,3,25.0,North,Small Business,PayPal,75.0
TX-14398,2024-04-01,CUST-0396,Laptop Sleeve,Accessories,4,29.99,North,Corporate,Credit Card,119.96
TX-10872,2024-11-17,CUST-0209,Ergonomic Chair,Office Supplies,4,299.99,South,Consumer,PayPal,1199.96
TX-13850,2025-05-15,CUST-0279,Whiteboard,Office Supplies,4,79.99,East,Corporate,Bank Transfer,319.96
TX-14816,2024-11-12,CUST-0345,Smartwatch,Electronics,2,200.0,South,Small Business,Cash,400.0
TX-12965,2024-01-09,CUST-0107,Mechanical Keyboard,Accessories,2,99.99,West,Consumer,Credit Card,199.98
TX-13391,2025-11-06,CUST-0074,Mechanical Keyboard,Accessories,2,99.99,South,Small Business,PayPal,199.98
TX-12560,2025-04-09,CUST-0206,USB-C Multi-Hub,Accessories,3,39.99,South,Consumer,PayPal,119.97
TX-14926,2025-06-22,CUST-0223,4K Monitor,Electronics,6,350.0,South,Corporate,Credit Card,2100.0
TX-12635,2024-01-09,CUST-0390,Desk Mat,Accessories,2,25.0,South,Small Business,Credit Card,50.0
TX-13530,2024-10-24,CUST-0049,Laptop Sleeve,Accessories,3,26.69,West,Corporate,Bank Transfer,80.07000000000001
TX-10375,2024-04-13,CUST-0275,Gel Pens 12-Pack,Office Supplies,3,12.99,West,Small Business,Cash,38.97
TX-11908,2024-07-26,CUST-0137,Noise-Cancelling Headphones,Electronics,2,250.0,South,Consumer,PayPal,500.0
TX-14358,2025-10-29,CUST-0393,Standing Desk,Office Supplies,8,450.0,South,Corporate,PayPal,3600.0
TX-14405,2025-04-21,CUST-UNKNOWN,Desk Mat,Accessories,7,21.0,North,Corporate,Credit Card,147.0
TX-14027,2024-08-19,CUST-0010,Premium Notebook,Office Supplies,1,15.5,South,Small Business,Cash,15.5
TX-11604,2024-07-04,CUST-0348,Premium Notebook,Office Supplies,1,15.5,West,Small Business,Cash,15.5
TX-11118,2024-08-02,CUST-0384,Premium Notebook,Office Supplies,2,15.5,South,Corporate,PayPal,31.0
TX-13677,2025-10-13,CUST-0048,Laptop Sleeve,Accessories,1,29.99,East,Consumer,PayPal,29.99
TX-13490,2024-10-01,CUST-UNKNOWN,Desk Mat,Accessories,5,25.0,West,Corporate,Credit Card,125.0
TX-14893,2025-09-21,CUST-0114,Noise-Cancelling Headphones,Electronics,4,250.0,North,Small Business,Credit Card,1000.0
TX-12958,2024-12-18,CUST-0224,4K Monitor,Electronics,1,350.0,North,Small Business,PayPal,350.0
TX-11994,2024-01-01,CUST-0148,Whiteboard,Office Supplies,4,79.99,South,Small Business,Cash,319.96
TX-14985,2024-07-27,CUST-0278,Laptop Sleeve,Accessories,3,29.99,East,Consumer,Cash,89.97
TX-14381,2024-05-02,CUST-0039,Gel Pens 12-Pack,Office Supplies,3,12.99,South,Consumer,Bank Transfer,38.97
TX-12376,2024-05-20,CUST-0133,Gel Pens 12-Pack,Office Supplies,4,12.99,East,Corporate,Cash,51.96
TX-11342,2025-06-24,CUST-0021,Ergonomic Chair,Office Supplies,1,248.99,East,Consumer,Cash,248.99
TX-10320,2024-08-26,CUST-0278,Ergonomic Chair,Office Supplies,3,299.99,East,Consumer,Credit Card,899.97
TX-11619,2024-06-30,CUST-0002,USB-C Multi-Hub,Accessories,4,39.99,East,Consumer,PayPal,159.96
TX-13713,2024-03-27,CUST-0313,Mechanical Keyboard,Accessories,2,99.99,West,Corporate,Bank Transfer,199.98
TX-12060,2024-01-04,CUST-0123,Noise-Cancelling Headphones,Electronics,2,250.0,South,Consumer,Credit Card,500.0
TX-12219,2024-10-30,CUST-0304,Premium Tablet,Electronics,7,534.0,North,Corporate,Credit Card,3738.0
TX-11673,2025-08-10,CUST-0046,Standing Desk,Office Supplies,3,450.0,East,Consumer,Bank Transfer,1350.0
TX-10260,2025-12-14,CUST-0023,Wireless Mouse,Accessories,2,49.99,North,Corporate,Bank Transfer,99.98
TX-14443,2025-12-25,CUST-0188,Laptop Sleeve,Accessories,3,29.99,North,Corporate,Credit Card,89.97
TX-12039,2024-05-05,CUST-0343,Laptop Sleeve,Accessories,3,29.99,West,Small Business,PayPal,89.97
TX-10901,2025-07-26,CUST-0092,Standing Desk,Office Supplies,10,450.0,East,Corporate,Cash,4500.0
TX-13744,2024-11-11,CUST-0231,Premium Tablet,Electronics,1,600.0,East,Small Business,Bank Transfer,600.0
TX-12026,2024-10-20,CUST-0307,Whiteboard,Office Supplies,4,75.19,West,Consumer,Credit Card,300.76
TX-14234,2024-12-11,CUST-0088,Ergonomic Chair,Office Supplies,3,299.99,West,Small Business,Cash,899.97
TX-11917,2025-05-28,CUST-0279,4K Monitor,Electronics,3,350.0,East,Corporate,Credit Card,1050.0
TX-11828,2024-07-05,CUST-0230,Smartwatch,Electronics,3,200.0,North,Small Business,Bank Transfer,600.0
TX-11573,2025-02-14,CUST-0304,Premium Tablet,Electronics,10,600.0,South,Corporate,PayPal,6000.0
TX-14420,2025-10-06,CUST-0102,Laptop Sleeve,Accessories,4,29.99,North,Consumer,Bank Transfer,119.96
TX-14208,2024-06-07,CUST-0205,Wireless Mouse,Accessories,4,49.99,North,Corporate,PayPal,199.96
TX-10224,2025-09-23,CUST-0248,Desk Mat,Accessories,1,25.0,South,Small Business,Credit Card,25.0
TX-10723,2024-11-04,CUST-0386,Mechanical Keyboard,Accessories,4,99.99,North,Small Business,Cash,399.96
TX-14511,2025-11-28,CUST-0078,Standing Desk,Office Supplies,4,450.0,East,Consumer,Bank Transfer,1800.0
TX-11141,2024-05-10,CUST-0161,Whiteboard,Office Supplies,1,69.59,East,Consumer,Bank Transfer,69.59
TX-12762,2025-06-25,CUST-0375,USB-C Multi-Hub,Accessories,3,34.39,East,Corporate,Cash,103.17
TX-10846,2025-11-08,CUST-0278,Whiteboard,Office Supplies,1,79.99,East,Consumer,Credit Card,79.99
TX-12551,2025-02-24,CUST-0341,Noise-Cancelling Headphones,Electronics,10,250.0,North,Corporate,Bank Transfer,2500.0
TX-12928,2024-04-28,CUST-0153,Smartwatch,Electronics,1,200.0,East,Consumer,Credit Card,200.0
TX-10117,2024-03-28,CUST-0269,Ergonomic Chair,Office Supplies,10,299.99,East,Corporate,Credit Card,2999.9
TX-10645,2024-11-07,CUST-0147,Standing Desk,Office Supplies,4,450.0,North,Small Business,Bank Transfer,1800.0
TX-10003,2024-07-31,CUST-0321,Noise-Cancelling Headphones,Electronics,1,250.0,North,Small Business,PayPal,250.0
TX-14170,2025-11-17,CUST-0239,Gel Pens 12-Pack,Office Supplies,1,12.99,South,Small Business,PayPal,12.99
TX-10467,2025-01-18,CUST-0261,Gel Pens 12-Pack,Office Supplies,1,12.99,South,Small Business,Bank Transfer,12.99
TX-10005,2024-10-16,CUST-0233,Premium Tablet,Electronics,6,600.0,West,Corporate,PayPal,3600.0
TX-10919,2025-05-16,CUST-0229,Gel Pens 12-Pack,Office Supplies,3,11.56,East,Small Business,Cash,34.68
TX-12595,2024-11-28,CUST-0135,Premium Tablet,Electronics,3,600.0,West,Consumer,PayPal,1800.0
TX-11063,2025-04-07,CUST-0328,Ergonomic Chair,Office Supplies,2,299.99,North,Consumer,Credit Card,599.98
TX-12590,2025-04-15,CUST-0024,Mechanical Keyboard,Accessories,4,99.99,North,Small Business,Cash,399.96
TX-10242,2025-02-01,CUST-0372,Mechanical Keyboard,Accessories,10,99.99,East,Corporate,PayPal,999.9
TX-11160,2025-10-22,CUST-0153,Mechanical Keyboard,Accessories,1,80.99,East,Consumer,Bank Transfer,80.99
TX-12870,2024-05-01,CUST-0050,Mechanical Keyboard,Accessories,4,99.99,West,Consumer,Credit Card,399.96
TX-13735,2024-03-29,CUST-0281,Noise-Cancelling Headphones,Electronics,2,250.0,North,Consumer,Cash,500.0
TX-12397,2024-02-21,CUST-0168,Premium Notebook,Office Supplies,2,15.5,East,Small Business,Credit Card,31.0
TX-13517,2025-12-06,CUST-0073,4K Monitor,Electronics,4,297.5,East,Small Business,Credit Card,1190.0
TX-13421,2024-08-15,CUST-0043,Whiteboard,Office Supplies,2,79.99,East,Consumer,Cash,159.98
TX-12563,2024-10-19,CUST-0005,USB-C Multi-Hub,Accessories,3,39.99,North,Small Business,Credit Card,119.97
TX-11605,2025-02-28,CUST-0337,Noise-Cancelling Headphones,Electronics,3,250.0,West,Small Business,Cash,750.0
TX-14857,2025-05-18,CUST-0008,Ergonomic Chair,Office Supplies,1,299.99,South,Consumer,Bank Transfer,299.99
TX-12324,2024-10-11,CUST-0318,Smartwatch,Electronics,1,200.0,North,Small Business,Cash,200.0
TX-12709,2024-08-20,CUST-0091,Mechanical Keyboard,Accessories,4,99.99,South,Small Business,PayPal,399.96
TX-14424,2025-08-31,CUST-0388,Desk Mat,Accessories,3,25.0,North,Consumer,Bank Transfer,75.0
TX-11312,2025-02-04,CUST-0099,Desk Mat,Accessories,1,21.25,South,Consumer,Cash,21.25
TX-13448,2024-05-09,CUST-0246,USB-C Multi-Hub,Accessories,1,39.99,South,Small Business,Cash,39.99
TX-13812,2025-12-11,CUST-0325,Wireless Mouse,Accessories,6,49.99,South,Corporate,Credit Card,299.94
TX-14800,2025-01-14,CUST-0038,4K Monitor,Electronics,4,350.0,South,Small Business,PayPal,1400.0
TX-12362,2025-03-04,CUST-0243,Gel Pens 12-Pack,Office Supplies,1,12.99,West,Small Business,PayPal,12.99
TX-11975,2024-03-24,CUST-0228,Standing Desk,Office Supplies,4,378.0,East,Small Business,Cash,1512.0
TX-13514,2025-11-26,CUST-0080,Premium Tablet,Electronics,3,600.0,East,Corporate,Cash,1800.0
TX-11761,2024-06-24,CUST-0012,Desk Mat,Accessories,1,25.0,West,Small Business,Bank Transfer,25.0
TX-12739,2025-01-14,CUST-0007,Pro Laptop,Electronics,2,1200.0,North,Consumer,Credit Card,2400.0
TX-14686,2025-06-01,CUST-0040,Desk Mat,Accessories,2,25.0,West,Corporate,Credit Card,50.0
TX-12472,2025-03-27,CUST-0028,Mechanical Keyboard,Accessories,2,93.99,North,Consumer,Credit Card,187.98
TX-14007,2025-06-20,CUST-0018,Smartwatch,Electronics,2,190.0,North,Consumer,Cash,380.0
TX-11493,2025-06-17,CUST-0163,4K Monitor,Electronics,2,350.0,South,Corporate,Credit Card,700.0
TX-14206,2025-12-14,CUST-0163,Gel Pens 12-Pack,Office Supplies,9,12.99,South,Corporate,Credit Card,116.91
TX-12158,2024-10-13,CUST-0272,Wireless Mouse,Accessories,5,49.99,West,Corporate,Credit Card,249.95000000000002
TX-11169,2025-09-29,CUST-0217,4K Monitor,Electronics,3,350.0,South,Small Business,Bank Transfer,1050.0
TX-14542,2024-08-08,CUST-0307,Premium Tablet,Electronics,1,600.0,West,Consumer,Bank Transfer,600.0
TX-10232,2024-10-14,CUST-0289,Wireless Mouse,Accessories,2,45.99,North,Consumer,Bank Transfer,91.98
TX-10066,2024-11-16,CUST-0192,Smartwatch,Electronics,3,200.0,North,Corporate,Credit Card,600.0
TX-11603,2025-03-23,CUST-0353,Noise-Cancelling Headphones,Electronics,10,250.0,West,Corporate,Credit Card,2500.0
TX-13283,2025-10-04,CUST-0313,Smartwatch,Electronics,3,190.0,West,Corporate,Cash,570.0
TX-13596,2025-12-03,CUST-0081,Laptop Sleeve,Accessories,4,25.49,North,Consumer,Cash,101.96
TX-10125,2025-05-24,CUST-0266,Ergonomic Chair,Office Supplies,4,299.99,South,Consumer,Credit Card,1199.96
TX-11296,2025-08-15,CUST-0316,Noise-Cancelling Headphones,Electronics,7,220.0,North,Corporate,Credit Card,1540.0
TX-11976,2024-07-29,CUST-0345,Gel Pens 12-Pack,Office Supplies,3,11.3,South,Small Business,Bank Transfer,33.900000000000006
TX-14543,2025-01-03,CUST-0330,Desk Mat,Accessories,4,25.0,North,Corporate,Credit Card,100.0
TX-14507,2025-10-18,CUST-0016,Desk Mat,Accessories,2,25.0,East,Consumer,Bank Transfer,50.0
TX-12075,2025-09-09,CUST-UNKNOWN,Noise-Cancelling Headphones,Electronics,1,250.0,West,Consumer,Credit Card,250.0
TX-13086,2024-09-11,CUST-0005,4K Monitor,Electronics,3,350.0,North,Small Business,Cash,1050.0
TX-14371,2025-11-30,CUST-0228,Smartwatch,Electronics,1,200.0,East,Small Business,PayPal,200.0
TX-13345,2024-03-31,CUST-0012,Standing Desk,Office Supplies,3,450.0,West,Small Business,PayPal,1350.0
TX-14490,2025-04-10,CUST-0334,Gel Pens 12-Pack,Office Supplies,2,12.99,East,Small Business,Bank Transfer,25.98
TX-12797,2025-12-14,CUST-0106,Gel Pens 12-Pack,Office Supplies,2,11.04,South,Small Business,Cash,22.08
TX-10918,2024-11-13,CUST-0309,Noise-Cancelling Headphones,Electronics,3,250.0,West,Corporate,Bank Transfer,750.0
TX-11646,2024-02-03,CUST-0051,Whiteboard,Office Supplies,1,79.99,East,Consumer,Bank Transfer,79.99
TX-10364,2025-11-07,CUST-0329,Desk Mat,Accessories,2,25.0,East,Consumer,Bank Transfer,50.0
TX-13287,2025-04-05,CUST-0377,4K Monitor,Electronics,4,350.0,South,Corporate,Cash,1400.0
TX-12125,2025-09-17,CUST-0228,Premium Notebook,Office Supplies,3,15.5,East,Small Business,PayPal,46.5
TX-14123,2024-03-12,CUST-0224,Mechanical Keyboard,Accessories,4,99.99,North,Small Business,Cash,399.96
TX-10525,2025-11-21,CUST-0336,Premium Tablet,Electronics,3,600.0,North,Corporate,Bank Transfer,1800.0
TX-10055,2024-08-26,CUST-0169,4K Monitor,Electronics,1,350.0,North,Consumer,Bank Transfer,350.0
TX-10638,2025-01-17,CUST-0095,Gel Pens 12-Pack,Office Supplies,4,11.95,South,Consumer,PayPal,47.8
TX-10302,2025-08-05,CUST-0216,Whiteboard,Office Supplies,4,79.99,North,Corporate,Cash,319.96
TX-12766,2024-02-08,CUST-0263,Whiteboard,Office Supplies,2,79.99,West,Consumer,Credit Card,159.98
TX-11276,2024-12-13,CUST-0320,Ergonomic Chair,Office Supplies,4,299.99,South,Consumer,PayPal,1199.96
TX-12055,2025-07-19,CUST-0060,Smartwatch,Electronics,3,200.0,South,Small Business,PayPal,600.0
TX-13644,2024-05-18,CUST-0064,Noise-Cancelling Headphones,Electronics,4,250.0,West,Small Business,Bank Transfer,1000.0
TX-14143,2024-03-30,CUST-0169,Noise-Cancelling Headphones,Electronics,3,250.0,North,Consumer,Cash,750.0
TX-12878,2024-10-22,CUST-0077,Standing Desk,Office Supplies,1,450.0,South,Consumer,Bank Transfer,450.0
TX-14202,2025-01-09,CUST-0258,USB-C Multi-Hub,Accessories,2,39.99,South,Small Business,Bank Transfer,79.98
TX-12286,2025-08-07,CUST-0017,Standing Desk,Office Supplies,3,450.0,South,Corporate,Cash,1350.0
TX-12261,2024-04-20,CUST-0168,Pro Laptop,Electronics,2,1200.0,South,Small Business,PayPal,2400.0
TX-12296,2025-05-25,CUST-0372,Premium Tablet,Electronics,9,516.0,East,Corporate,Cash,4644.0
TX-11753,2025-12-12,CUST-0126,Smartwatch,Electronics,2,182.0,North,Consumer,PayPal,364.0
TX-11968,2025-08-03,CUST-0058,Whiteboard,Office Supplies,3,79.99,North,Consumer,Bank Transfer,239.96999999999997
TX-14377,2024-02-19,CUST-0071,Premium Notebook,Office Supplies,8,15.5,South,Corporate,Bank Transfer,124.0
TX-13117,2024-12-24,CUST-0045,Mechanical Keyboard,Accessories,2,99.99,East,Corporate,PayPal,199.98
TX-12393,2024-11-17,CUST-UNKNOWN,Laptop Sleeve,Accessories,3,29.99,South,Small Business,Bank Transfer,89.97
TX-10523,2025-09-03,CUST-0030,Smartwatch,Electronics,4,200.0,North,Consumer,Credit Card,800.0
TX-13900,2025-01-29,CUST-0287,Ergonomic Chair,Office Supplies,4,299.99,East,Small Business,Cash,1199.96
TX-13122,2024-01-06,CUST-0241,Premium Notebook,Office Supplies,3,15.5,North,Corporate,Credit Card,46.5
TX-14156,2025-05-22,CUST-0144,Ergonomic Chair,Office Supplies,1,299.99,North,Small Business,PayPal,299.99
TX-11969,2024-08-24,CUST-0310,USB-C Multi-Hub,Accessories,10,39.99,South,Corporate,Bank Transfer,399.90000000000003
TX-10671,2025-11-19,CUST-0243,Premium Tablet,Electronics,4,600.0,West,Small Business,PayPal,2400.0
TX-14188,2025-02-24,CUST-0019,4K Monitor,Electronics,2,350.0,West,Consumer,PayPal,700.0
TX-10666,2025-10-09,CUST-0093,Mechanical Keyboard,Accessories,6,94.99,East,Corporate,PayPal,569.9399999999999
TX-14679,2024-06-03,CUST-0045,Laptop Sleeve,Accessories,8,29.99,East,Corporate,Cash,239.92
TX-11887,2024-11-26,CUST-0325,Desk Mat,Accessories,2,25.0,South,Corporate,Bank Transfer,50.0
TX-13266,2024-02-13,CUST-0349,Gel Pens 12-Pack,Office Supplies,2,12.21,East,Corporate,Bank Transfer,24.42
TX-10280,2025-06-10,CUST-0348,Premium Tablet,Electronics,4,600.0,West,Small Business,Credit Card,2400.0
TX-11719,2025-05-31,CUST-0262,Premium Tablet,Electronics,2,504.0,North,Consumer,Credit Card,1008.0
TX-12947,2025-02-07,CUST-0351,Desk Mat,Accessories,4,21.75,East,Corporate,Cash,87.0
TX-10899,2024-08-28,CUST-0242,Whiteboard,Office Supplies,1,79.99,South,Consumer,Credit Card,79.99
TX-14879,2025-03-25,CUST-0391,Whiteboard,Office Supplies,2,79.99,West,Consumer,Cash,159.98
TX-10760,2024-04-30,CUST-0272,4K Monitor,Electronics,7,350.0,West,Corporate,PayPal,2450.0
TX-11906,2025-01-21,CUST-0016,Smartwatch,Electronics,4,200.0,East,Consumer,Cash,800.0
TX-14042,2025-08-17,CUST-0316,Noise-Cancelling Headphones,Electronics,8,250.0,North,Corporate,PayPal,2000.0
TX-13823,2024-08-10,CUST-0190,Gel Pens 12-Pack,Office Supplies,3,12.99,South,Consumer,Bank Transfer,38.97
TX-14138,2025-10-31,CUST-0209,Laptop Sleeve,Accessories,4,29.99,South,Consumer,Credit Card,119.96
TX-13818,2025-02-08,CUST-0154,Laptop Sleeve,Accessories,3,29.99,East,Corporate,Credit Card,89.97
TX-14300,2025-06-26,CUST-0331,Mechanical Keyboard,Accessories,3,99.99,West,Corporate,Cash,299.96999999999997
TX-12593,2025-07-25,CUST-0348,Mechanical Keyboard,Accessories,1,99.99,West,Small Business,Cash,99.99
TX-14164,2024-06-23,CUST-0070,Premium Notebook,Office Supplies,6,15.5,South,Corporate,PayPal,93.0
TX-13031,2024-10-11,CUST-0036,Premium Notebook,Office Supplies,3,15.5,East,Small Business,Credit Card,46.5
TX-13579,2024-11-07,CUST-0184,Standing Desk,Office Supplies,4,450.0,West,Small Business,Credit Card,1800.0
TX-12832,2025-09-28,CUST-0099,Gel Pens 12-Pack,Office Supplies,4,12.99,South,Consumer,Credit Card,51.96
TX-13472,2025-09-05,CUST-0069,4K Monitor,Electronics,3,350.0,East,Consumer,Cash,1050.0
TX-10137,2025-12-29,CUST-0359,Mechanical Keyboard,Accessories,3,91.99,East,Small Business,PayPal,275.96999999999997
TX-12180,2024-11-24,CUST-0090,Noise-Cancelling Headphones,Electronics,3,222.5,West,Consumer,Bank Transfer,667.5
TX-12128,2025-10-27,CUST-0378,Pro Laptop,Electronics,2,1200.0,North,Small Business,PayPal,2400.0
TX-13177,2025-05-15,CUST-0124,Premium Tablet,Electronics,2,600.0,West,Small Business,Cash,1200.0
TX-14393,2025-12-22,CUST-0385,Mechanical Keyboard,Accessories,4,99.99,South,Corporate,Credit Card,399.96
TX-14261,2025-07-10,CUST-0358,Smartwatch,Electronics,10,200.0,East,Corporate,PayPal,2000.0
TX-14344,2024-09-29,CUST-0119,Ergonomic Chair,Office Supplies,2,299.99,South,Small Business,Credit Card,599.98
TX-11331,2025-05-14,CUST-0222,Gel Pens 12-Pack,Office Supplies,6,12.99,North,Corporate,Bank Transfer,77.94
TX-12017,2024-11-30,CUST-0367,Laptop Sleeve,Accessories,3,29.99,North,Consumer,PayPal,89.97
TX-12482,2025-07-12,CUST-0382,Gel Pens 12-Pack,Office Supplies,2,12.99,East,Consumer,PayPal,25.98
TX-11358,2024-04-22,CUST-0124,Smartwatch,Electronics,2,170.0,West,Small Business,Bank Transfer,340.0
TX-11329,2025-02-13,CUST-0099,Standing Desk,Office Supplies,3,450.0,South,Consumer,Bank Transfer,1350.0
TX-12150,2024-09-11,CUST-0265,Smartwatch,Electronics,2,200.0,West,Consumer,Credit Card,400.0
TX-12122,2025-06-29,CUST-0216,Pro Laptop,Electronics,4,1068.0,North,Corporate,PayPal,4272.0
TX-13981,2024-08-15,CUST-0172,Standing Desk,Office Supplies,5,450.0,South,Corporate,Credit Card,2250.0
TX-11252,2025-08-17,CUST-0270,Mechanical Keyboard,Accessories,1,99.99,West,Small Business,PayPal,99.99
TX-13278,2025-06-05,CUST-0202,Mechanical Keyboard,Accessories,2,99.99,South,Corporate,PayPal,199.98
TX-13374,2025-03-14,CUST-0097,Wireless Mouse,Accessories,2,42.49,North,Small Business,Credit Card,84.98
TX-12814,2024-10-11,CUST-0261,Premium Notebook,Office Supplies,3,13.02,South,Small Business,Bank Transfer,39.06
TX-11848,2024-03-18,CUST-0097,Noise-Cancelling Headphones,Electronics,2,250.0,North,Small Business,PayPal,500.0
TX-13037,2024-05-20,CUST-0215,Laptop Sleeve,Accessories,1,29.99,East,Consumer,Bank Transfer,29.99
TX-10388,2024-10-02,CUST-0263,Pro Laptop,Electronics,4,1200.0,West,Consumer,PayPal,4800.0
TX-10235,2024-12-20,CUST-0119,Noise-Cancelling Headphones,Electronics,4,227.5,South,Small Business,Bank Transfer,910.0
TX-11077,2024-02-15,CUST-0237,Pro Laptop,Electronics,4,1200.0,West,Small Business,Cash,4800.0
TX-11984,2025-12-25,CUST-0048,Laptop Sleeve,Accessories,1,24.29,East,Consumer,Bank Transfer,24.29
TX-14363,2025-04-30,CUST-0238,Pro Laptop,Electronics,4,1200.0,West,Small Business,PayPal,4800.0
TX-13962,2025-03-04,CUST-0026,Wireless Mouse,Accessories,1,46.99,East,Small Business,Bank Transfer,46.99
TX-10770,2024-03-02,CUST-0057,Gel Pens 12-Pack,Office Supplies,4,12.99,West,Consumer,PayPal,51.96
TX-12165,2025-10-08,CUST-0253,Premium Tablet,Electronics,4,600.0,South,Consumer,Bank Transfer,2400.0
TX-10673,2025-11-25,CUST-UNKNOWN,Premium Tablet,Electronics,3,558.0,West,Small Business,Bank Transfer,1674.0
TX-10249,2025-07-17,CUST-0014,Desk Mat,Accessories,2,25.0,South,Small Business,Cash,50.0
TX-11574,2025-09-03,CUST-0358,Mechanical Keyboard,Accessories,4,99.99,East,Corporate,PayPal,399.96
TX-13419,2025-01-22,CUST-0008,Noise-Cancelling Headphones,Electronics,2,250.0,South,Consumer,Bank Transfer,500.0
TX-12081,2025-08-28,CUST-0288,Pro Laptop,Electronics,7,972.0,West,Corporate,PayPal,6804.0
TX-11823,2024-12-31,CUST-0110,Ergonomic Chair,Office Supplies,3,299.99,North,Small Business,Bank Transfer,899.97
TX-10716,2024-06-22,CUST-0337,Whiteboard,Office Supplies,1,79.99,West,Small Business,Bank Transfer,79.99
TX-14695,2024-09-11,CUST-0045,Smartwatch,Electronics,8,200.0,East,Corporate,Cash,1600.0
TX-12048,2024-02-10,CUST-0369,Laptop Sleeve,Accessories,3,26.99,West,Small Business,Cash,80.97
TX-14178,2025-12-28,CUST-0356,Ergonomic Chair,Office Supplies,2,278.99,West,Consumer,Credit Card,557.98
TX-12724,2024-10-06,CUST-0005,Premium Notebook,Office Supplies,2,15.5,North,Small Business,Credit Card,31.0
TX-14547,2025-03-19,CUST-0180,Premium Tablet,Electronics,3,492.0,North,Consumer,PayPal,1476.0
TX-11460,2025-08-07,CUST-0191,Desk Mat,Accessories,3,25.0,East,Corporate,Cash,75.0
TX-11668,2024-11-29,CUST-0379,Premium Tablet,Electronics,4,546.0,South,Consumer,Bank Transfer,2184.0
TX-12756,2025-04-19,CUST-0218,Whiteboard,Office Supplies,2,79.99,East,Consumer,Bank Transfer,159.98
TX-12000,2025-08-27,CUST-0389,Mechanical Keyboard,Accessories,3,99.99,East,Small Business,Cash,299.96999999999997
TX-10404,2024-07-03,CUST-0399,Smartwatch,Electronics,3,200.0,West,Consumer,PayPal,600.0
TX-10384,2024-09-12,CUST-0017,Ergonomic Chair,Office Supplies,7,299.99,South,Corporate,PayPal,2099.9300000000003
TX-14518,2025-03-27,CUST-0204,Gel Pens 12-Pack,Office Supplies,8,12.99,North,Corporate,Cash,103.92
TX-12152,2024-10-29,CUST-0268,USB-C Multi-Hub,Accessories,4,36.39,West,Small Business,Bank Transfer,145.56
TX-11633,2024-05-25,CUST-0248,Noise-Cancelling Headphones,Electronics,1,250.0,South,Small Business,Bank Transfer,250.0
TX-14612,2025-10-01,CUST-0064,USB-C Multi-Hub,Accessories,2,39.99,West,Small Business,PayPal,79.98
TX-13925,2025-05-05,CUST-0400,Standing Desk,Office Supplies,1,450.0,North,Consumer,Credit Card,450.0
TX-14158,2024-12-02,CUST-0025,Premium Tablet,Electronics,4,600.0,East,Small Business,Bank Transfer,2400.0
TX-10223,2024-08-24,CUST-0078,Premium Tablet,Electronics,4,510.0,East,Consumer,Bank Transfer,2040.0
TX-12193,2025-07-27,CUST-0029,Whiteboard,Office Supplies,2,67.99,South,Corporate,Cash,135.98
TX-13136,2024-01-22,CUST-0258,Wireless Mouse,Accessories,4,41.99,South,Small Business,Cash,167.96
TX-11824,2025-04-02,CUST-0244,Standing Desk,Office Supplies,6,391.5,East,Corporate,Bank Transfer,2349.0
TX-14627,2024-09-06,CUST-UNKNOWN,Wireless Mouse,Accessories,4,49.99,North,Consumer,Bank Transfer,199.96
TX-10797,2024-02-05,CUST-0341,Premium Notebook,Office Supplies,4,15.5,North,Corporate,Bank Transfer,62.0
TX-12871,2025-06-19,CUST-UNKNOWN,Ergonomic Chair,Office Supplies,3,299.99,South,Consumer,Bank Transfer,899.97
TX-10009,2024-01-27,CUST-0346,Laptop Sleeve,Accessories,1,29.99,East,Small Business,Bank Transfer,29.99
TX-11944,2024-08-25,CUST-0154,Smartwatch,Electronics,2,166.0,East,Corporate,Bank Transfer,332.0
TX-11838,2025-07-19,CUST-0145,Ergonomic Chair,Office Supplies,4,299.99,North,Small Business,Credit Card,1199.96
TX-10255,2024-12-05,CUST-0221,Pro Laptop,Electronics,3,1200.0,East,Corporate,Bank Transfer,3600.0
TX-14534,2024-11-25,CUST-UNKNOWN,Ergonomic Chair,Office Supplies,3,299.99,East,Consumer,Cash,899.97
TX-11581,2025-11-16,CUST-0114,Mechanical Keyboard,Accessories,2,99.99,North,Small Business,Bank Transfer,199.98
TX-12956,2024-12-01,CUST-0132,Noise-Cancelling Headphones,Electronics,5,250.0,North,Corporate,Bank Transfer,1250.0
TX-10924,2025-06-09,CUST-0056,Desk Mat,Accessories,4,25.0,South,Consumer,Credit Card,100.0
TX-14455,2024-01-01,CUST-0154,Wireless Mouse,Accessories,5,49.99,East,Corporate,Cash,249.95000000000002
TX-12508,2025-01-18,CUST-0011,Smartwatch,Electronics,4,200.0,West,Consumer,Cash,800.0
TX-13775,2024-08-23,CUST-0072,USB-C Multi-Hub,Accessories,4,39.99,North,Small Business,PayPal,159.96
TX-14136,2024-04-07,CUST-0154,4K Monitor,Electronics,8,350.0,East,Corporate,PayPal,2800.0
TX-12779,2025-08-07,CUST-0179,Mechanical Keyboard,Accessories,10,99.99,West,Corporate,Credit Card,999.9
TX-10539,2025-08-13,CUST-0066,4K Monitor,Electronics,4,350.0,North,Small Business,Cash,1400.0
TX-12745,2024-05-05,CUST-0139,Premium Notebook,Office Supplies,3,15.5,East,Consumer,PayPal,46.5
TX-14524,2024-12-30,CUST-0196,Premium Notebook,Office Supplies,4,15.5,West,Small Business,Bank Transfer,62.0
TX-14597,2025-02-17,CUST-0271,Premium Notebook,Office Supplies,4,14.57,West,Consumer,Cash,58.28
TX-11145,2025-12-06,CUST-0324,Smartwatch,Electronics,3,166.0,North,Small Business,Cash,498.0
TX-10667,2025-10-02,CUST-0378,4K Monitor,Electronics,4,315.0,North,Small Business,Cash,1260.0
TX-13019,2025-10-24,CUST-0119,Wireless Mouse,Accessories,1,49.99,South,Small Business,Credit Card,49.99
TX-10357,2024-10-28,CUST-0054,Noise-Cancelling Headphones,Electronics,2,235.0,West,Small Business,Cash,470.0
TX-12831,2025-12-11,CUST-0110,Smartwatch,Electronics,1,200.0,North,Small Business,Credit Card,200.0
TX-12783,2025-08-17,CUST-0135,Ergonomic Chair,Office Supplies,3,299.99,West,Consumer,PayPal,899.97
TX-11353,2024-03-02,CUST-0344,Smartwatch,Electronics,8,200.0,South,Corporate,PayPal,1600.0
TX-10470,2025-03-10,CUST-0054,4K Monitor,Electronics,4,350.0,West,Small Business,Credit Card,1400.0
TX-12703,2025-03-08,CUST-0378,Mechanical Keyboard,Accessories,1,80.99,North,Small Business,Credit Card,80.99
TX-13330,2024-02-25,CUST-0299,Standing Desk,Office Supplies,8,450.0,North,Corporate,Cash,3600.0
TX-13637,2025-12-24,CUST-0305,Premium Tablet,Electronics,4,600.0,North,Consumer,Credit Card,2400.0
TX-11396,2025-06-07,CUST-0028,Mechanical Keyboard,Accessories,2,81.99,North,Consumer,Cash,163.98
TX-13584,2024-01-30,CUST-0264,Whiteboard,Office Supplies,1,79.99,South,Small Business,Cash,79.99
TX-14512,2025-06-15,CUST-0387,Standing Desk,Office Supplies,7,450.0,South,Corporate,Bank Transfer,3150.0
TX-13376,2024-05-01,CUST-0179,Ergonomic Chair,Office Supplies,3,269.99,West,Corporate,PayPal,809.97
TX-11256,2024-04-30,CUST-0357,Mechanical Keyboard,Accessories,8,99.99,East,Corporate,Credit Card,799.92
TX-13512,2024-04-01,CUST-0308,Pro Laptop,Electronics,6,1200.0,North,Corporate,Cash,7200.0
TX-11250,2025-12-11,CUST-0309,USB-C Multi-Hub,Accessories,4,39.99,West,Corporate,PayPal,159.96
TX-14836,2024-05-30,CUST-0351,Mechanical Keyboard,Accessories,5,99.99,East,Corporate,Bank Transfer,499.95
TX-14298,2025-01-08,CUST-0147,4K Monitor,Electronics,2,350.0,North,Small Business,Bank Transfer,700.0
TX-13284,2024-06-14,CUST-0085,4K Monitor,Electronics,1,350.0,North,Consumer,Cash,350.0
TX-12933,2025-01-08,CUST-0391,Laptop Sleeve,Accessories,4,29.99,West,Consumer,Bank Transfer,119.96
TX-14175,2025-11-30,CUST-0082,Standing Desk,Office Supplies,7,450.0,East,Corporate,Bank Transfer,3150.0
TX-11852,2024-03-31,CUST-0395,Whiteboard,Office Supplies,1,79.99,East,Consumer,Bank Transfer,79.99
TX-14898,2024-09-05,CUST-0219,Smartwatch,Electronics,3,200.0,North,Small Business,Cash,600.0
TX-12105,2025-03-11,CUST-0129,USB-C Multi-Hub,Accessories,2,39.99,West,Consumer,Cash,79.98
TX-10133,2025-10-27,CUST-0059,Premium Tablet,Electronics,4,600.0,South,Small Business,Cash,2400.0
TX-10928,2024-07-10,CUST-0109,Pro Laptop,Electronics,3,1200.0,South,Consumer,Credit Card,3600.0
TX-10823,2025-01-06,CUST-0072,Whiteboard,Office Supplies,3,79.99,North,Small Business,PayPal,239.96999999999997
TX-14569,2025-11-25,CUST-0239,Desk Mat,Accessories,2,25.0,South,Small Business,PayPal,50.0
TX-11531,2024-07-02,CUST-0077,Ergonomic Chair,Office Supplies,1,299.99,South,Consumer,Bank Transfer,299.99
TX-11214,2025-05-18,CUST-0156,Pro Laptop,Electronics,2,1200.0,East,Corporate,PayPal,2400.0
TX-10504,2025-08-10,CUST-0069,Laptop Sleeve,Accessories,1,27.29,East,Consumer,PayPal,27.29
TX-14285,2025-09-08,CUST-0170,Whiteboard,Office Supplies,4,67.99,East,Consumer,Cash,271.96
TX-11996,2025-06-20,CUST-0209,4K Monitor,Electronics,4,350.0,South,Consumer,PayPal,1400.0
TX-13072,2025-08-17,CUST-0337,4K Monitor,Electronics,1,283.5,West,Small Business,Bank Transfer,283.5
TX-11958,2025-08-02,CUST-0157,Noise-Cancelling Headphones,Electronics,4,250.0,East,Consumer,Bank Transfer,1000.0
TX-11384,2025-05-29,CUST-0341,Mechanical Keyboard,Accessories,3,83.99,North,Corporate,Bank Transfer,251.96999999999997
TX-10894,2025-05-21,CUST-0196,Smartwatch,Electronics,2,200.0,West,Small Business,PayPal,400.0
TX-10455,2025-07-29,CUST-0115,Laptop Sleeve,Accessories,4,29.99,North,Consumer,PayPal,119.96
TX-14663,2025-03-28,CUST-0305,USB-C Multi-Hub,Accessories,1,39.99,North,Consumer,Cash,39.99
TX-13709,2024-06-25,CUST-0387,Premium Notebook,Office Supplies,10,15.5,South,Corporate,Credit Card,155.0
TX-14645,2025-01-08,CUST-0173,Mechanical Keyboard,Accessories,3,99.99,East,Small Business,Bank Transfer,299.96999999999997
TX-14268,2025-11-16,CUST-0316,Laptop Sleeve,Accessories,9,29.99,North,Corporate,Credit Card,269.90999999999997
TX-13522,2025-06-17,CUST-0059,Wireless Mouse,Accessories,3,42.49,South,Small Business,Credit Card,127.47
TX-14134,2025-02-02,CUST-0201,Whiteboard,Office Supplies,9,69.59,East,Corporate,Credit Card,626.3100000000001
TX-13602,2025-04-07,CUST-0250,Smartwatch,Electronics,3,200.0,East,Consumer,Bank Transfer,600.0
TX-10713,2025-09-16,CUST-0046,Smartwatch,Electronics,1,200.0,East,Consumer,Bank Transfer,200.0
TX-14186,2024-08-09,CUST-0119,Mechanical Keyboard,Accessories,4,99.99,South,Small Business,Cash,399.96
TX-12214,2024-07-22,CUST-0104,Standing Desk,Office Supplies,3,450.0,South,Corporate,PayPal,1350.0
TX-12923,2025-04-21,CUST-0257,Pro Laptop,Electronics,2,1200.0,West,Small Business,Bank Transfer,2400.0
TX-11810,2025-10-13,CUST-0079,Whiteboard,Office Supplies,3,67.99,North,Small Business,PayPal,203.96999999999997
TX-13486,2024-11-24,CUST-0275,Noise-Cancelling Headphones,Electronics,2,250.0,West,Small Business,Bank Transfer,500.0
TX-13141,2025-11-04,CUST-0336,Ergonomic Chair,Office Supplies,6,299.99,North,Corporate,Cash,1799.94
TX-11827,2025-01-25,CUST-0245,Pro Laptop,Electronics,7,1200.0,West,Corporate,Cash,8400.0
TX-11155,2024-06-01,CUST-0207,Pro Laptop,Electronics,3,1200.0,West,Corporate,PayPal,3600.0
TX-11324,2025-09-06,CUST-0082,USB-C Multi-Hub,Accessories,3,39.99,East,Corporate,PayPal,119.97
TX-14312,2024-08-26,CUST-0135,USB-C Multi-Hub,Accessories,4,39.99,West,Consumer,Credit Card,159.96
TX-10510,2025-09-06,CUST-0273,Wireless Mouse,Accessories,1,49.99,East,Consumer,Cash,49.99
TX-11680,2025-04-24,CUST-0313,Mechanical Keyboard,Accessories,3,99.99,West,Corporate,Cash,299.96999999999997
TX-10499,2024-08-16,CUST-0265,Premium Notebook,Office Supplies,3,15.5,West,Consumer,Cash,46.5
TX-14562,2025-11-05,CUST-0046,Gel Pens 12-Pack,Office Supplies,2,12.99,East,Consumer,Credit Card,25.98
TX-11856,2025-01-29,CUST-0215,Premium Tablet,Electronics,3,600.0,East,Consumer,Cash,1800.0
TX-11388,2025-03-02,CUST-0155,Ergonomic Chair,Office Supplies,3,299.99,South,Small Business,Cash,899.97
TX-13719,2024-02-18,CUST-0113,Smartwatch,Electronics,3,200.0,West,Small Business,Bank Transfer,600.0
TX-12386,2025-03-29,CUST-0265,Premium Tablet,Electronics,3,600.0,West,Consumer,PayPal,1800.0
TX-13236,2025-03-26,CUST-0341,Gel Pens 12-Pack,Office Supplies,6,12.99,North,Corporate,Cash,77.94
TX-11540,2025-04-28,CUST-0168,Whiteboard,Office Supplies,1,79.99,East,Small Business,PayPal,79.99
TX-11217,2025-11-01,CUST-0229,Pro Laptop,Electronics,3,1200.0,East,Small Business,Bank Transfer,3600.0
TX-12681,2024-08-02,CUST-0082,USB-C Multi-Hub,Accessories,8,39.99,East,Corporate,PayPal,319.92
TX-12993,2025-01-15,CUST-0143,Pro Laptop,Electronics,1,996.0,North,Consumer,Cash,996.0
TX-11191,2025-01-17,CUST-0058,Standing Desk,Office Supplies,1,450.0,North,Consumer,Bank Transfer,450.0
TX-11542,2024-11-20,CUST-0310,Premium Tablet,Electronics,6,600.0,South,Corporate,PayPal,3600.0
TX-13301,2024-09-26,CUST-0048,Whiteboard,Office Supplies,1,79.99,East,Consumer,Credit Card,79.99
TX-13324,2024-04-26,CUST-0389,Noise-Cancelling Headphones,Electronics,3,250.0,East,Small Business,PayPal,750.0
TX-12539,2024-12-30,CUST-0300,4K Monitor,Electronics,2,350.0,East,Small Business,PayPal,700.0
TX-10953,2025-04-30,CUST-0175,Whiteboard,Office Supplies,2,79.99,East,Consumer,Credit Card,159.98
TX-14330,2025-04-17,CUST-0012,Noise-Cancelling Headphones,Electronics,3,250.0,West,Small Business,Cash,750.0
TX-10732,2025-12-13,CUST-0039,Desk Mat,Accessories,3,25.0,South,Consumer,Cash,75.0
TX-11156,2024-11-05,CUST-0089,Desk Mat,Accessories,3,25.0,South,Corporate,Cash,75.0
TX-13294,2025-03-07,CUST-0250,Whiteboard,Office Supplies,1,79.99,East,Consumer,Credit Card,79.99
TX-12982,2025-01-15,CUST-0398,Standing Desk,Office Supplies,2,450.0,North,Corporate,Bank Transfer,900.0
TX-12156,2024-08-22,CUST-0370,USB-C Multi-Hub,Accessories,7,39.99,South,Corporate,PayPal,279.93
TX-11062,2024-07-28,CUST-0033,Desk Mat,Accessories,2,21.5,East,Consumer,Cash,43.0
TX-12616,2025-01-26,CUST-0097,4K Monitor,Electronics,3,350.0,North,Small Business,PayPal,1050.0
TX-11167,2025-06-06,CUST-0108,Wireless Mouse,Accessories,2,46.49,West,Corporate,PayPal,92.98
TX-13222,2025-02-20,CUST-0274,Ergonomic Chair,Office Supplies,2,299.99,East,Small Business,Bank Transfer,599.98
TX-13636,2024-03-21,CUST-0392,Whiteboard,Office Supplies,2,79.99,North,Small Business,PayPal,159.98
TX-12938,2024-12-03,CUST-0069,4K Monitor,Electronics,3,350.0,East,Consumer,Cash,1050.0
TX-14491,2025-11-21,CUST-0274,Gel Pens 12-Pack,Office Supplies,4,12.99,East,Small Business,Cash,51.96
TX-13140,2024-10-09,CUST-0288,Noise-Cancelling Headphones,Electronics,4,250.0,West,Corporate,Cash,1000.0
TX-10143,2024-08-18,CUST-0266,Ergonomic Chair,Office Supplies,3,299.99,South,Consumer,PayPal,899.97
TX-13577,2025-11-24,CUST-0150,Ergonomic Chair,Office Supplies,6,299.99,North,Corporate,Cash,1799.94
TX-12782,2024-07-11,CUST-UNKNOWN,Desk Mat,Accessories,1,22.5,North,Consumer,Cash,22.5
TX-10717,2024-05-09,CUST-0259,Noise-Cancelling Headphones,Electronics,6,250.0,West,Corporate,PayPal,1500.0
TX-11819,2025-01-30,CUST-0291,Mechanical Keyboard,Accessories,3,99.99,North,Small Business,PayPal,299.96999999999997
TX-12502,2025-09-20,CUST-0114,USB-C Multi-Hub,Accessories,2,39.99,North,Small Business,Bank Transfer,79.98
TX-14360,2025-08-22,CUST-0100,Ergonomic Chair,Office Supplies,1,299.99,North,Small Business,Cash,299.99
TX-14171,2024-01-27,CUST-0002,Whiteboard,Office Supplies,2,79.99,East,Consumer,Cash,159.98
TX-10395,2025-09-06,CUST-0164,Mechanical Keyboard,Accessories,1,99.99,East,Consumer,Cash,99.99
TX-14865,2024-08-21,CUST-0263,Smartwatch,Electronics,4,200.0,West,Consumer,PayPal,800.0
TX-14492,2025-09-06,CUST-0100,Pro Laptop,Electronics,4,1200.0,North,Small Business,Bank Transfer,4800.0
TX-11365,2024-08-13,CUST-0376,USB-C Multi-Hub,Accessories,4,36.79,South,Consumer,PayPal,147.16
TX-14584,2024-10-10,CUST-0015,Standing Desk,Office Supplies,9,373.5,West,Corporate,PayPal,3361.5
TX-10595,2025-12-26,CUST-0137,Wireless Mouse,Accessories,1,45.99,South,Consumer,Bank Transfer,45.99
TX-13952,2024-03-20,CUST-0220,4K Monitor,Electronics,9,350.0,West,Corporate,Credit Card,3150.0
TX-12914,2024-04-11,CUST-0302,Whiteboard,Office Supplies,8,79.99,South,Corporate,Credit Card,639.92
TX-12326,2025-06-27,CUST-0333,Noise-Cancelling Headphones,Electronics,3,250.0,South,Consumer,Bank Transfer,750.0
TX-13766,2025-12-25,CUST-0384,Premium Notebook,Office Supplies,6,15.5,South,Corporate,Credit Card,93.0
TX-13440,2024-03-16,CUST-0320,Premium Tablet,Electronics,2,558.0,South,Consumer,PayPal,1116.0
TX-13851,2024-04-10,CUST-UNKNOWN,Mechanical Keyboard,Accessories,3,99.99,North,Corporate,Bank Transfer,299.96999999999997
TX-14132,2025-03-12,CUST-0314,Whiteboard,Office Supplies,9,73.59,North,Corporate,Bank Transfer,662.3100000000001
TX-14617,2025-10-05,CUST-0286,Ergonomic Chair,Office Supplies,2,281.99,West,Corporate,Bank Transfer,563.98
TX-12143,2025-07-30,CUST-0063,Smartwatch,Electronics,2,200.0,West,Small Business,Bank Transfer,400.0
TX-11571,2025-04-29,CUST-0125,Premium Notebook,Office Supplies,3,15.5,North,Consumer,Cash,46.5
TX-14079,2025-04-18,CUST-0312,Pro Laptop,Electronics,3,1140.0,West,Corporate,Cash,3420.0
TX-11122,2024-07-15,CUST-0133,Gel Pens 12-Pack,Office Supplies,3,12.21,East,Corporate,PayPal,36.63
TX-12786,2024-04-26,CUST-0397,4K Monitor,Electronics,2,350.0,West,Consumer,Cash,700.0
TX-12967,2025-05-22,CUST-0040,Smartwatch,Electronics,10,200.0,West,Corporate,Credit Card,2000.0
TX-12504,2024-02-04,CUST-0250,Laptop Sleeve,Accessories,1,29.99,East,Consumer,Credit Card,29.99
TX-13465,2025-08-04,CUST-0358,USB-C Multi-Hub,Accessories,7,39.99,East,Corporate,Credit Card,279.93
TX-10675,2024-11-11,CUST-0162,Wireless Mouse,Accessories,3,40.99,East,Consumer,Cash,122.97
TX-12808,2025-10-12,CUST-0136,Noise-Cancelling Headphones,Electronics,3,217.5,South,Corporate,Credit Card,652.5
TX-13348,2025-08-10,CUST-0068,Noise-Cancelling Headphones,Electronics,4,250.0,East,Small Business,PayPal,1000.0
TX-10728,2024-07-03,CUST-0161,Wireless Mouse,Accessories,1,46.99,East,Consumer,Credit Card,46.99
TX-10412,2025-02-17,CUST-0010,Premium Tablet,Electronics,2,600.0,South,Small Business,PayPal,1200.0
TX-13146,2025-03-07,CUST-0249,Gel Pens 12-Pack,Office Supplies,4,11.69,North,Corporate,Cash,46.76
TX-11516,2025-11-02,CUST-0220,Premium Tablet,Electronics,8,600.0,West,Corporate,Bank Transfer,4800.0
TX-10825,2024-11-10,CUST-0218,Wireless Mouse,Accessories,1,49.99,East,Consumer,Credit Card,49.99
TX-13267,2025-05-04,CUST-0346,Mechanical Keyboard,Accessories,3,99.99,East,Small Business,Bank Transfer,299.96999999999997
TX-13974,2025-12-21,CUST-0154,Gel Pens 12-Pack,Office Supplies,3,12.99,East,Corporate,Bank Transfer,38.97
TX-10616,2024-07-14,CUST-0305,Wireless Mouse,Accessories,3,49.99,North,Consumer,PayPal,149.97
TX-10114,2024-08-31,CUST-0025,Smartwatch,Electronics,4,162.0,East,Small Business,Credit Card,648.0
TX-10417,2024-04-13,CUST-0139,Laptop Sleeve,Accessories,2,29.99,East,Consumer,Cash,59.98
TX-13069,2025-12-11,CUST-0380,Smartwatch,Electronics,1,200.0,South,Small Business,Cash,200.0
TX-11625,2024-02-01,CUST-0106,Desk Mat,Accessories,4,25.0,South,Small Business,PayPal,100.0
TX-14980,2025-06-28,CUST-0268,Premium Notebook,Office Supplies,3,15.5,West,Small Business,PayPal,46.5
TX-14185,2025-12-23,CUST-0004,Gel Pens 12-Pack,Office Supplies,4,12.99,South,Small Business,Bank Transfer,51.96
TX-12896,2025-03-28,CUST-0262,Whiteboard,Office Supplies,3,79.99,South,Consumer,Cash,239.96999999999997
TX-14698,2024-12-12,CUST-UNKNOWN,Premium Tablet,Electronics,4,600.0,North,Small Business,Cash,2400.0
TX-12082,2025-12-18,CUST-0323,Smartwatch,Electronics,5,162.0,South,Corporate,PayPal,810.0
TX-10753,2024-08-06,CUST-0392,4K Monitor,Electronics,2,318.5,North,Small Business,Bank Transfer,637.0
TX-12546,2025-02-07,CUST-0079,4K Monitor,Electronics,4,350.0,North,Small Business,Bank Transfer,1400.0
TX-13969,2024-08-16,CUST-0112,Whiteboard,Office Supplies,10,79.99,West,Corporate,Bank Transfer,799.9
TX-13373,2025-12-14,CUST-0224,Whiteboard,Office Supplies,3,79.99,North,Small Business,Cash,239.96999999999997
TX-14107,2025-06-27,CUST-0246,Wireless Mouse,Accessories,2,49.99,South,Small Business,Bank Transfer,99.98
TX-12444,2025-03-22,CUST-0343,Gel Pens 12-Pack,Office Supplies,3,10.52,West,Small Business,Credit Card,31.56
TX-14380,2024-01-03,CUST-0250,Laptop Sleeve,Accessories,1,29.99,East,Consumer,Credit Card,29.99
TX-11066,2025-01-12,CUST-0088,Gel Pens 12-Pack,Office Supplies,3,12.99,West,Small Business,PayPal,38.97
TX-13913,2025-01-23,CUST-0371,Laptop Sleeve,Accessories,4,26.09,East,Corporate,Cash,104.36
TX-13498,2024-01-09,CUST-0227,Premium Tablet,Electronics,1,600.0,West,Consumer,Credit Card,600.0
TX-12738,2024-04-18,CUST-0284,Gel Pens 12-Pack,Office Supplies,2,10.52,South,Small Business,Credit Card,21.04
TX-14000,2025-03-08,CUST-0259,4K Monitor,Electronics,2,283.5,West,Corporate,Credit Card,567.0
TX-11568,2024-04-17,CUST-0323,Ergonomic Chair,Office Supplies,4,299.99,South,Corporate,Cash,1199.96
TX-12427,2025-07-19,CUST-0329,USB-C Multi-Hub,Accessories,2,35.19,East,Consumer,Credit Card,70.38
TX-13746,2024-05-11,CUST-0168,USB-C Multi-Hub,Accessories,3,32.79,East,Small Business,Credit Card,98.37
TX-14666,2025-03-23,CUST-0335,Premium Tablet,Electronics,3,600.0,North,Small Business,Credit Card,1800.0
TX-11687,2025-07-07,CUST-0179,Noise-Cancelling Headphones,Electronics,7,250.0,West,Corporate,PayPal,1750.0
TX-10851,2024-10-18,CUST-0015,Wireless Mouse,Accessories,4,49.99,West,Corporate,Bank Transfer,199.96
TX-13546,2024-11-11,CUST-0021,Noise-Cancelling Headphones,Electronics,1,250.0,East,Consumer,Credit Card,250.0
TX-10895,2024-10-16,CUST-0097,Standing Desk,Office Supplies,4,360.0,North,Small Business,PayPal,1440.0
TX-14592,2025-06-30,CUST-0057,Laptop Sleeve,Accessories,3,29.99,West,Consumer,Credit Card,89.97
TX-10335,2024-06-25,CUST-0182,Premium Tablet,Electronics,3,600.0,East,Consumer,Bank Transfer,1800.0
TX-12839,2024-06-24,CUST-0083,Pro Laptop,Electronics,2,1200.0,South,Consumer,Cash,2400.0
TX-13087,2025-12-22,CUST-0193,Desk Mat,Accessories,1,25.0,South,Small Business,PayPal,25.0
TX-14611,2025-10-02,CUST-0191,Ergonomic Chair,Office Supplies,7,299.99,East,Corporate,PayPal,2099.9300000000003
TX-11348,2024-03-17,CUST-0353,Desk Mat,Accessories,6,25.0,West,Corporate,PayPal,150.0
TX-11015,2025-04-22,CUST-0254,Whiteboard,Office Supplies,1,64.79,North,Consumer,PayPal,64.79
TX-12816,2024-07-20,CUST-UNKNOWN,Laptop Sleeve,Accessories,1,29.99,East,Consumer,Credit Card,29.99
TX-11631,2025-06-07,CUST-0226,Ergonomic Chair,Office Supplies,3,299.99,South,Corporate,PayPal,899.97
TX-12489,2024-04-12,CUST-0237,Desk Mat,Accessories,1,20.75,West,Small Business,Credit Card,20.75
TX-13730,2024-12-07,CUST-0126,Standing Desk,Office Supplies,2,450.0,North,Consumer,PayPal,900.0
TX-13251,2025-03-06,CUST-0255,Premium Notebook,Office Supplies,5,15.5,South,Corporate,Credit Card,77.5
TX-14661,2024-10-11,CUST-0158,Ergonomic Chair,Office Supplies,6,299.99,North,Corporate,Cash,1799.94
TX-12070,2025-07-20,CUST-0372,Ergonomic Chair,Office Supplies,2,299.99,East,Corporate,Bank Transfer,599.98
TX-14452,2025-06-25,CUST-0208,USB-C Multi-Hub,Accessories,2,37.19,East,Consumer,Credit Card,74.38
TX-14912,2024-12-18,CUST-0071,Ergonomic Chair,Office Supplies,9,299.99,South,Corporate,Cash,2699.91
TX-11635,2025-03-31,CUST-0170,Premium Notebook,Office Supplies,3,15.5,East,Consumer,Credit Card,46.5
TX-12479,2024-06-06,CUST-0181,Laptop Sleeve,Accessories,4,29.99,East,Consumer,PayPal,119.96
TX-12265,2025-09-22,CUST-0271,4K Monitor,Electronics,4,350.0,West,Consumer,Credit Card,1400.0
TX-12959,2025-06-23,CUST-0133,Premium Tablet,Electronics,3,600.0,East,Corporate,PayPal,1800.0
TX-14760,2025-08-30,CUST-0319,Noise-Cancelling Headphones,Electronics,3,202.5,North,Consumer,PayPal,607.5
TX-13059,2025-07-28,CUST-0217,Wireless Mouse,Accessories,4,44.49,South,Small Business,Cash,177.96
TX-12141,2024-02-15,CUST-0307,Pro Laptop,Electronics,3,1200.0,West,Consumer,PayPal,3600.0
TX-13118,2025-09-28,CUST-0299,Wireless Mouse,Accessories,5,43.99,North,Corporate,Cash,219.95000000000002
TX-14753,2024-09-10,CUST-0258,Wireless Mouse,Accessories,1,49.99,South,Small Business,Bank Transfer,49.99
TX-14045,2024-04-23,CUST-0288,Wireless Mouse,Accessories,6,49.99,West,Corporate,Credit Card,299.94
TX-13356,2025-09-06,CUST-0054,Ergonomic Chair,Office Supplies,2,299.99,West,Small Business,Bank Transfer,599.98
TX-12744,2024-02-05,CUST-0016,Premium Tablet,Electronics,4,600.0,East,Consumer,Bank Transfer,2400.0
TX-13506,2025-12-12,CUST-0297,Noise-Cancelling Headphones,Electronics,5,250.0,South,Corporate,Credit Card,1250.0
TX-11679,2025-10-11,CUST-0286,4K Monitor,Electronics,4,350.0,West,Corporate,Credit Card,1400.0
TX-14249,2025-05-30,CUST-0266,Laptop Sleeve,Accessories,4,29.99,South,Consumer,Cash,119.96
TX-13147,2025-08-13,CUST-0193,Noise-Cancelling Headphones,Electronics,2,222.5,South,Small Business,Credit Card,445.0
TX-12294,2025-05-15,CUST-0372,Desk Mat,Accessories,9,22.25,East,Corporate,PayPal,200.25
TX-10580,2025-12-08,CUST-0306,Noise-Cancelling Headphones,Electronics,1,235.0,West,Consumer,PayPal,235.0
TX-11470,2024-08-23,CUST-0292,4K Monitor,Electronics,5,350.0,West,Corporate,Cash,1750.0
TX-14070,2024-08-27,CUST-0185,Pro Laptop,Electronics,1,1200.0,North,Consumer,Bank Transfer,1200.0
TX-13343,2025-04-26,CUST-0122,Laptop Sleeve,Accessories,10,29.99,East,Corporate,Credit Card,299.9
TX-14583,2024-09-10,CUST-0209,Desk Mat,Accessories,3,25.0,South,Consumer,Credit Card,75.0
TX-13672,2024-10-30,CUST-0284,Standing Desk,Office Supplies,1,450.0,South,Small Business,PayPal,450.0
TX-10559,2024-03-26,CUST-0054,Whiteboard,Office Supplies,2,79.99,West,Small Business,Credit Card,159.98
TX-12849,2024-05-13,CUST-0241,Ergonomic Chair,Office Supplies,9,299.99,North,Corporate,Bank Transfer,2699.91
TX-10512,2025-12-15,CUST-0118,Gel Pens 12-Pack,Office Supplies,3,12.99,South,Consumer,Credit Card,38.97
TX-11081,2025-07-01,CUST-0380,Standing Desk,Office Supplies,1,450.0,South,Small Business,Credit Card,450.0
TX-11664,2024-11-09,CUST-0382,Gel Pens 12-Pack,Office Supplies,3,12.99,East,Consumer,Cash,38.97
TX-11012,2024-03-07,CUST-0066,Whiteboard,Office Supplies,2,67.99,North,Small Business,Bank Transfer,135.98
TX-11931,2024-04-07,CUST-0066,Wireless Mouse,Accessories,4,49.99,North,Small Business,Credit Card,199.96
TX-11150,2025-08-17,CUST-0028,USB-C Multi-Hub,Accessories,4,39.99,North,Consumer,PayPal,159.96
TX-12838,2024-08-09,CUST-0316,Ergonomic Chair,Office Supplies,5,299.99,South,Corporate,Credit Card,1499.95
TX-10116,2024-01-02,CUST-0315,Standing Desk,Office Supplies,4,450.0,North,Small Business,PayPal,1800.0
TX-10740,2024-03-12,CUST-0277,Pro Laptop,Electronics,4,1044.0,West,Consumer,Cash,4176.0
TX-14835,2025-04-11,CUST-0293,Standing Desk,Office Supplies,2,450.0,North,Corporate,Cash,900.0
TX-13675,2025-03-02,CUST-0005,Laptop Sleeve,Accessories,3,29.99,North,Small Business,Credit Card,89.97
TX-10830,2024-03-10,CUST-0297,4K Monitor,Electronics,5,350.0,South,Corporate,PayPal,1750.0
TX-10119,2024-12-19,CUST-0322,4K Monitor,Electronics,3,304.5,South,Consumer,PayPal,913.5
TX-14808,2024-11-22,CUST-0240,Wireless Mouse,Accessories,7,49.99,East,Corporate,Credit Card,349.93
TX-14767,2024-09-13,CUST-0200,Mechanical Keyboard,Accessories,2,99.99,South,Small Business,PayPal,199.98
TX-10635,2025-02-27,CUST-0211,Gel Pens 12-Pack,Office Supplies,6,12.99,East,Corporate,PayPal,77.94
TX-14465,2025-10-02,CUST-0192,Noise-Cancelling Headphones,Electronics,7,250.0,North,Corporate,Credit Card,1750.0
TX-14364,2025-08-07,CUST-0170,Laptop Sleeve,Accessories,3,29.99,East,Consumer,Credit Card,89.97
TX-14142,2024-06-27,CUST-0175,Mechanical Keyboard,Accessories,3,99.99,East,Consumer,Credit Card,299.96999999999997
TX-10991,2024-06-06,CUST-0158,Standing Desk,Office Supplies,2,378.0,North,Corporate,Bank Transfer,756.0
TX-10876,2024-10-08,CUST-0131,Wireless Mouse,Accessories,9,49.99,South,Corporate,Bank Transfer,449.91
TX-10004,2025-07-19,CUST-0002,Gel Pens 12-Pack,Office Supplies,4,11.82,East,Consumer,Bank Transfer,47.28
TX-13051,2024-09-08,CUST-0203,Gel Pens 12-Pack,Office Supplies,2,12.99,South,Small Business,Credit Card,25.98
TX-13124,2024-06-19,CUST-0276,USB-C Multi-Hub,Accessories,3,39.99,South,Corporate,Bank Transfer,119.97
TX-12660,2024-05-14,CUST-0024,4K Monitor,Electronics,3,280.0,North,Small Business,Cash,840.0
TX-12491,2025-02-19,CUST-0368,USB-C Multi-Hub,Accessories,2,39.99,East,Consumer,Bank Transfer,79.98
TX-13854,2025-11-20,CUST-0361,Laptop Sleeve,Accessories,4,29.99,South,Consumer,Credit Card,119.96
TX-11715,2024-07-09,CUST-0131,Gel Pens 12-Pack,Office Supplies,10,12.99,South,Corporate,Cash,129.9
TX-11148,2025-11-25,CUST-0179,Gel Pens 12-Pack,Office Supplies,3,12.99,West,Corporate,Bank Transfer,38.97
TX-13261,2024-05-30,CUST-0302,Mechanical Keyboard,Accessories,8,99.99,South,Corporate,PayPal,799.92
TX-10574,2024-05-29,CUST-0029,Gel Pens 12-Pack,Office Supplies,3,10.65,South,Corporate,Cash,31.950000000000003
TX-13769,2025-01-26,CUST-0195,Laptop Sleeve,Accessories,3,25.19,North,Corporate,Credit Card,75.57000000000001
TX-13736,2024-10-10,CUST-0040,Premium Notebook,Office Supplies,9,15.5,West,Corporate,Cash,139.5
TX-14146,2025-01-02,CUST-0274,Wireless Mouse,Accessories,4,49.99,East,Small Business,Credit Card,199.96
TX-10853,2024-12-31,CUST-0029,Mechanical Keyboard,Accessories,5,99.99,South,Corporate,PayPal,499.95
TX-11982,2024-08-22,CUST-0138,Premium Notebook,Office Supplies,4,12.71,North,Small Business,PayPal,50.84
TX-12774,2024-12-15,CUST-0015,Wireless Mouse,Accessories,3,49.99,West,Corporate,Credit Card,149.97
TX-11166,2024-10-27,CUST-0296,Premium Notebook,Office Supplies,10,15.5,South,Corporate,Bank Transfer,155.0
TX-10971,2025-04-01,CUST-0040,Whiteboard,Office Supplies,8,79.99,West,Corporate,Cash,639.92
TX-12701,2025-09-21,CUST-0390,Whiteboard,Office Supplies,3,79.99,South,Small Business,Credit Card,239.96999999999997
TX-14495,2025-01-31,CUST-0071,Laptop Sleeve,Accessories,8,27.59,South,Corporate,Cash,220.72
TX-13847,2025-01-16,CUST-0366,Ergonomic Chair,Office Supplies,3,257.99,West,Corporate,Cash,773.97
TX-12368,2025-05-21,CUST-0283,Mechanical Keyboard,Accessories,2,99.99,West,Small Business,Cash,199.98
TX-14115,2025-06-24,CUST-0218,Noise-Cancelling Headphones,Electronics,4,250.0,East,Consumer,Cash,1000.0
TX-14131,2024-04-24,CUST-0213,Desk Mat,Accessories,2,25.0,East,Small Business,Credit Card,50.0
TX-12950,2025-12-24,CUST-0107,Laptop Sleeve,Accessories,4,29.99,West,Consumer,Cash,119.96
TX-10524,2025-11-03,CUST-0266,Standing Desk,Office Supplies,1,450.0,South,Consumer,PayPal,450.0
TX-12455,2025-07-20,CUST-0390,USB-C Multi-Hub,Accessories,2,39.99,South,Small Business,Credit Card,79.98
TX-11841,2024-12-15,CUST-0080,Desk Mat,Accessories,7,25.0,East,Corporate,Credit Card,175.0
TX-10537,2025-11-23,CUST-0004,Wireless Mouse,Accessories,3,49.99,North,Small Business,Bank Transfer,149.97
TX-12806,2024-09-19,CUST-0036,Desk Mat,Accessories,3,25.0,East,Small Business,Credit Card,75.0
TX-14341,2025-05-15,CUST-0101,Whiteboard,Office Supplies,2,79.99,North,Consumer,PayPal,159.98
TX-13175,2024-09-05,CUST-0382,Desk Mat,Accessories,4,25.0,East,Consumer,Credit Card,100.0
TX-10784,2025-10-26,CUST-0298,Mechanical Keyboard,Accessories,5,99.99,West,Corporate,Bank Transfer,499.95
TX-14057,2025-07-23,CUST-0024,Gel Pens 12-Pack,Office Supplies,4,10.65,North,Small Business,PayPal,42.6
TX-11409,2024-05-23,CUST-0143,USB-C Multi-Hub,Accessories,4,39.99,North,Consumer,Credit Card,159.96
TX-12537,2024-05-13,CUST-0258,Smartwatch,Electronics,3,200.0,South,Small Business,Credit Card,600.0
TX-10154,2025-04-13,CUST-0111,USB-C Multi-Hub,Accessories,2,39.99,West,Corporate,Credit Card,79.98
TX-13009,2025-07-08,CUST-0088,Gel Pens 12-Pack,Office Supplies,4,12.99,West,Small Business,PayPal,51.96
TX-11686,2024-07-30,CUST-0158,Pro Laptop,Electronics,2,1200.0,North,Corporate,Credit Card,2400.0
TX-12901,2025-10-14,CUST-0130,USB-C Multi-Hub,Accessories,2,39.99,West,Consumer,Bank Transfer,79.98
TX-14979,2025-06-04,CUST-0135,Wireless Mouse,Accessories,4,49.99,West,Consumer,Bank Transfer,199.96
TX-14721,2025-10-06,CUST-0182,Noise-Cancelling Headphones,Electronics,2,250.0,East,Consumer,Bank Transfer,500.0
TX-13863,2025-06-19,CUST-0200,Whiteboard,Office Supplies,1,79.99,South,Small Business,Credit Card,79.99
TX-12733,2024-06-24,CUST-0061,Premium Tablet,Electronics,4,600.0,West,Small Business,PayPal,2400.0
TX-11895,2024-02-25,CUST-0118,USB-C Multi-Hub,Accessories,2,39.99,South,Consumer,Credit Card,79.98
TX-10569,2025-06-13,CUST-0392,USB-C Multi-Hub,Accessories,3,39.99,North,Small Business,Bank Transfer,119.97
TX-11816,2025-02-22,CUST-0158,Smartwatch,Electronics,4,170.0,North,Corporate,Cash,680.0
TX-12065,2025-03-18,CUST-0054,Desk Mat,Accessories,2,21.25,West,Small Business,PayPal,42.5
TX-10127,2024-10-29,CUST-0309,Desk Mat,Accessories,4,25.0,West,Corporate,Cash,100.0
TX-13394,2025-07-21,CUST-0138,Whiteboard,Office Supplies,1,79.99,North,Small Business,PayPal,79.99
TX-13327,2025-02-25,CUST-0348,Premium Notebook,Office Supplies,2,15.5,West,Small Business,PayPal,31.0
TX-12975,2025-05-20,CUST-0093,Wireless Mouse,Accessories,4,49.99,East,Corporate,Credit Card,199.96
TX-10980,2025-01-21,CUST-0244,Laptop Sleeve,Accessories,4,29.99,East,Corporate,PayPal,119.96
TX-12300,2024-04-10,CUST-0069,Gel Pens 12-Pack,Office Supplies,1,10.65,East,Consumer,PayPal,10.65
TX-10190,2025-07-16,CUST-0242,Mechanical Keyboard,Accessories,2,99.99,East,Consumer,Credit Card,199.98
TX-11139,2025-01-21,CUST-0368,Desk Mat,Accessories,4,25.0,East,Consumer,PayPal,100.0
TX-10699,2025-08-17,CUST-0326,Premium Tablet,Electronics,4,600.0,East,Corporate,Cash,2400.0
TX-14809,2025-11-02,CUST-0371,Laptop Sleeve,Accessories,6,29.99,East,Corporate,Bank Transfer,179.94
TX-10606,2025-05-09,CUST-0089,Whiteboard,Office Supplies,3,66.39,South,Corporate,Bank Transfer,199.17000000000002
TX-14276,2024-02-07,CUST-0029,Premium Notebook,Office Supplies,5,15.5,South,Corporate,Bank Transfer,77.5
TX-10301,2024-03-13,CUST-0271,Noise-Cancelling Headphones,Electronics,3,250.0,West,Consumer,PayPal,750.0
TX-13420,2024-09-01,CUST-0110,Premium Tablet,Electronics,3,600.0,South,Small Business,Bank Transfer,1800.0
TX-14849,2025-06-12,CUST-UNKNOWN,Gel Pens 12-Pack,Office Supplies,1,12.99,East,Consumer,PayPal,12.99
TX-11060,2025-12-03,CUST-0391,Laptop Sleeve,Accessories,3,29.99,West,Consumer,Bank Transfer,89.97
TX-12565,2025-01-15,CUST-0295,Gel Pens 12-Pack,Office Supplies,3,10.65,West,Small Business,Cash,31.950000000000003
TX-11069,2025-05-29,CUST-0367,Desk Mat,Accessories,3,23.25,North,Consumer,PayPal,69.75
TX-12524,2025-03-20,CUST-0055,4K Monitor,Electronics,8,350.0,West,Corporate,PayPal,2800.0
TX-12205,2025-01-31,CUST-0258,Pro Laptop,Electronics,1,1200.0,South,Small Business,PayPal,1200.0
TX-11243,2024-08-17,CUST-0145,Ergonomic Chair,Office Supplies,3,299.99,North,Small Business,Credit Card,899.97
TX-10016,2024-05-14,CUST-0148,Gel Pens 12-Pack,Office Supplies,1,12.99,South,Small Business,Credit Card,12.99
TX-13120,2025-09-15,CUST-0001,Gel Pens 12-Pack,Office Supplies,4,12.99,North,Consumer,Credit Card,51.96
TX-14642,2024-01-22,CUST-0193,Ergonomic Chair,Office Supplies,2,299.99,South,Small Business,PayPal,599.98
TX-14754,2024-02-02,CUST-0301,Smartwatch,Electronics,2,200.0,West,Small Business,Credit Card,400.0
TX-10815,2025-10-05,CUST-0062,Whiteboard,Office Supplies,2,75.19,North,Corporate,Bank Transfer,150.38
TX-13067,2025-07-05,CUST-0002,Premium Notebook,Office Supplies,2,15.5,East,Consumer,Bank Transfer,31.0
TX-14813,2024-10-11,CUST-0084,Whiteboard,Office Supplies,3,66.39,South,Small Business,Bank Transfer,199.17000000000002
TX-10959,2025-11-28,CUST-0156,USB-C Multi-Hub,Accessories,7,39.99,East,Corporate,Credit Card,279.93
TX-10225,2025-02-25,CUST-0007,4K Monitor,Electronics,3,290.5,North,Consumer,Bank Transfer,871.5
TX-13354,2025-01-27,CUST-0368,Whiteboard,Office Supplies,4,79.99,East,Consumer,Credit Card,319.96
TX-12485,2024-12-04,CUST-0229,Premium Notebook,Office Supplies,1,15.5,East,Small Business,Cash,15.5
TX-10562,2024-11-29,CUST-0240,USB-C Multi-Hub,Accessories,10,32.39,East,Corporate,Cash,323.9
TX-13436,2024-05-01,CUST-UNKNOWN,Premium Notebook,Office Supplies,2,15.5,North,Small Business,Credit Card,31.0
TX-11693,2024-08-03,CUST-0260,Gel Pens 12-Pack,Office Supplies,3,12.99,West,Consumer,Credit Card,38.97
TX-11045,2025-08-18,CUST-0206,Laptop Sleeve,Accessories,1,29.99,South,Consumer,PayPal,29.99
TX-13446,2024-09-08,CUST-0276,Mechanical Keyboard,Accessories,5,99.99,South,Corporate,Credit Card,499.95
TX-14565,2024-07-17,CUST-0235,Smartwatch,Electronics,3,200.0,East,Small Business,PayPal,600.0
TX-10954,2025-02-28,CUST-0185,Mechanical Keyboard,Accessories,2,99.99,North,Consumer,Cash,199.98
TX-13543,2025-12-28,CUST-UNKNOWN,Ergonomic Chair,Office Supplies,8,299.99,North,Corporate,Bank Transfer,2399.92
TX-12735,2024-07-02,CUST-0139,USB-C Multi-Hub,Accessories,3,39.99,East,Consumer,Credit Card,119.97
TX-14933,2024-08-19,CUST-0334,USB-C Multi-Hub,Accessories,3,39.99,East,Small Business,Credit Card,119.97
TX-14735,2025-03-10,CUST-0240,USB-C Multi-Hub,Accessories,10,39.99,East,Corporate,Cash,399.90000000000003
TX-14852,2024-09-30,CUST-0145,Smartwatch,Electronics,4,200.0,North,Small Business,Cash,800.0
TX-11218,2024-07-25,CUST-0274,Mechanical Keyboard,Accessories,1,86.99,East,Small Business,PayPal,86.99
TX-11527,2025-03-04,CUST-0205,Noise-Cancelling Headphones,Electronics,3,250.0,North,Corporate,Cash,750.0
TX-13987,2025-12-26,CUST-0167,Desk Mat,Accessories,1,25.0,North,Small Business,Bank Transfer,25.0
TX-11300,2024-08-02,CUST-0098,Laptop Sleeve,Accessories,1,29.99,South,Small Business,Bank Transfer,29.99
TX-14921,2024-06-25,CUST-0015,Desk Mat,Accessories,3,25.0,West,Corporate,PayPal,75.0
TX-10160,2025-05-27,CUST-0021,Pro Laptop,Electronics,2,1200.0,East,Consumer,Bank Transfer,2400.0
TX-14067,2024-12-31,CUST-0304,Gel Pens 12-Pack,Office Supplies,6,12.99,South,Corporate,PayPal,77.94
TX-10956,2025-03-29,CUST-0006,Laptop Sleeve,Accessories,1,29.99,West,Consumer,Credit Card,29.99
TX-13791,2025-07-27,CUST-0368,USB-C Multi-Hub,Accessories,3,39.99,East,Consumer,Credit Card,119.97
TX-13234,2024-02-15,CUST-0120,Noise-Cancelling Headphones,Electronics,2,250.0,West,Consumer,Bank Transfer,500.0
TX-12869,2024-09-21,CUST-0021,Pro Laptop,Electronics,3,1200.0,East,Consumer,PayPal,3600.0
TX-13777,2025-10-22,CUST-0137,USB-C Multi-Hub,Accessories,4,39.99,South,Consumer,PayPal,159.96
TX-14433,2025-11-09,CUST-0241,4K Monitor,Electronics,9,325.5,North,Corporate,PayPal,2929.5
TX-12961,2024-06-28,CUST-0330,Smartwatch,Electronics,3,200.0,North,Corporate,Credit Card,600.0
TX-12200,2024-03-15,CUST-UNKNOWN,4K Monitor,Electronics,9,290.5,West,Corporate,Cash,2614.5
TX-10098,2024-12-24,CUST-0336,Desk Mat,Accessories,4,25.0,North,Corporate,Credit Card,100.0
TX-12557,2024-02-05,CUST-0354,Pro Laptop,Electronics,3,1200.0,North,Corporate,Bank Transfer,3600.0
TX-13183,2024-08-21,CUST-0390,4K Monitor,Electronics,3,283.5,South,Small Business,Bank Transfer,850.5
TX-10253,2025-01-03,CUST-0360,Laptop Sleeve,Accessories,1,29.99,North,Small Business,Credit Card,29.99
TX-13923,2025-09-05,CUST-0157,Premium Tablet,Electronics,3,600.0,East,Consumer,PayPal,1800.0
TX-14199,2024-05-28,CUST-0032,Standing Desk,Office Supplies,4,450.0,East,Corporate,PayPal,1800.0
TX-11445,2025-01-28,CUST-0254,Smartwatch,Electronics,4,184.0,North,Consumer,Cash,736.0
TX-11648,2024-09-10,CUST-UNKNOWN,Standing Desk,Office Supplies,2,450.0,North,Consumer,PayPal,900.0
TX-14682,2024-04-13,CUST-0163,USB-C Multi-Hub,Accessories,2,39.99,South,Corporate,Credit Card,79.98
TX-14723,2025-07-04,CUST-0332,Gel Pens 12-Pack,Office Supplies,3,12.99,South,Consumer,PayPal,38.97
TX-13991,2024-03-18,CUST-0301,Premium Tablet,Electronics,3,600.0,West,Small Business,Credit Card,1800.0
TX-11696,2025-02-03,CUST-0242,Noise-Cancelling Headphones,Electronics,3,227.5,East,Consumer,Credit Card,682.5
TX-13191,2025-02-15,CUST-0374,Ergonomic Chair,Office Supplies,9,299.99,West,Corporate,Credit Card,2699.91
TX-14499,2024-05-31,CUST-0166,Noise-Cancelling Headphones,Electronics,2,250.0,East,Small Business,PayPal,500.0
TX-11154,2025-04-30,CUST-0092,Pro Laptop,Electronics,10,1200.0,East,Corporate,Bank Transfer,12000.0
TX-12255,2025-05-31,CUST-0364,Premium Notebook,Office Supplies,3,15.5,South,Small Business,Credit Card,46.5
TX-11682,2025-04-09,CUST-0271,Desk Mat,Accessories,1,25.0,West,Consumer,Cash,25.0
TX-13170,2025-12-12,CUST-0240,Wireless Mouse,Accessories,7,40.49,East,Corporate,Cash,283.43
TX-12056,2024-07-24,CUST-0008,Desk Mat,Accessories,1,25.0,South,Consumer,Bank Transfer,25.0
TX-14090,2024-11-06,CUST-0193,Laptop Sleeve,Accessories,1,29.99,South,Small Business,Cash,29.99
TX-13108,2025-11-14,CUST-0070,Ergonomic Chair,Office Supplies,7,275.99,East,Corporate,PayPal,1931.93
TX-14548,2024-08-28,CUST-0240,Wireless Mouse,Accessories,9,49.99,East,Corporate,Credit Card,449.91
TX-13723,2024-10-19,CUST-0071,USB-C Multi-Hub,Accessories,5,39.99,South,Corporate,Cash,199.95000000000002
TX-12049,2025-02-21,CUST-0302,Wireless Mouse,Accessories,9,49.99,South,Corporate,Cash,449.91
TX-13643,2025-04-04,CUST-0320,Wireless Mouse,Accessories,3,49.99,South,Consumer,PayPal,149.97
TX-14957,2024-03-25,CUST-0339,Desk Mat,Accessories,2,25.0,East,Consumer,Cash,50.0
TX-10623,2025-09-24,CUST-UNKNOWN,Smartwatch,Electronics,1,200.0,East,Consumer,Credit Card,200.0
TX-10262,2025-03-12,CUST-0237,Smartwatch,Electronics,2,200.0,West,Small Business,PayPal,400.0
TX-13369,2024-04-11,CUST-0360,Smartwatch,Electronics,1,200.0,North,Small Business,PayPal,200.0
TX-14061,2025-10-13,CUST-0266,USB-C Multi-Hub,Accessories,3,39.99,South,Consumer,Credit Card,119.97
TX-11802,2024-06-05,CUST-0175,Standing Desk,Office Supplies,3,450.0,East,Consumer,Cash,1350.0
TX-14736,2024-07-12,CUST-0186,Wireless Mouse,Accessories,2,49.99,North,Small Business,Credit Card,99.98
TX-12385,2024-01-03,CUST-0206,Whiteboard,Office Supplies,2,79.99,South,Consumer,Credit Card,159.98
TX-11959,2025-03-10,CUST-0343,Mechanical Keyboard,Accessories,2,84.99,West,Small Business,Bank Transfer,169.98
TX-12976,2024-08-15,CUST-0179,Wireless Mouse,Accessories,6,41.49,West,Corporate,Cash,248.94
TX-10488,2024-05-23,CUST-0276,Noise-Cancelling Headphones,Electronics,3,250.0,South,Corporate,Credit Card,750.0
TX-11843,2024-01-04,CUST-0222,Mechanical Keyboard,Accessories,5,99.99,North,Corporate,Credit Card,499.95
TX-11734,2025-10-15,CUST-0371,USB-C Multi-Hub,Accessories,6,39.99,East,Corporate,Bank Transfer,239.94
TX-12911,2025-06-01,CUST-0030,Premium Tablet,Electronics,1,528.0,North,Consumer,PayPal,528.0
TX-13219,2024-05-15,CUST-0150,Wireless Mouse,Accessories,7,49.99,North,Corporate,Credit Card,349.93
TX-10146,2024-01-30,CUST-0042,4K Monitor,Electronics,3,350.0,South,Small Business,PayPal,1050.0
TX-11986,2024-07-09,CUST-0118,Premium Notebook,Office Supplies,2,15.5,South,Consumer,Credit Card,31.0
TX-11369,2025-03-14,CUST-UNKNOWN,Premium Tablet,Electronics,6,504.0,South,Corporate,Credit Card,3024.0
TX-12811,2025-06-25,CUST-0387,Mechanical Keyboard,Accessories,7,99.99,South,Corporate,PayPal,699.93
TX-10659,2024-02-20,CUST-0056,Standing Desk,Office Supplies,2,450.0,South,Consumer,Bank Transfer,900.0
TX-11794,2024-05-11,CUST-0115,Pro Laptop,Electronics,1,1200.0,North,Consumer,PayPal,1200.0
TX-12511,2025-04-15,CUST-0276,Standing Desk,Office Supplies,2,450.0,South,Corporate,PayPal,900.0
TX-13397,2025-03-23,CUST-0328,USB-C Multi-Hub,Accessories,4,39.99,North,Consumer,Credit Card,159.96
TX-14282,2024-10-19,CUST-0120,Desk Mat,Accessories,3,25.0,West,Consumer,Cash,75.0
TX-11147,2025-02-05,CUST-0154,Mechanical Keyboard,Accessories,2,99.99,East,Corporate,Cash,199.98
TX-13272,2025-03-24,CUST-0231,Desk Mat,Accessories,1,25.0,East,Small Business,PayPal,25.0
TX-10608,2024-05-03,CUST-0395,4K Monitor,Electronics,1,304.5,East,Consumer,Cash,304.5
TX-13582,2024-05-23,CUST-0045,USB-C Multi-Hub,Accessories,9,39.99,East,Corporate,Bank Transfer,359.91
TX-11930,2024-12-11,CUST-0018,Premium Notebook,Office Supplies,4,15.5,North,Consumer,PayPal,62.0
TX-10197,2024-07-03,CUST-0394,Smartwatch,Electronics,7,200.0,West,Corporate,Cash,1400.0
TX-12931,2024-10-26,CUST-0006,Ergonomic Chair,Office Supplies,4,299.99,West,Consumer,Credit Card,1199.96
TX-12327,2024-06-11,CUST-0351,Wireless Mouse,Accessories,5,46.99,East,Corporate,Bank Transfer,234.95000000000002
TX-14389,2024-07-27,CUST-0111,USB-C Multi-Hub,Accessories,9,39.99,West,Corporate,Credit Card,359.91
TX-10766,2024-11-29,CUST-0167,Pro Laptop,Electronics,2,1200.0,North,Small Business,Cash,2400.0
TX-14496,2025-09-03,CUST-0268,Noise-Cancelling Headphones,Electronics,4,250.0,West,Small Business,Cash,1000.0
TX-14218,2024-04-15,CUST-0371,Smartwatch,Electronics,6,200.0,East,Corporate,Credit Card,1200.0
TX-13255,2024-08-03,CUST-0282,Desk Mat,Accessories,4,25.0,South,Consumer,PayPal,100.0
TX-10202,2024-03-09,CUST-0018,Whiteboard,Office Supplies,1,79.99,North,Consumer,PayPal,79.99
TX-13510,2025-07-27,CUST-0107,USB-C Multi-Hub,Accessories,4,39.99,West,Consumer,Bank Transfer,159.96
TX-11733,2025-09-09,CUST-0307,Standing Desk,Office Supplies,4,450.0,West,Consumer,Cash,1800.0
TX-12777,2024-06-23,CUST-0200,Whiteboard,Office Supplies,3,79.99,South,Small Business,Cash,239.96999999999997
TX-11707,2024-03-25,CUST-0381,Smartwatch,Electronics,6,200.0,West,Corporate,Credit Card,1200.0
TX-13474,2024-04-05,CUST-0289,Noise-Cancelling Headphones,Electronics,1,205.0,North,Consumer,Credit Card,205.0
TX-10854,2025-08-29,CUST-0044,Wireless Mouse,Accessories,3,49.99,South,Consumer,Credit Card,149.97
TX-14737,2025-05-23,CUST-0135,Desk Mat,Accessories,3,25.0,West,Consumer,Cash,75.0
TX-14097,2025-12-07,CUST-0217,Mechanical Keyboard,Accessories,3,99.99,South,Small Business,Credit Card,299.96999999999997
TX-12160,2024-05-17,CUST-0239,Wireless Mouse,Accessories,3,49.99,South,Small Business,Credit Card,149.97
TX-10698,2025-09-02,CUST-0395,Premium Notebook,Office Supplies,4,12.87,East,Consumer,Credit Card,51.48
TX-14977,2024-09-08,CUST-0045,Standing Desk,Office Supplies,2,382.5,East,Corporate,PayPal,765.0
TX-12999,2024-06-11,CUST-0338,Laptop Sleeve,Accessories,3,29.99,East,Consumer,Bank Transfer,89.97
TX-13696,2025-09-17,CUST-0331,Gel Pens 12-Pack,Office Supplies,10,12.99,West,Corporate,Cash,129.9
TX-11636,2024-05-31,CUST-0268,Ergonomic Chair,Office Supplies,2,299.99,West,Small Business,Bank Transfer,599.98
TX-13457,2024-05-12,CUST-0215,Gel Pens 12-Pack,Office Supplies,3,11.04,East,Consumer,Credit Card,33.12
TX-13581,2024-07-23,CUST-0127,Premium Notebook,Office Supplies,4,15.5,South,Consumer,Credit Card,62.0
TX-11291,2025-12-01,CUST-0130,Mechanical Keyboard,Accessories,1,88.99,West,Consumer,PayPal,88.99
TX-14659,2024-10-06,CUST-0379,4K Monitor,Electronics,2,350.0,South,Consumer,Bank Transfer,700.0
TX-11853,2024-11-22,CUST-0381,Premium Notebook,Office Supplies,9,15.5,West,Corporate,Bank Transfer,139.5
TX-13763,2024-03-05,CUST-0165,Pro Laptop,Electronics,2,1200.0,West,Small Business,Credit Card,2400.0
TX-13304,2025-07-02,CUST-0118,Wireless Mouse,Accessories,3,49.99,South,Consumer,Cash,149.97
TX-14942,2024-09-21,CUST-0225,Wireless Mouse,Accessories,3,46.99,West,Consumer,Cash,140.97
TX-13743,2024-03-09,CUST-0182,Premium Tablet,Electronics,1,600.0,East,Consumer,Cash,600.0
TX-13445,2024-07-16,CUST-0012,Pro Laptop,Electronics,2,1200.0,West,Small Business,Cash,2400.0
TX-11998,2025-02-26,CUST-0196,Premium Notebook,Office Supplies,3,15.5,West,Small Business,Credit Card,46.5
TX-10663,2024-12-03,CUST-0269,Premium Tablet,Electronics,2,600.0,East,Corporate,Credit Card,1200.0
TX-14779,2025-12-21,CUST-0156,Mechanical Keyboard,Accessories,4,99.99,East,Corporate,Credit Card,399.96
TX-13748,2025-07-04,CUST-0383,Desk Mat,Accessories,8,25.0,South,Corporate,Bank Transfer,200.0
TX-14413,2024-07-20,CUST-0324,Laptop Sleeve,Accessories,2,29.99,North,Small Business,Bank Transfer,59.98
TX-14744,2024-02-10,CUST-0202,Mechanical Keyboard,Accessories,10,99.99,South,Corporate,Cash,999.9
TX-10709,2025-03-10,CUST-0283,Gel Pens 12-Pack,Office Supplies,3,11.17,West,Small Business,PayPal,33.51
TX-11282,2025-09-26,CUST-0349,Smartwatch,Electronics,7,200.0,East,Corporate,Bank Transfer,1400.0
TX-12675,2025-02-01,CUST-0128,4K Monitor,Electronics,9,315.0,West,Corporate,PayPal,2835.0
TX-14029,2025-12-10,CUST-0268,Desk Mat,Accessories,2,25.0,West,Small Business,PayPal,50.0
TX-11306,2025-09-30,CUST-0279,Smartwatch,Electronics,10,200.0,East,Corporate,Credit Card,2000.0
TX-12237,2025-09-04,CUST-0367,USB-C Multi-Hub,Accessories,3,39.99,North,Consumer,PayPal,119.97
TX-13302,2025-07-14,CUST-0166,Premium Tablet,Electronics,3,504.0,East,Small Business,Bank Transfer,1512.0
TX-12038,2024-10-16,CUST-0353,Whiteboard,Office Supplies,5,79.99,West,Corporate,Cash,399.95
TX-11529,2024-07-28,CUST-0366,Whiteboard,Office Supplies,6,79.99,West,Corporate,Cash,479.93999999999994
TX-11663,2025-03-02,CUST-0138,Noise-Cancelling Headphones,Electronics,4,250.0,North,Small Business,Bank Transfer,1000.0
TX-14964,2024-01-25,CUST-0008,Ergonomic Chair,Office Supplies,2,299.99,South,Consumer,PayPal,599.98
TX-14983,2025-08-08,CUST-0280,4K Monitor,Electronics,4,350.0,East,Small Business,Credit Card,1400.0
TX-13627,2024-02-17,CUST-0072,Noise-Cancelling Headphones,Electronics,4,250.0,North,Small Business,Credit Card,1000.0
TX-14891,2024-01-25,CUST-0240,Noise-Cancelling Headphones,Electronics,6,250.0,East,Corporate,Bank Transfer,1500.0
TX-12693,2024-11-01,CUST-0054,Wireless Mouse,Accessories,3,49.99,West,Small Business,Bank Transfer,149.97
TX-13060,2024-07-10,CUST-0032,Smartwatch,Electronics,4,200.0,East,Corporate,Credit Card,800.0
TX-11597,2025-05-20,CUST-0221,Premium Notebook,Office Supplies,9,15.5,East,Corporate,PayPal,139.5
TX-12729,2024-09-05,CUST-0148,Whiteboard,Office Supplies,3,79.99,South,Small Business,PayPal,239.96999999999997
TX-12625,2025-01-24,CUST-0115,Standing Desk,Office Supplies,1,450.0,North,Consumer,Bank Transfer,450.0
TX-13157,2024-10-06,CUST-0071,Noise-Cancelling Headphones,Electronics,6,250.0,South,Corporate,Bank Transfer,1500.0
TX-13314,2025-02-19,CUST-0324,USB-C Multi-Hub,Accessories,4,33.59,North,Small Business,Bank Transfer,134.36
TX-11722,2025-10-12,CUST-0385,Mechanical Keyboard,Accessories,10,99.99,South,Corporate,Cash,999.9
TX-11059,2024-01-10,CUST-0256,USB-C Multi-Hub,Accessories,7,39.99,North,Corporate,PayPal,279.93
TX-14636,2024-05-31,CUST-0148,Laptop Sleeve,Accessories,2,29.99,South,Small Business,Cash,59.98
TX-13242,2025-05-07,CUST-0150,Mechanical Keyboard,Accessories,3,94.99,North,Corporate,Cash,284.96999999999997
TX-11678,2024-02-02,CUST-0259,Whiteboard,Office Supplies,9,79.99,West,Corporate,Bank Transfer,719.91
TX-11757,2024-03-19,CUST-0355,Noise-Cancelling Headphones,Electronics,2,202.5,East,Consumer,PayPal,405.0
TX-14191,2024-02-08,CUST-0222,Desk Mat,Accessories,2,25.0,North,Corporate,Credit Card,50.0
TX-10563,2025-07-06,CUST-0306,Whiteboard,Office Supplies,4,79.99,West,Consumer,Bank Transfer,319.96
TX-12790,2025-08-22,CUST-0107,Noise-Cancelling Headphones,Electronics,1,250.0,West,Consumer,Bank Transfer,250.0
TX-10863,2024-09-14,CUST-0233,Laptop Sleeve,Accessories,4,29.99,West,Corporate,Credit Card,119.96
TX-11484,2025-09-22,CUST-0161,Noise-Cancelling Headphones,Electronics,3,227.5,South,Consumer,PayPal,682.5
TX-10206,2024-06-28,CUST-0321,Desk Mat,Accessories,4,25.0,North,Small Business,Credit Card,100.0
TX-14488,2025-10-14,CUST-0179,Wireless Mouse,Accessories,9,39.99,West,Corporate,Bank Transfer,359.91
TX-10870,2024-02-07,CUST-0104,Noise-Cancelling Headphones,Electronics,4,250.0,South,Corporate,Credit Card,1000.0
TX-14493,2025-06-21,CUST-0206,Smartwatch,Electronics,3,200.0,South,Consumer,Cash,600.0
TX-10502,2024-05-01,CUST-0339,Smartwatch,Electronics,3,200.0,East,Consumer,Credit Card,600.0
TX-11028,2025-03-22,CUST-0334,Premium Notebook,Office Supplies,2,15.5,East,Small Business,PayPal,31.0
TX-13840,2025-01-16,CUST-0179,Wireless Mouse,Accessories,7,49.99,West,Corporate,Cash,349.93
TX-12690,2024-08-17,CUST-0081,Pro Laptop,Electronics,2,996.0,North,Consumer,PayPal,1992.0
TX-11570,2024-07-09,CUST-0386,Smartwatch,Electronics,4,200.0,North,Small Business,Cash,800.0
TX-12773,2024-05-19,CUST-0295,Gel Pens 12-Pack,Office Supplies,4,12.99,West,Small Business,Bank Transfer,51.96
TX-12731,2025-06-30,CUST-0015,Premium Notebook,Office Supplies,7,15.5,West,Corporate,Credit Card,108.5
TX-10804,2025-04-01,CUST-0347,Wireless Mouse,Accessories,10,44.99,West,Corporate,Cash,449.90000000000003
TX-13645,2024-12-30,CUST-0049,Laptop Sleeve,Accessories,10,29.99,West,Corporate,Credit Card,299.9
TX-12454,2025-10-08,CUST-0287,Smartwatch,Electronics,1,200.0,East,Small Business,Bank Transfer,200.0
TX-14598,2025-12-17,CUST-0062,4K Monitor,Electronics,4,350.0,North,Corporate,PayPal,1400.0
TX-13104,2025-11-05,CUST-0205,4K Monitor,Electronics,3,350.0,North,Corporate,Bank Transfer,1050.0
TX-14875,2025-01-04,CUST-0091,Noise-Cancelling Headphones,Electronics,3,250.0,South,Small Business,PayPal,750.0
TX-10200,2025-04-19,CUST-0279,Whiteboard,Office Supplies,8,79.99,East,Corporate,PayPal,639.92
TX-13099,2025-07-20,CUST-0205,Laptop Sleeve,Accessories,9,29.99,North,Corporate,Cash,269.90999999999997
TX-12278,2025-05-17,CUST-0354,Smartwatch,Electronics,9,200.0,North,Corporate,Cash,1800.0
TX-13561,2025-05-21,CUST-0111,Gel Pens 12-Pack,Office Supplies,6,12.99,West,Corporate,Bank Transfer,77.94
TX-14474,2024-05-14,CUST-0370,Premium Tablet,Electronics,2,600.0,South,Corporate,Cash,1200.0
TX-14514,2024-11-03,CUST-0074,Smartwatch,Electronics,2,200.0,South,Small Business,Bank Transfer,400.0
TX-10391,2025-06-17,CUST-0320,Whiteboard,Office Supplies,1,79.99,South,Consumer,Credit Card,79.99
TX-11495,2025-05-23,CUST-0145,Premium Tablet,Electronics,1,564.0,North,Small Business,PayPal,564.0
TX-12695,2025-08-06,CUST-0258,Gel Pens 12-Pack,Office Supplies,4,12.99,South,Small Business,PayPal,51.96
TX-12027,2024-01-09,CUST-0077,Desk Mat,Accessories,4,25.0,South,Consumer,Credit Card,100.0
TX-12568,2024-10-19,CUST-0334,Laptop Sleeve,Accessories,2,29.99,East,Small Business,PayPal,59.98
TX-10064,2025-09-11,CUST-0221,Pro Laptop,Electronics,10,1200.0,East,Corporate,PayPal,12000.0
TX-13884,2024-05-13,CUST-0173,Wireless Mouse,Accessories,4,46.99,East,Small Business,Credit Card,187.96
TX-12062,2024-12-30,CUST-0181,Smartwatch,Electronics,2,200.0,East,Consumer,Bank Transfer,400.0
TX-10492,2024-04-02,CUST-0204,Whiteboard,Office Supplies,2,79.99,North,Corporate,PayPal,159.98
TX-10379,2024-11-06,CUST-0252,Wireless Mouse,Accessories,2,49.99,East,Consumer,PayPal,99.98
TX-14859,2024-05-09,CUST-0395,Premium Notebook,Office Supplies,4,15.5,East,Consumer,Credit Card,62.0
TX-13993,2025-04-26,CUST-0355,Premium Notebook,Office Supplies,3,15.5,East,Consumer,Cash,46.5
TX-14887,2024-02-24,CUST-0005,Whiteboard,Office Supplies,2,79.99,North,Small Business,Cash,159.98
TX-11076,2025-05-31,CUST-0167,Gel Pens 12-Pack,Office Supplies,2,12.99,North,Small Business,Bank Transfer,25.98
TX-10878,2024-05-28,CUST-0186,Premium Notebook,Office Supplies,3,15.5,North,Small Business,Credit Card,46.5
TX-10337,2025-07-17,CUST-0246,Pro Laptop,Electronics,3,1104.0,South,Small Business,Cash,3312.0
TX-11016,2025-06-29,CUST-0003,Standing Desk,Office Supplies,3,450.0,South,Consumer,Credit Card,1350.0
TX-11275,2025-05-28,CUST-0265,Laptop Sleeve,Accessories,3,29.99,West,Consumer,Cash,89.97
TX-13798,2024-04-23,CUST-0270,Premium Tablet,Electronics,2,600.0,West,Small Business,Bank Transfer,1200.0
TX-14551,2025-05-26,CUST-0294,Pro Laptop,Electronics,5,1020.0,East,Corporate,Cash,5100.0
TX-13342,2025-08-14,CUST-0014,Ergonomic Chair,Office Supplies,4,299.99,South,Small Business,PayPal,1199.96
TX-14911,2024-08-09,CUST-0312,Whiteboard,Office Supplies,4,79.99,West,Corporate,Credit Card,319.96
TX-10995,2024-03-08,CUST-0248,Smartwatch,Electronics,2,200.0,South,Small Business,Credit Card,400.0
TX-11981,2024-12-19,CUST-0011,Gel Pens 12-Pack,Office Supplies,3,11.82,West,Consumer,Cash,35.46
TX-14297,2025-10-26,CUST-0289,Wireless Mouse,Accessories,4,49.99,North,Consumer,Credit Card,199.96
TX-10161,2025-06-15,CUST-0311,Mechanical Keyboard,Accessories,7,79.99,East,Corporate,Bank Transfer,559.93
TX-14798,2025-12-18,CUST-0256,Standing Desk,Office Supplies,3,450.0,North,Corporate,Credit Card,1350.0
TX-11500,2025-03-11,CUST-0060,Smartwatch,Electronics,3,200.0,South,Small Business,Credit Card,600.0
TX-13843,2025-11-01,CUST-0228,Noise-Cancelling Headphones,Electronics,1,222.5,East,Small Business,Cash,222.5
TX-12613,2025-05-10,CUST-0309,Premium Tablet,Electronics,9,600.0,West,Corporate,Cash,5400.0
TX-13461,2024-10-26,CUST-0354,Wireless Mouse,Accessories,6,49.99,North,Corporate,Bank Transfer,299.94
TX-11021,2025-08-15,CUST-0064,Pro Laptop,Electronics,1,1200.0,West,Small Business,Cash,1200.0
TX-13073,2024-02-17,CUST-0028,Mechanical Keyboard,Accessories,4,81.99,North,Consumer,Bank Transfer,327.96
TX-13943,2025-02-11,CUST-0029,Whiteboard,Office Supplies,7,79.99,South,Corporate,Bank Transfer,559.93
TX-11585,2025-05-07,CUST-0018,Gel Pens 12-Pack,Office Supplies,2,12.99,North,Consumer,PayPal,25.98
TX-11955,2025-04-26,CUST-0198,Laptop Sleeve,Accessories,2,29.99,South,Consumer,Cash,59.98
TX-13152,2024-01-09,CUST-0320,Laptop Sleeve,Accessories,1,29.99,South,Consumer,Credit Card,29.99
TX-10034,2024-09-17,CUST-0236,Ergonomic Chair,Office Supplies,4,299.99,South,Consumer,Bank Transfer,1199.96
TX-14014,2025-06-11,CUST-0371,Gel Pens 12-Pack,Office Supplies,7,12.99,East,Corporate,Credit Card,90.93
TX-10775,2025-02-07,CUST-0246,Wireless Mouse,Accessories,4,49.99,South,Small Business,Cash,199.96
TX-12556,2025-11-13,CUST-0121,Premium Tablet,Electronics,3,600.0,West,Consumer,PayPal,1800.0
TX-11478,2025-02-22,CUST-0380,Premium Notebook,Office Supplies,4,15.5,South,Small Business,PayPal,62.0
TX-11363,2024-09-11,CUST-0057,Pro Laptop,Electronics,1,1200.0,West,Consumer,Credit Card,1200.0
TX-12612,2025-10-24,CUST-0019,Laptop Sleeve,Accessories,4,26.69,West,Consumer,PayPal,106.76
TX-12824,2025-09-17,CUST-0018,USB-C Multi-Hub,Accessories,4,36.39,North,Consumer,Cash,145.56
TX-12041,2025-05-24,CUST-0204,USB-C Multi-Hub,Accessories,9,39.99,North,Corporate,PayPal,359.91
TX-10241,2024-04-05,CUST-0306,USB-C Multi-Hub,Accessories,4,39.99,West,Consumer,Credit Card,159.96
TX-12061,2024-12-11,CUST-0239,Wireless Mouse,Accessories,4,49.99,South,Small Business,Bank Transfer,199.96
TX-12363,2025-01-24,CUST-0289,Noise-Cancelling Headphones,Electronics,4,250.0,North,Consumer,Credit Card,1000.0
TX-10600,2025-07-17,CUST-0167,Gel Pens 12-Pack,Office Supplies,4,12.99,North,Small Business,Bank Transfer,51.96
TX-12435,2024-04-29,CUST-0008,Premium Tablet,Electronics,2,510.0,South,Consumer,Credit Card,1020.0
TX-12888,2025-03-15,CUST-0167,Noise-Cancelling Headphones,Electronics,3,250.0,North,Small Business,Cash,750.0
TX-10646,2024-02-25,CUST-0073,Gel Pens 12-Pack,Office Supplies,1,11.17,East,Small Business,Credit Card,11.17
TX-13890,2025-06-10,CUST-0006,4K Monitor,Electronics,2,350.0,West,Consumer,PayPal,700.0
TX-13556,2025-05-22,CUST-0131,Smartwatch,Electronics,10,200.0,South,Corporate,Cash,2000.0
TX-13202,2025-03-22,CUST-0066,Premium Tablet,Electronics,3,558.0,North,Small Business,Cash,1674.0
TX-11528,2025-11-23,CUST-0191,Mechanical Keyboard,Accessories,4,99.99,East,Corporate,Bank Transfer,399.96
TX-11267,2024-03-20,CUST-0186,USB-C Multi-Hub,Accessories,1,39.99,North,Small Business,PayPal,39.99
TX-11899,2025-09-26,CUST-0026,Noise-Cancelling Headphones,Electronics,1,250.0,East,Small Business,Bank Transfer,250.0
TX-14658,2025-04-05,CUST-0386,Gel Pens 12-Pack,Office Supplies,4,12.99,North,Small Business,Cash,51.96
TX-13005,2024-01-08,CUST-0155,Desk Mat,Accessories,4,25.0,South,Small Business,Credit Card,100.0
TX-12734,2024-02-10,CUST-0149,Laptop Sleeve,Accessories,1,29.99,North,Small Business,Credit Card,29.99
TX-10189,2024-08-12,CUST-0069,Standing Desk,Office Supplies,4,450.0,East,Consumer,Bank Transfer,1800.0
TX-11806,2024-01-18,CUST-0317,Mechanical Keyboard,Accessories,3,80.99,South,Small Business,Bank Transfer,242.96999999999997
TX-10975,2025-07-26,CUST-0061,Desk Mat,Accessories,1,25.0,West,Small Business,Credit Card,25.0
TX-12747,2025-02-14,CUST-0192,Noise-Cancelling Headphones,Electronics,2,207.5,North,Corporate,Cash,415.0
TX-12047,2025-06-25,CUST-0303,Laptop Sleeve,Accessories,2,29.99,South,Small Business,Cash,59.98
TX-12558,2025-06-25,CUST-0256,Ergonomic Chair,Office Supplies,7,299.99,North,Corporate,Bank Transfer,2099.9300000000003
TX-11082,2024-06-06,CUST-0226,Standing Desk,Office Supplies,5,450.0,South,Corporate,Credit Card,2250.0
TX-10474,2025-10-18,CUST-0382,Wireless Mouse,Accessories,1,49.99,East,Consumer,Bank Transfer,49.99
TX-12904,2025-04-19,CUST-0343,Standing Desk,Office Supplies,3,450.0,West,Small Business,PayPal,1350.0
TX-14843,2025-04-12,CUST-0115,Ergonomic Chair,Office Supplies,1,299.99,North,Consumer,Cash,299.99
TX-14117,2024-02-01,CUST-0008,Wireless Mouse,Accessories,3,49.99,South,Consumer,Cash,149.97
TX-13385,2025-10-31,CUST-0188,Noise-Cancelling Headphones,Electronics,8,250.0,North,Corporate,Credit Card,2000.0
TX-14555,2025-09-01,CUST-0038,USB-C Multi-Hub,Accessories,2,39.99,South,Small Business,Credit Card,79.98
TX-11184,2024-03-27,CUST-0381,Whiteboard,Office Supplies,9,79.99,West,Corporate,Credit Card,719.91
TX-12433,2024-08-31,CUST-0053,Pro Laptop,Electronics,4,1200.0,East,Small Business,Credit Card,4800.0
TX-12391,2025-05-04,CUST-0127,Desk Mat,Accessories,1,22.0,South,Consumer,Bank Transfer,22.0
TX-10769,2025-04-13,CUST-0324,Premium Notebook,Office Supplies,2,13.17,North,Small Business,Bank Transfer,26.34
TX-11685,2025-08-11,CUST-0182,Laptop Sleeve,Accessories,2,29.99,East,Consumer,PayPal,59.98
TX-10130,2024-05-26,CUST-0348,Ergonomic Chair,Office Supplies,2,299.99,West,Small Business,Credit Card,599.98
TX-12919,2024-02-27,CUST-0367,Smartwatch,Electronics,3,190.0,North,Consumer,Cash,570.0
TX-13171,2024-03-22,CUST-0389,Laptop Sleeve,Accessories,4,29.99,East,Small Business,Cash,119.96
TX-13444,2025-01-11,CUST-0255,Pro Laptop,Electronics,6,1200.0,South,Corporate,PayPal,7200.0
TX-14426,2025-10-26,CUST-0393,Smartwatch,Electronics,9,200.0,East,Corporate,PayPal,1800.0
TX-10466,2024-11-24,CUST-0059,Premium Notebook,Office Supplies,3,15.5,South,Small Business,Credit Card,46.5
TX-13092,2025-02-13,CUST-0211,Premium Tablet,Electronics,4,600.0,East,Corporate,PayPal,2400.0
TX-13772,2025-05-26,CUST-0183,Desk Mat,Accessories,2,25.0,West,Small Business,Cash,50.0
TX-10860,2025-08-10,CUST-0116,Wireless Mouse,Accessories,1,49.99,West,Small Business,Bank Transfer,49.99
