Transaction_ID,Date,Customer_ID,Product_Name,Category,Quantity,Unit_Price,Region,Customer_Segment,Payment_Method
TX-12525,2024-12-06,CUST-0042,Laptop Sleeve, accessories,3.0,29.99,south,Small Business,Cash
TX-12922,2025-07-27,CUST-0004,Noise-Cancelling Headphones,Electronics ,1.0,250.0, North ,Small Business,Bank Transfer
TX-10889,2024-07-05,CUST-0202,Whiteboard,Office Supplies,5.0,79.99,south,Corporate,Credit Card
TX-10657,2025-07-14,CUST-0143,Laptop Sleeve, accessories,2.0,28.19, North ,Consumer,Credit Card
TX-14316,2024-02-10,CUST-0304,Whiteboard,Office Supplies,2.0,79.99, North ,Corporate,PayPal
TX-10838,2025-11-19,CUST-0268,Wireless Mouse, accessories,1.0,49.99,West,Small Business,PayPal
TX-12344,2025-02-28,CUST-0218,Noise-Cancelling Headphones,Electronics ,3.0,250.0,East,Consumer,Credit Card
TX-12146,2025-09-08,CUST-0315,Desk Mat, accessories,3.0,25.0, North ,Small Business,Credit Card
TX-10199,2025-02-06,CUST-0271,Premium Tablet,Electronics ,1.0,600.0,West,Consumer,Credit Card
TX-12846,2024-10-03,CUST-0073,Wireless Mouse, accessories,3.0,49.99,East,Small Business,Bank Transfer
TX-14391,2024-07-12,CUST-0350,Desk Mat, accessories,1.0,25.0,south,Consumer,Credit Card
TX-14713,2025-04-04,CUST-0017,Mechanical Keyboard, accessories,3.0,80.99,south,Corporate,Cash
TX-10084,2025-09-24,CUST-0236,USB-C Multi-Hub, accessories,1.0,39.99,south,Consumer,Cash
TX-11117,2024-04-01,CUST-0056,Laptop Sleeve, accessories,3.0,29.99,south,Consumer,PayPal
TX-10393,2025-05-08,CUST-0033,Premium Notebook,Office Supplies,3.0,15.5,East,Consumer,Bank Transfer
TX-10033,2025-01-26,,Whiteboard,Office Supplies,2.0,79.99,West,Small Business,PayPal
TX-11370,2024-01-10,CUST-0305,Gel Pens 12-Pack,Office Supplies,1.0,12.99, North ,Consumer,Cash
TX-13639,2025-12-03,CUST-0042,Desk Mat, accessories,2.0,25.0,south,Small Business,PayPal
TX-12796,2024-08-05,CUST-0366,Standing Desk,Office Supplies,8.0,450.0,West,Corporate,Credit Card
TX-14100,2024-05-23,CUST-0274,Smartwatch,Electronics ,4.0,164.0,East,Small Business,Credit Card
TX-13040,2024-10-01,CUST-0372,Standing Desk,Office Supplies,7.0,450.0,East,Corporate,Credit Card
TX-14367,2025-05-27,CUST-0004,Pro Laptop,Electronics ,4.0,1200.0, North ,Small Business,Credit Card
TX-10373,2024-01-13,CUST-0320,Laptop Sleeve, accessories,4.0,29.99,south,Consumer,Credit Card
TX-13566,2024-06-18,CUST-0376,Pro Laptop,Electronics ,4.0,1200.0,south,Consumer,PayPal
TX-12172,2024-03-19,CUST-0160,Wireless Mouse, accessories,1.0,45.49,south,Small Business,Bank Transfer
TX-11864,2024-12-15,CUST-0066,Whiteboard,Office Supplies,4.0,71.19, North ,Small Business,Credit Card
TX-11181,2024-07-06,CUST-0182,Whiteboard,Office Supplies,3.0,79.99,East,Consumer,Bank Transfer
TX-13225,2025-02-25,CUST-0032,Pro Laptop,Electronics ,7.0,1200.0,,Corporate,Credit Card
TX-11721,2025-12-11,CUST-0272,Noise-Cancelling Headphones,Electronics ,4.0,250.0,West,Corporate,Credit Card
TX-10486,2025-10-18,CUST-0069,USB-C Multi-Hub, accessories,4.0,39.99,East,Consumer,Cash
TX-13290,2025-03-01,CUST-0236,4K Monitor,Electronics ,4.0,350.0,south,Consumer,Cash
TX-10065,2024-08-21,CUST-0212,Gel Pens 12-Pack,Office Supplies,8.0,12.99, North ,Corporate,Cash
TX-11209,2024-07-15,CUST-0075,Ergonomic Chair,Office Supplies,2.0,299.99, North ,Small Business,Credit Card
TX-10168,2025-07-28,CUST-0167,Desk Mat, accessories,4.0,25.0, North ,Small Business,Bank Transfer
TX-14533,2024-02-16,CUST-0108,Pro Laptop,Electronics ,4.0,984.0,,Corporate,PayPal
TX-14109,2025-02-10,CUST-0203,Wireless Mouse, accessories,2.0,43.49,south,Small Business,PayPal
TX-12825,2024-10-13,CUST-0254,Laptop Sleeve, accessories,3.0,29.99, North ,Consumer,Credit Card
TX-10746,2025-04-05,CUST-0009,Noise-Cancelling Headphones,Electronics ,1.0,250.0, North ,Small Business,Bank Transfer
TX-13154,2025-09-14,CUST-0081,Mechanical Keyboard, accessories,4.0,99.99, North ,Consumer,Bank Transfer
TX-10977,2024-01-29,CUST-0074,4K Monitor,Electronics ,4.0,350.0,south,Small Business,Credit Card
TX-10296,2025-03-29,CUST-0045,Premium Tablet,Electronics ,3.0,600.0,East,Corporate,Cash
TX-13903,2024-02-15,CUST-0117,Premium Tablet,Electronics ,3.0,600.0,East,Consumer,Cash
TX-10731,2024-05-02,CUST-0045,Mechanical Keyboard, accessories,8.0,99.99,,Corporate,PayPal
TX-14310,2024-09-15,CUST-0336,Premium Tablet,Electronics ,7.0,600.0, North ,Corporate,Bank Transfer
TX-14883,2025-05-22,,Smartwatch,Electronics ,1.0,200.0,East,Consumer,Cash
TX-11699,2024-06-10,CUST-0215,Premium Tablet,Electronics ,2.0,600.0,East,Consumer,PayPal
TX-11872,2024-10-06,CUST-0161,Laptop Sleeve, accessories,2.0,29.99,East,Consumer,PayPal
TX-11101,2024-05-08,CUST-0047,4K Monitor,Electronics ,2.0,350.0,south,Small Business,PayPal
TX-14746,2024-10-10,CUST-0252,Gel Pens 12-Pack,Office Supplies,1.0,12.08,East,Consumer,Credit Card
TX-10079,2025-09-05,CUST-0029,Premium Tablet,Electronics ,6.0,600.0,south,Corporate,PayPal
TX-11038,2024-04-13,CUST-0347,Smartwatch,Electronics ,3.0,200.0,West,Corporate,Bank Transfer
TX-12826,2024-06-12,CUST-0139,Standing Desk,Office Supplies,1.0,450.0,East,Consumer,Credit Card
TX-13656,2024-12-15,CUST-0121,Laptop Sleeve, accessories,1.0,29.99,West,Consumer,PayPal
TX-13260,2025-09-02,CUST-0019,Pro Laptop,Electronics ,4.0,1200.0,West,Consumer,PayPal
TX-11197,2024-01-08,CUST-0080,USB-C Multi-Hub, accessories,5.0,39.99,East,Corporate,Cash
TX-11200,2024-05-16,CUST-0203,Premium Notebook,Office Supplies,1.0,15.5,south,Small Business,PayPal
TX-10106,2025-04-25,CUST-0100,Whiteboard,Office Supplies,4.0,79.99, North ,Small Business,Cash
TX-13738,2025-04-17,CUST-0376,Desk Mat, accessories,4.0,25.0,south,Consumer,Cash
TX-11832,2024-09-15,CUST-0144,Wireless Mouse, accessories,4.0,49.99, North ,Small Business,Bank Transfer
TX-11094,2025-09-23,CUST-0389,Noise-Cancelling Headphones,Electronics ,2.0,250.0,East,Small Business,Cash
TX-14476,2025-03-17,CUST-0025,Wireless Mouse, accessories,1.0,49.99,East,Small Business,Credit Card
TX-13235,2025-09-17,CUST-0009,Standing Desk,Office Supplies,3.0,423.0, North ,Small Business,PayPal
TX-11272,2025-05-30,CUST-0052,Mechanical Keyboard, accessories,1.0,99.99,south,Small Business,Cash
TX-11020,2024-12-14,CUST-0267,Pro Laptop,Electronics ,4.0,1200.0,West,Consumer,Credit Card
TX-11330,2024-04-15,CUST-0299,USB-C Multi-Hub, accessories,4.0,39.99, North ,Corporate,PayPal
TX-12484,2024-08-21,CUST-0196,USB-C Multi-Hub, accessories,4.0,39.99,West,Small Business,PayPal
TX-14655,2025-12-03,CUST-0122,Mechanical Keyboard, accessories,8.0,99.99,East,Corporate,PayPal
TX-10751,2025-09-22,CUST-0113,Premium Tablet,Electronics ,4.0,600.0,West,Small Business,Bank Transfer
TX-13658,2024-03-12,CUST-0308,Mechanical Keyboard, accessories,7.0,99.99, North ,Corporate,Credit Card
TX-12341,2025-11-18,CUST-0398,4K Monitor,Electronics ,8.0,350.0, North ,Corporate,PayPal
TX-14635,2024-07-03,CUST-0190,Ergonomic Chair,Office Supplies,2.0,299.99,south,Consumer,PayPal
TX-11335,2025-01-15,CUST-0075,Ergonomic Chair,Office Supplies,1.0,299.99, North ,Small Business,Bank Transfer
TX-11421,2025-07-26,CUST-0035,Gel Pens 12-Pack,Office Supplies,4.0,12.99,south,Small Business,Credit Card
TX-11427,2024-12-03,CUST-0340,Premium Tablet,Electronics ,9.0,600.0,West,Corporate,Credit Card
TX-13317,2024-07-08,CUST-0100,Premium Tablet,Electronics ,4.0,600.0, North ,Small Business,Bank Transfer
TX-11041,2025-03-15,CUST-0126,4K Monitor,Electronics ,2.0,350.0, North ,Consumer,Bank Transfer
TX-11503,2024-09-24,CUST-0346,Gel Pens 12-Pack,Office Supplies,4.0,12.99,East,Small Business,Cash
TX-10856,2025-12-13,CUST-0163,Whiteboard,Office Supplies,8.0,79.99,south,Corporate,Bank Transfer
TX-13922,2024-12-18,,Gel Pens 12-Pack,Office Supplies,4.0,12.99,south,Small Business,Bank Transfer
TX-10485,03/14/2025,CUST-0087,Noise-Cancelling Headphones,Electronics ,2.0,250.0,south,Consumer,PayPal
TX-13938,2024-05-30,CUST-0349,Pro Laptop,Electronics ,3.0,1200.0,East,Corporate,Cash
TX-11174,2024-12-07,CUST-0116,Ergonomic Chair,Office Supplies,1.0,299.99,West,Small Business,Cash
TX-11362,2025-02-16,CUST-0142,Laptop Sleeve, accessories,4.0,28.19,south,Consumer,Cash
TX-14684,2025-02-24,CUST-0364,Premium Tablet,Electronics ,4.0,600.0,south,Small Business,Credit Card
TX-13886,2024-05-25,CUST-0238,Smartwatch,Electronics ,3.0,180.0,West,Small Business,PayPal
TX-12575,2025-11-27,CUST-0348,Ergonomic Chair,Office Supplies,1.0,242.99,West,Small Business,Cash
TX-14272,2024-09-06,CUST-0077,4K Monitor,Electronics ,4.0,350.0,,Consumer,Cash
TX-10029,2025-05-14,CUST-0278,4K Monitor,Electronics ,1.0,350.0,East,Consumer,PayPal
TX-12698,2025-11-05,CUST-0073,Desk Mat, accessories,2.0,23.0,East,Small Business,PayPal
TX-14232,2025-04-13,CUST-0337,Noise-Cancelling Headphones,Electronics ,3.0,250.0,,Small Business,Cash
TX-14005,2025-12-02,CUST-0216,Wireless Mouse, accessories,7.0,49.99, North ,Corporate,Credit Card
TX-11305,2024-04-16,CUST-0046,Wireless Mouse, accessories,4.0,49.99,East,Consumer,Credit Card
TX-10530,2025-08-11,CUST-0129,Desk Mat, accessories,4.0,25.0,West,Consumer,Cash
TX-11684,2024-09-22,CUST-0300,USB-C Multi-Hub, accessories,4.0,39.99,East,Small Business,PayPal
TX-10240,2025-07-22,CUST-0263,Ergonomic Chair,Office Supplies,1.0,299.99,West,Consumer,Credit Card
TX-14284,2024-07-31,CUST-0096,Mechanical Keyboard, accessories,3.0,99.99, North ,Corporate,PayPal
TX-12672,2025-05-11,CUST-0019,Mechanical Keyboard, accessories,2.0,79.99,West,Consumer,Bank Transfer
TX-12088,2025-08-17,CUST-0344,Premium Tablet,Electronics ,2.0,600.0,south,Corporate,PayPal
TX-10157,2025-07-29,CUST-0100,Whiteboard,Office Supplies,3.0,79.99, North ,Small Business,Credit Card
TX-10691,2025-11-12,CUST-0167,Gel Pens 12-Pack,Office Supplies,,12.99, North ,Small Business,Credit Card
TX-10297,2025-03-15,CUST-0072,Noise-Cancelling Headphones,Electronics ,1.0,250.0, North ,Small Business,PayPal
TX-12440,2025-07-17,CUST-0329,Premium Tablet,Electronics ,3.0,600.0,East,Consumer,Bank Transfer
TX-12990,2024-10-02,CUST-0047,4K Monitor,Electronics ,1.0,350.0,south,Small Business,Cash
TX-13479,2025-11-01,CUST-0245,Gel Pens 12-Pack,Office Supplies,7.0,12.99,West,Corporate,Bank Transfer
TX-11952,2025-06-17,CUST-0148,Ergonomic Chair,Office Supplies,4.0,299.99,south,Small Business,Credit Card
TX-13187,2025-09-15,CUST-0319,Premium Tablet,Electronics ,2.0,504.0, North ,Consumer,Credit Card
TX-14892,2025-09-09,CUST-0223,Pro Laptop,Electronics ,8.0,1200.0,south,Corporate,Credit Card
TX-10023,2025-07-19,CUST-0194,Premium Notebook,Office Supplies,2.0,15.5,south,Small Business,PayPal
TX-14915,2024-07-04,CUST-0003,Laptop Sleeve, accessories,2.0,29.99,south,Consumer,Credit Card
TX-13350,2025-08-15,CUST-0325,Smartwatch,Electronics ,6.0,200.0,south,Corporate,Bank Transfer
TX-13758,2025-01-29,CUST-0097,Standing Desk,Office Supplies,2.0,450.0, North ,Small Business,Bank Transfer
TX-12509,2024-06-09,CUST-0005,Premium Tablet,Electronics ,3.0,552.0, North ,Small Business,Credit Card
TX-14279,2024-02-12,CUST-0391,Mechanical Keyboard, accessories,3.0,99.99,West,Consumer,Bank Transfer
TX-13662,2024-04-06,CUST-0112,4K Monitor,Electronics ,5.0,350.0,West,Corporate,Credit Card
TX-12034,2025-12-06,CUST-0174,Mechanical Keyboard, accessories,4.0,99.99,south,Small Business,Cash
TX-14204,2025-12-12,CUST-0176,Noise-Cancelling Headphones,Electronics ,4.0,250.0,East,Small Business,PayPal
TX-11095,2025-09-26,CUST-0041,Premium Tablet,Electronics ,3.0,600.0,East,Small Business,Cash
TX-12867,2025-10-04,CUST-0254,Smartwatch,Electronics ,4.0,200.0, North ,Consumer,Credit Card
TX-10228,2025-04-15,CUST-0290,Premium Tablet,Electronics ,6.0,600.0,West,Corporate,Credit Card
TX-10239,2024-11-11,CUST-0390,Ergonomic Chair,Office Supplies,2.0,263.99,south,Small Business,Credit Card
TX-13017,2025-03-30,CUST-0210,Ergonomic Chair,Office Supplies,6.0,299.99,south,Corporate,Bank Transfer
TX-13982,2024-09-09,CUST-0011,Standing Desk,Office Supplies,3.0,450.0,West,Consumer,Bank Transfer
TX-14159,2024-05-29,CUST-0263,Whiteboard,Office Supplies,4.0,79.99,West,Consumer,Credit Card
TX-10179,2024-06-28,CUST-0214,Pro Laptop,Electronics ,4.0,1008.0,West,Small Business,Cash
TX-13997,2024-01-01,CUST-0235,Ergonomic Chair,Office Supplies,3.0,299.99,East,Small Business,Credit Card
TX-12404,2024-03-09,CUST-0054,Premium Tablet,Electronics ,3.0,486.0,West,Small Business,Credit Card
TX-12860,2024-02-10,CUST-0061,4K Monitor,Electronics ,4.0,350.0,West,Small Business,Bank Transfer
TX-11718,2024-10-29,CUST-0158,Gel Pens 12-Pack,Office Supplies,10.0,12.99, North ,Corporate,Credit Card
TX-14280,2025-02-24,CUST-0267,Mechanical Keyboard, accessories,4.0,99.99,West,Consumer,Cash
TX-11770,2024-07-07,CUST-0103,Noise-Cancelling Headphones,Electronics ,1.0,250.0,East,Consumer,Bank Transfer
TX-12104,2025-12-07,CUST-0175,Smartwatch,Electronics ,2.0,180.0,East,Consumer,PayPal
TX-14662,2024-07-17,CUST-0393,Mechanical Keyboard, accessories,9.0,99.99,East,Corporate,Cash
TX-14924,2024-12-01,CUST-0320,Desk Mat, accessories,3.0,25.0,south,Consumer,Credit Card
TX-10711,2025-07-13,CUST-0018,4K Monitor,Electronics ,,308.0, North ,Consumer,Bank Transfer
TX-12133,2025-07-13,CUST-0390,Gel Pens 12-Pack,Office Supplies,2.0,12.99,south,Small Business,Bank Transfer
TX-12957,2024-02-29,CUST-0378,Whiteboard,Office Supplies,4.0,79.99, North ,Small Business,Cash
TX-10333,2025-10-23,CUST-0066,Noise-Cancelling Headphones,Electronics ,1.0,250.0, North ,Small Business,Credit Card
TX-10896,2024-08-29,CUST-0317,Standing Desk,Office Supplies,3.0,396.0,south,Small Business,Cash
TX-14153,2024-04-21,CUST-0338,Premium Tablet,Electronics ,1.0,600.0,East,Consumer,PayPal
TX-14283,2024-10-31,CUST-0143,USB-C Multi-Hub, accessories,4.0,39.99, North ,Consumer,Cash
TX-13815,2024-09-24,CUST-0140,Ergonomic Chair,Office Supplies,3.0,299.99, North ,Small Business,PayPal
TX-12395,2025-10-28,CUST-0070,Whiteboard,Office Supplies,6.0,64.79,East,Corporate,PayPal
TX-13992,2024-08-16,CUST-0374,USB-C Multi-Hub, accessories,6.0,39.99,West,Corporate,Credit Card
TX-13595,2024-09-11,CUST-0224,USB-C Multi-Hub, accessories,2.0,39.99, North ,Small Business,Credit Card
TX-13038,2024-06-26,CUST-0102,Desk Mat, accessories,3.0,25.0, North ,Consumer,Credit Card
TX-14326,2025-05-22,CUST-0233,Standing Desk,Office Supplies,7.0,423.0,West,Corporate,Cash
TX-10705,2025-02-19,CUST-0196,Whiteboard,Office Supplies,2.0,79.99,West,Small Business,PayPal
TX-11374,2025-04-14,CUST-0007,Premium Notebook,Office Supplies,3.0,13.17, North ,Consumer,Cash
TX-12309,2024-05-28,CUST-0204,Premium Tablet,Electronics ,4.0,600.0, North ,Corporate,Credit Card
TX-13963,2025-12-16,CUST-0117,Gel Pens 12-Pack,Office Supplies,2.0,12.99,East,Consumer,Bank Transfer
TX-14418,12/08/2025,CUST-0251,Laptop Sleeve, accessories,2.0,29.99,south,Small Business,Cash
TX-12881,2024-08-15,CUST-0177,Ergonomic Chair,Office Supplies,2.0,257.99,West,Corporate,Bank Transfer
TX-11533,2025-08-31,CUST-0180,Laptop Sleeve, accessories,2.0,29.99, North ,Consumer,Bank Transfer
TX-13245,2025-01-25,CUST-0175,USB-C Multi-Hub, accessories,4.0,39.99,East,Consumer,Credit Card
TX-12649,2024-10-14,CUST-0299,Premium Tablet,Electronics ,3.0,600.0, North ,Corporate,Cash
TX-13065,2024-08-31,CUST-0155,Laptop Sleeve, accessories,1.0,29.99,south,Small Business,Credit Card
TX-10829,2024-10-11,CUST-0179,Standing Desk,Office Supplies,10.0,450.0,West,Corporate,PayPal
TX-13574,2024-12-27,CUST-0141,Smartwatch,Electronics ,3.0,200.0,West,Small Business,PayPal
TX-11451,2024-10-07,CUST-0395,USB-C Multi-Hub, accessories,3.0,36.39,East,Consumer,Cash
TX-13803,2024-03-24,CUST-0166,Premium Notebook,Office Supplies,2.0,15.5,East,Small Business,Cash
TX-12236,2024-12-04,CUST-0310,Mechanical Keyboard, accessories,10.0,99.99,south,Corporate,Cash
TX-14897,2024-06-07,CUST-0236,Laptop Sleeve, accessories,3.0,29.99,south,Consumer,PayPal
TX-10279,2024-06-21,CUST-0166,USB-C Multi-Hub, accessories,3.0,39.99,East,Small Business,Bank Transfer
TX-13499,2024-10-12,CUST-0251,Pro Laptop,Electronics ,3.0,1200.0,south,Small Business,Cash
TX-11617,2025-11-11,CUST-0325,USB-C Multi-Hub, accessories,10.0,39.99,south,Corporate,Cash
TX-11859,2024-06-11,CUST-0156,USB-C Multi-Hub, accessories,5.0,39.99,East,Corporate,PayPal
TX-14890,2025-01-23,CUST-0011,Wireless Mouse, accessories,2.0,40.99,West,Consumer,Credit Card
TX-12254,2025-08-26,CUST-0114,Mechanical Keyboard, accessories,3.0,81.99, North ,Small Business,Bank Transfer
TX-10893,05/21/2025,CUST-0061,Premium Tablet,Electronics ,2.0,600.0,West,Small Business,Bank Transfer
TX-12638,2025-08-22,CUST-0068,Pro Laptop,Electronics ,2.0,1092.0,East,Small Business,Credit Card
TX-10655,2025-07-10,,Desk Mat, accessories,2.0,25.0,south,Consumer,PayPal
TX-14687,2024-05-09,CUST-0309,4K Monitor,Electronics ,6.0,350.0,West,Corporate,Bank Transfer
TX-14614,2025-09-06,CUST-0085,Noise-Cancelling Headphones,Electronics ,4.0,250.0, North ,Consumer,Bank Transfer
TX-10228,2025-04-15,CUST-0290,Premium Tablet,Electronics ,,600.0,West,Corporate,Credit Card
TX-14618,2025-06-28,CUST-0020,Desk Mat, accessories,10.0,25.0,East,Corporate,PayPal
TX-11129,2024-09-11,CUST-0189,Whiteboard,Office Supplies,9.0,79.99,south,Corporate,Cash
TX-12073,2025-02-25,CUST-0039,USB-C Multi-Hub, accessories,1.0,39.99,south,Consumer,Cash
TX-14347,2024-04-23,CUST-0384,Premium Notebook,Office Supplies,3.0,15.5,south,Corporate,Bank Transfer
TX-10491,2024-08-16,CUST-0396,USB-C Multi-Hub, accessories,4.0,39.99, North ,Corporate,Cash
TX-11732,2025-12-09,CUST-0250,Standing Desk,Office Supplies,1.0,450.0,,Consumer,Credit Card
TX-11215,2025-01-05,CUST-0302,Laptop Sleeve, accessories,7.0,29.99,south,Corporate,PayPal
TX-12834,2025-10-30,CUST-0399,Pro Laptop,Electronics ,3.0,1200.0,West,Consumer,PayPal
TX-11268,2025-07-08,CUST-0055,Premium Tablet,Electronics ,2.0,552.0,West,Corporate,Bank Transfer
TX-14791,2024-08-29,CUST-0149,4K Monitor,Electronics ,3.0,350.0, North ,Small Business,Credit Card
TX-11534,2024-07-16,CUST-0141,Gel Pens 12-Pack,Office Supplies,,12.99,West,Small Business,Bank Transfer
TX-14688,2025-11-01,CUST-0298,Premium Notebook,Office Supplies,2.0,15.5,West,Corporate,Bank Transfer
TX-14984,2024-12-02,CUST-0204,Whiteboard,Office Supplies,8.0,79.99, North ,Corporate,PayPal
TX-14305,2025-11-30,CUST-0047,Noise-Cancelling Headphones,Electronics ,3.0,250.0,south,Small Business,Credit Card
TX-10653,2025-04-01,CUST-0148,Mechanical Keyboard, accessories,1.0,99.99,south,Small Business,PayPal
TX-10994,2025-05-31,CUST-0059,Ergonomic Chair,Office Supplies,3.0,299.99,south,Small Business,Cash
TX-11018,2024-03-05,CUST-0321,Wireless Mouse, accessories,1.0,49.99, North ,Small Business,Cash
TX-14590,2024-02-24,CUST-0389,USB-C Multi-Hub, accessories,1.0,39.99,East,Small Business,Credit Card
TX-10555,2024-10-25,CUST-0310,Desk Mat, accessories,6.0,25.0,south,Corporate,Cash
TX-10008,2024-10-05,CUST-0042,Wireless Mouse, accessories,4.0,49.99,south,Small Business,Bank Transfer
TX-11090,2025-02-24,CUST-0155,Desk Mat, accessories,1.0,25.0,south,Small Business,PayPal
TX-13475,2024-10-25,CUST-0244,Whiteboard,Office Supplies,2.0,79.99,East,Corporate,Credit Card
TX-13321,2025-03-10,CUST-0128,4K Monitor,Electronics ,4.0,325.5,West,Corporate,PayPal
TX-14226,2025-04-07,CUST-0384,Premium Notebook,Office Supplies,4.0,13.17,south,Corporate,Bank Transfer
TX-13043,2025-06-01,CUST-0268,Premium Notebook,Office Supplies,2.0,13.02,West,Small Business,Cash
TX-11371,2025-04-28,CUST-0057,Pro Laptop,Electronics ,3.0,1200.0,West,Consumer,PayPal
TX-10144,2025-07-18,CUST-0141,Noise-Cancelling Headphones,Electronics ,1.0,250.0,West,Small Business,PayPal
TX-10676,2025-01-15,CUST-0232,Standing Desk,Office Supplies,3.0,373.5,,Small Business,PayPal
TX-13934,2024-11-13,CUST-0210,4K Monitor,Electronics ,3.0,350.0,south,Corporate,Cash
TX-12751,2024-11-06,CUST-0351,Premium Notebook,Office Supplies,5.0,15.5,East,Corporate,Cash
TX-10931,2025-09-23,CUST-0185,Desk Mat, accessories,3.0,23.75, North ,Consumer,Credit Card
TX-13816,2025-02-06,CUST-0021,Desk Mat, accessories,4.0,25.0,East,Consumer,Bank Transfer
TX-11606,2025-10-12,CUST-0010,USB-C Multi-Hub, accessories,2.0,39.99,south,Small Business,Credit Card
TX-10151,2024-05-05,CUST-0127,Pro Laptop,Electronics ,1.0,1200.0,south,Consumer,Bank Transfer
TX-13589,2024-04-12,CUST-0089,Noise-Cancelling Headphones,Electronics ,5.0,250.0,south,Corporate,Credit Card
TX-13898,2024-11-06,CUST-0358,Ergonomic Chair,Office Supplies,7.0,299.99,East,Corporate,Credit Card
TX-12413,2024-09-16,CUST-0186,Ergonomic Chair,Office Supplies,1.0,299.99, North ,Small Business,Cash
TX-10227,2025-09-26,CUST-0270,Premium Notebook,Office Supplies,3.0,12.56,West,Small Business,Cash
TX-11539,2024-01-01,CUST-0166,Pro Laptop,Electronics ,2.0,1200.0,East,Small Business,Cash
TX-11744,2025-07-14,CUST-0332,Gel Pens 12-Pack,Office Supplies,3.0,12.99,,Consumer,PayPal
TX-14264,2025-03-19,CUST-0167,USB-C Multi-Hub, accessories,1.0,32.79, North ,Small Business,Credit Card
TX-12312,2024-05-12,CUST-0022,4K Monitor,Electronics ,1.0,315.0,West,Small Business,Cash
TX-11616,2024-12-26,CUST-0215,USB-C Multi-Hub, accessories,3.0,39.99,East,Consumer,Bank Transfer
TX-12103,2025-11-15,CUST-0295,Mechanical Keyboard, accessories,4.0,94.99,West,Small Business,Credit Card
TX-11406,2025-11-03,CUST-0022,Standing Desk,Office Supplies,4.0,450.0,West,Small Business,Cash
TX-14934,2025-12-06,CUST-0055,Gel Pens 12-Pack,Office Supplies,6.0,12.99,West,Corporate,PayPal
TX-10501,2025-06-10,CUST-0330,Standing Desk,Office Supplies,4.0,387.0, North ,Corporate,PayPal
TX-10670,2025-08-05,CUST-0316,Premium Tablet,Electronics ,5.0,600.0, North ,Corporate,Bank Transfer
TX-11835,2024-05-13,CUST-0320,4K Monitor,Electronics ,1.0,350.0,south,Consumer,Bank Transfer
TX-13634,2025-07-18,CUST-0287,Pro Laptop,Electronics ,1.0,1200.0,East,Small Business,Bank Transfer
TX-12015,2024-06-18,CUST-0345,Ergonomic Chair,Office Supplies,1.0,299.99,south,Small Business,Cash
TX-10848,2024-02-03,CUST-0338,Standing Desk,Office Supplies,4.0,378.0,East,Consumer,Cash
TX-10584,2024-05-17,CUST-0129,Smartwatch,Electronics ,4.0,200.0,West,Consumer,Bank Transfer
TX-10248,2025-02-06,CUST-0187,4K Monitor,Electronics ,2.0,350.0,south,Small Business,PayPal
TX-11052,2024-02-09,CUST-0280,Noise-Cancelling Headphones,Electronics ,2.0,250.0,,Small Business,Bank Transfer
TX-12313,2025-06-25,CUST-0390,Standing Desk,Office Supplies,2.0,387.0,south,Small Business,PayPal
TX-14275,2025-03-11,CUST-0089,Premium Tablet,Electronics ,9.0,600.0,south,Corporate,Cash
TX-12072,2025-11-11,CUST-0071,USB-C Multi-Hub, accessories,8.0,39.99,south,Corporate,PayPal
TX-11629,2025-07-04,CUST-0062,Laptop Sleeve, accessories,10.0,29.99, North ,Corporate,Credit Card
TX-10100,2025-03-09,CUST-0010,Premium Notebook,Office Supplies,2.0,15.5,south,Small Business,PayPal
TX-12845,2024-04-05,CUST-0332,Ergonomic Chair,Office Supplies,2.0,242.99,south,Consumer,Bank Transfer
TX-10642,2025-08-08,CUST-0305,Laptop Sleeve, accessories,1.0,29.99, North ,Consumer,Credit Card
TX-14119,2025-07-26,CUST-0239,Premium Tablet,Electronics ,,600.0,south,Small Business,Credit Card
TX-14066,2024-01-25,CUST-0088,Noise-Cancelling Headphones,Electronics ,3.0,200.0,West,Small Business,Bank Transfer
TX-14020,2025-07-24,CUST-0247,4K Monitor,Electronics ,2.0,318.5,West,Small Business,Cash
TX-10561,2024-05-14,CUST-0270,Pro Laptop,Electronics ,1.0,1200.0,West,Small Business,Bank Transfer
TX-11694,2024-01-17,CUST-0004,Gel Pens 12-Pack,Office Supplies,4.0,12.99, North ,Small Business,Credit Card
TX-11943,2025-05-04,CUST-0337,4K Monitor,Electronics ,4.0,350.0,West,Small Business,Credit Card
TX-14157,2025-08-08,CUST-0310,Desk Mat, accessories,4.0,20.25,south,Corporate,Cash
TX-12767,2024-06-27,CUST-0246,Desk Mat, accessories,2.0,25.0,south,Small Business,Credit Card
TX-11170,2024-06-16,CUST-0043,Gel Pens 12-Pack,Office Supplies,2.0,10.91,East,Consumer,PayPal
TX-14183,2024-10-30,CUST-0286,USB-C Multi-Hub, accessories,5.0,39.99,West,Corporate,Credit Card
TX-11173,2025-06-28,CUST-0281,Ergonomic Chair,Office Supplies,3.0,299.99, North ,Consumer,Credit Card
TX-13671,2024-11-11,CUST-0049,Wireless Mouse, accessories,6.0,49.99,West,Corporate,Bank Transfer
TX-11293,2025-03-14,CUST-0176,Standing Desk,Office Supplies,2.0,450.0,East,Small Business,Bank Transfer
TX-13814,2024-09-04,CUST-0192,Desk Mat, accessories,8.0,22.5, North ,Corporate,Cash
TX-12337,2024-10-21,CUST-0272,Gel Pens 12-Pack,Office Supplies,6.0,12.99,West,Corporate,PayPal
TX-14025,2025-02-05,CUST-0110,Premium Tablet,Electronics ,3.0,600.0, North ,Small Business,PayPal
TX-10805,2025-09-11,CUST-0262,Noise-Cancelling Headphones,Electronics ,4.0,250.0, North ,Consumer,PayPal
TX-13112,2024-01-05,CUST-0044,Premium Notebook,Office Supplies,2.0,15.5,south,Consumer,Credit Card
TX-14259,2025-10-12,CUST-0028,Smartwatch,Electronics ,2.0,178.0,,Consumer,Cash
TX-14711,2024-01-07,CUST-0363,Premium Notebook,Office Supplies,5.0,15.5,West,Corporate,Cash
TX-14657,2024-03-05,CUST-0287,Laptop Sleeve, accessories,2.0,29.99,East,Small Business,Bank Transfer
TX-11717,2024-05-09,CUST-0049,Smartwatch,Electronics ,3.0,200.0,West,Corporate,Credit Card
TX-13905,2024-11-05,CUST-0274,4K Monitor,Electronics ,3.0,350.0,East,Small Business,Cash
TX-12784,2024-06-12,CUST-0268,Whiteboard,Office Supplies,1.0,73.59,West,Small Business,Credit Card
TX-11281,2025-08-05,CUST-0250,Noise-Cancelling Headphones,Electronics ,3.0,250.0,East,Consumer,Cash
TX-14955,2025-01-21,CUST-0051,Standing Desk,Office Supplies,2.0,423.0,East,Consumer,Cash
TX-14177,2024-10-01,CUST-0039,Gel Pens 12-Pack,Office Supplies,3.0,12.99,south,Consumer,Credit Card
TX-13941,2025-10-27,CUST-0400,Noise-Cancelling Headphones,Electronics ,2.0,250.0, North ,Consumer,Cash
TX-12457,2024-04-02,CUST-0344,Mechanical Keyboard, accessories,9.0,99.99,south,Corporate,Bank Transfer
TX-12886,2024-05-26,CUST-0016,Premium Tablet,Electronics ,2.0,600.0,East,Consumer,PayPal
TX-12692,2025-07-05,CUST-0223,Desk Mat, accessories,10.0,25.0,south,Corporate,Cash
TX-13189,2025-03-18,CUST-0321,Mechanical Keyboard, accessories,2.0,99.99, North ,Small Business,Cash
TX-11412,2024-06-11,CUST-0119,Pro Laptop,Electronics ,4.0,1200.0,south,Small Business,Cash
TX-10426,2024-12-16,CUST-0205,Premium Notebook,Office Supplies,8.0,15.5, North ,Corporate,Cash
TX-10230,2024-06-24,CUST-0043,Gel Pens 12-Pack,Office Supplies,3.0,12.99,East,Consumer,Credit Card
TX-13747,2025-11-19,CUST-0116,Desk Mat, accessories,2.0,25.0,West,Small Business,Bank Transfer
TX-13827,2025-09-10,CUST-0400,Noise-Cancelling Headphones,Electronics ,2.0,250.0, North ,Consumer,Credit Card
TX-14308,2024-02-09,CUST-0186,Mechanical Keyboard, accessories,3.0,99.99, North ,Small Business,Cash
TX-10416,2025-04-30,CUST-0360,Premium Tablet,Electronics ,1.0,600.0, North ,Small Business,Bank Transfer
TX-13011,2025-11-05,CUST-0087,Premium Notebook,Office Supplies,2.0,15.5,south,Consumer,Bank Transfer
TX-11837,2025-06-08,CUST-0218,Premium Notebook,Office Supplies,2.0,15.5,East,Consumer,Bank Transfer
TX-11786,2024-02-18,CUST-0198,Noise-Cancelling Headphones,Electronics ,1.0,250.0,south,Consumer,Cash
TX-12369,2025-12-08,CUST-0115,Gel Pens 12-Pack,Office Supplies,3.0,12.99, North ,Consumer,Credit Card
TX-10811,2024-10-23,CUST-0022,Whiteboard,Office Supplies,3.0,79.99,West,Small Business,Cash
TX-11973,2025-09-16,CUST-0085,Premium Tablet,Electronics ,3.0,510.0, North ,Consumer,Credit Card
TX-10586,2024-10-08,CUST-0307,Mechanical Keyboard, accessories,1.0,99.99,West,Consumer,PayPal
TX-10724,2024-05-28,CUST-0272,Ergonomic Chair,Office Supplies,6.0,299.99,West,Corporate,Cash
TX-11995,2025-02-17,CUST-0269,Whiteboard,Office Supplies,7.0,79.99,East,Corporate,Cash
TX-12157,2024-01-24,CUST-0343,Smartwatch,Electronics ,4.0,200.0,West,Small Business,Bank Transfer
TX-11175,2024-08-15,CUST-0194,Pro Laptop,Electronics ,2.0,1200.0,south,Small Business,Bank Transfer
TX-13128,2024-02-18,CUST-0243,Pro Laptop,Electronics ,3.0,1200.0,West,Small Business,Credit Card
TX-13250,2025-07-19,CUST-0239,Whiteboard,Office Supplies,3.0,66.39,south,Small Business,Bank Transfer
TX-12499,11/13/2025,CUST-0034,Pro Laptop,Electronics ,8.0,1200.0,East,Corporate,Bank Transfer
TX-12794,2024-09-06,CUST-0371,Ergonomic Chair,Office Supplies,2.0,299.99,East,Corporate,Bank Transfer
TX-11918,2025-07-17,CUST-0341,Premium Tablet,Electronics ,7.0,504.0, North ,Corporate,Cash
TX-10776,2025-07-25,CUST-0386,Smartwatch,Electronics ,2.0,200.0, North ,Small Business,PayPal
TX-14750,2024-10-10,CUST-0225,Ergonomic Chair,Office Supplies,3.0,299.99,West,Consumer,Bank Transfer
TX-10949,2025-03-24,CUST-0235,Pro Laptop,Electronics ,1.0,1200.0,East,Small Business,Credit Card
TX-14775,2025-09-13,CUST-0130,Wireless Mouse, accessories,3.0,45.99,West,Consumer,Bank Transfer
TX-10538,2025-05-19,CUST-0295,Gel Pens 12-Pack,Office Supplies,2.0,12.99,West,Small Business,Bank Transfer
TX-12057,2025-05-06,CUST-0011,Premium Tablet,Electronics ,3.0,600.0,West,Consumer,PayPal
TX-14192,2025-11-25,CUST-0029,4K Monitor,Electronics ,5.0,350.0,south,Corporate,Bank Transfer
TX-14395,2025-12-09,CUST-0370,Whiteboard,Office Supplies,9.0,79.99,south,Corporate,Cash
TX-10149,2025-04-20,CUST-0311,Noise-Cancelling Headphones,Electronics ,7.0,250.0,East,Corporate,Bank Transfer
TX-14281,2024-10-27,CUST-0286,Wireless Mouse, accessories,7.0,49.99,West,Corporate,Cash
TX-11992,2024-05-15,CUST-0124,USB-C Multi-Hub, accessories,3.0,39.99,West,Small Business,Cash
TX-13653,2025-12-08,CUST-0124,Smartwatch,Electronics ,3.0,200.0,,Small Business,Bank Transfer
TX-13410,2024-10-06,CUST-0043,Premium Notebook,Office Supplies,2.0,15.5,East,Consumer,Cash
TX-12252,2024-09-23,CUST-0041,USB-C Multi-Hub, accessories,2.0,39.99,East,Small Business,Bank Transfer
TX-13673,2024-09-07,CUST-0387,Ergonomic Chair,Office Supplies,6.0,299.99,south,Corporate,Cash
TX-10012,2025-11-17,CUST-0169,Gel Pens 12-Pack,Office Supplies,3.0,12.99, North ,Consumer,Cash
TX-13794,2024-02-27,CUST-0289,Standing Desk,Office Supplies,2.0,450.0, North ,Consumer,Cash
TX-13296,2025-02-17,CUST-0062,Premium Notebook,Office Supplies,2.0,15.5, North ,Corporate,PayPal
TX-14778,2025-09-19,CUST-0051,USB-C Multi-Hub, accessories,4.0,39.99,East,Consumer,PayPal
TX-10468,2024-07-16,CUST-0165,Wireless Mouse, accessories,1.0,49.99,West,Small Business,PayPal
TX-13740,2024-12-17,CUST-0301,Ergonomic Chair,Office Supplies,1.0,299.99,West,Small Business,Bank Transfer
TX-10800,2025-08-10,CUST-0290,Desk Mat, accessories,7.0,25.0,West,Corporate,Credit Card
TX-10472,2024-09-14,CUST-0295,Noise-Cancelling Headphones,Electronics ,4.0,250.0,West,Small Business,Cash
TX-11405,2024-05-03,CUST-0289,Ergonomic Chair,Office Supplies,3.0,299.99, North ,Consumer,Credit Card
TX-11545,2024-07-14,CUST-0092,Wireless Mouse, accessories,5.0,49.99,East,Corporate,Cash
TX-13842,2025-06-27,CUST-0396,Ergonomic Chair,Office Supplies,5.0,275.99, North ,Corporate,Cash
TX-12842,2024-04-23,CUST-0292,4K Monitor,Electronics ,3.0,350.0,West,Corporate,Cash
TX-12233,2025-06-19,CUST-0334,Pro Laptop,Electronics ,2.0,1200.0,East,Small Business,Bank Transfer
TX-14758,2025-02-13,CUST-0294,Standing Desk,Office Supplies,6.0,450.0,East,Corporate,Bank Transfer
TX-10810,2024-10-06,CUST-0364,Mechanical Keyboard, accessories,2.0,99.99,south,Small Business,PayPal
TX-12623,2025-12-16,CUST-0020,Desk Mat, accessories,,25.0,East,Corporate,Cash
TX-14546,2024-10-10,CUST-0288,Pro Laptop,Electronics ,10.0,1200.0,West,Corporate,Bank Transfer
TX-10907,2025-05-21,CUST-0021,Premium Notebook,Office Supplies,4.0,15.5,East,Consumer,Cash
TX-13852,2024-08-30,CUST-0341,Laptop Sleeve, accessories,8.0,29.99, North ,Corporate,Cash
TX-14615,2024-01-04,CUST-0126,Smartwatch,Electronics ,1.0,200.0, North ,Consumer,Bank Transfer
TX-10733,2025-11-14,CUST-0166,Standing Desk,Office Supplies,1.0,450.0,East,Small Business,Bank Transfer
TX-14049,2025-01-30,CUST-0233,Noise-Cancelling Headphones,Electronics ,10.0,250.0,West,Corporate,Cash
TX-11630,2024-03-02,CUST-0204,Wireless Mouse, accessories,7.0,49.99, North ,Corporate,Cash
TX-10599,2025-02-15,CUST-0337,4K Monitor,Electronics ,4.0,350.0,West,Small Business,Bank Transfer
TX-11483,2024-05-26,CUST-0377,Mechanical Keyboard, accessories,8.0,99.99,south,Corporate,Bank Transfer
TX-12181,07/17/2025,CUST-0094,Whiteboard,Office Supplies,1.0,79.99,West,Consumer,Cash
TX-11665,2025-03-03,CUST-0003,Ergonomic Chair,Office Supplies,4.0,299.99,south,Consumer,Bank Transfer
TX-11514,2025-02-04,CUST-0100,USB-C Multi-Hub, accessories,3.0,39.99, North ,Small Business,Cash
TX-12316,2024-10-15,CUST-0146,4K Monitor,Electronics ,8.0,350.0,south,Corporate,PayPal
TX-10505,2024-07-03,CUST-0265,Whiteboard,Office Supplies,1.0,79.99,West,Consumer,Bank Transfer
TX-10132,2025-01-15,CUST-0228,4K Monitor,Electronics ,2.0,350.0,East,Small Business,Bank Transfer
TX-14917,2024-08-02,CUST-0120,Gel Pens 12-Pack,Office Supplies,2.0,12.99,West,Consumer,Credit Card
TX-11756,2024-09-26,CUST-0221,Premium Notebook,Office Supplies,5.0,15.5,East,Corporate,Bank Transfer
TX-14907,2025-10-27,CUST-0326,Whiteboard,Office Supplies,7.0,79.99,East,Corporate,PayPal
TX-10414,2025-10-17,CUST-0274,Wireless Mouse, accessories,1.0,49.99,East,Small Business,Credit Card
TX-12559,2025-04-23,CUST-0399,Desk Mat, accessories,3.0,25.0,West,Consumer,Cash
TX-14719,2025-09-13,CUST-0097,Pro Laptop,Electronics ,4.0,1200.0, North ,Small Business,PayPal
TX-11670,2025-12-24,CUST-0144,Laptop Sleeve, accessories,4.0,25.49, North ,Small Business,Credit Card
TX-10287,2025-04-15,CUST-0009,Premium Tablet,Electronics ,4.0,486.0, North ,Small Business,Cash
TX-14649,2024-02-22,CUST-0151,Pro Laptop,Electronics ,9.0,1200.0,East,Corporate,Credit Card
TX-14108,2025-12-05,CUST-0374,Gel Pens 12-Pack,Office Supplies,5.0,11.56,West,Corporate,Cash
TX-10429,2025-09-18,CUST-0015,Mechanical Keyboard, accessories,9.0,88.99,West,Corporate,Cash
TX-10812,2025-04-19,CUST-0002,Noise-Cancelling Headphones,Electronics ,3.0,212.5,East,Consumer,Cash
TX-13006,2025-10-11,CUST-0107,Premium Tablet,Electronics ,4.0,492.0,West,Consumer,Bank Transfer
TX-12094,2025-03-23,CUST-0002,Gel Pens 12-Pack,Office Supplies,2.0,12.99,East,Consumer,Credit Card
TX-12722,2025-12-13,CUST-0197,4K Monitor,Electronics ,3.0,308.0,south,Consumer,Credit Card
TX-14402,2025-02-02,CUST-0131,Standing Desk,Office Supplies,7.0,450.0,south,Corporate,Cash
TX-14947,2024-03-15,CUST-0080,Pro Laptop,Electronics ,2.0,1200.0,East,Corporate,Bank Transfer
TX-13891,2025-01-11,CUST-0388,USB-C Multi-Hub, accessories,2.0,35.99, North ,Consumer,Credit Card
TX-13132,2025-07-11,CUST-0284,Premium Notebook,Office Supplies,1.0,15.5,south,Small Business,Cash
TX-13526,2024-03-25,CUST-0072,Smartwatch,Electronics ,1.0,200.0, North ,Small Business,Bank Transfer
TX-10589,2025-07-05,CUST-0098,Desk Mat, accessories,2.0,25.0,south,Small Business,Bank Transfer
TX-12101,2025-06-18,CUST-0131,Wireless Mouse, accessories,6.0,49.99,south,Corporate,Bank Transfer
TX-11892,2024-09-23,CUST-0202,Noise-Cancelling Headphones,Electronics ,9.0,250.0,south,Corporate,Credit Card
TX-10465,2025-04-01,CUST-0124,Laptop Sleeve, accessories,2.0,29.99,West,Small Business,Credit Card
TX-13616,2025-03-14,CUST-0247,Pro Laptop,Electronics ,1.0,1200.0,West,Small Business,Credit Card
TX-13545,2024-12-25,CUST-0274,Desk Mat, accessories,1.0,25.0,East,Small Business,Credit Card
TX-14354,2025-11-23,CUST-0144,Whiteboard,Office Supplies,3.0,79.99, North ,Small Business,Cash
TX-13459,2024-11-23,CUST-0300,Noise-Cancelling Headphones,Electronics ,3.0,215.0,East,Small Business,PayPal
TX-14953,2025-07-02,CUST-0137,Laptop Sleeve, accessories,4.0,29.99,south,Consumer,Cash
TX-14560,2025-08-22,CUST-0310,Pro Laptop,Electronics ,2.0,972.0,south,Corporate,Cash
TX-14431,2025-02-28,CUST-0117,Laptop Sleeve, accessories,3.0,29.99,East,Consumer,Bank Transfer
TX-12123,2025-03-21,CUST-0118,Mechanical Keyboard, accessories,3.0,99.99,south,Consumer,Bank Transfer
TX-14215,2024-03-27,CUST-0296,Wireless Mouse, accessories,10.0,49.99,south,Corporate,Bank Transfer
TX-14882,2025-12-11,CUST-0378,USB-C Multi-Hub, accessories,2.0,39.99, North ,Small Business,Credit Card
TX-10944,2024-10-16,CUST-0045,Desk Mat, accessories,4.0,21.5,East,Corporate,PayPal
TX-11270,2024-11-12,CUST-0385,Gel Pens 12-Pack,Office Supplies,10.0,12.99,south,Corporate,PayPal
TX-11652,2024-02-22,CUST-0164,Wireless Mouse, accessories,2.0,46.99,East,Consumer,Cash
TX-12977,2025-03-05,CUST-0232,Premium Notebook,Office Supplies,2.0,15.5,East,Small Business,Cash
TX-10577,2025-11-28,CUST-0166,Pro Laptop,Electronics ,1.0,1200.0,East,Small Business,Bank Transfer
TX-12628,2024-03-21,CUST-0161,USB-C Multi-Hub, accessories,3.0,39.99,East,Consumer,Cash
TX-13689,2025-07-29,CUST-0091,Whiteboard,Office Supplies,2.0,79.99,south,Small Business,Bank Transfer
TX-10721,2025-02-26,CUST-0395,Standing Desk,Office Supplies,4.0,450.0,East,Consumer,PayPal
TX-12266,2024-05-14,CUST-0388,Ergonomic Chair,Office Supplies,3.0,245.99, North ,Consumer,Bank Transfer
TX-10911,2024-12-02,CUST-0349,Smartwatch,Electronics ,7.0,200.0,East,Corporate,Credit Card
TX-10553,2025-04-19,CUST-0075,Noise-Cancelling Headphones,Electronics ,4.0,250.0, North ,Small Business,Cash
TX-10952,2024-05-21,,Smartwatch,Electronics ,4.0,200.0,West,Small Business,Credit Card
TX-10544,2025-12-18,CUST-0187,Premium Notebook,Office Supplies,4.0,15.5,south,Small Business,PayPal
TX-10422,2025-06-07,CUST-0371,Noise-Cancelling Headphones,Electronics ,5.0,250.0,East,Corporate,Cash
TX-13194,2024-05-15,CUST-0254,Ergonomic Chair,Office Supplies,4.0,299.99, North ,Consumer,Cash
TX-11049,2024-12-10,CUST-0240,Gel Pens 12-Pack,Office Supplies,7.0,12.99,East,Corporate,Cash
TX-12488,2025-12-17,CUST-0015,Laptop Sleeve, accessories,3.0,28.19,West,Corporate,PayPal
TX-14948,2025-06-02,CUST-0295,Whiteboard,Office Supplies,1.0,79.99,,Small Business,Bank Transfer
TX-13865,2025-01-21,CUST-0043,4K Monitor,Electronics ,4.0,350.0,East,Consumer,PayPal
TX-11210,2025-01-24,CUST-0209,USB-C Multi-Hub, accessories,2.0,39.99,south,Consumer,PayPal
TX-14709,2024-02-03,CUST-0051,4K Monitor,Electronics ,2.0,350.0,East,Consumer,PayPal
TX-14996,2025-02-21,CUST-0112,Mechanical Keyboard, accessories,5.0,92.99,West,Corporate,Bank Transfer
TX-10677,2024-07-25,CUST-0048,Whiteboard,Office Supplies,1.0,79.99,East,Consumer,Cash
TX-10290,2025-12-17,CUST-0220,Wireless Mouse, accessories,3.0,49.99,West,Corporate,Credit Card
TX-10626,2025-06-28,CUST-0102,Desk Mat, accessories,1.0,25.0, North ,Consumer,Credit Card
TX-14581,2024-02-03,CUST-0247,Wireless Mouse, accessories,3.0,49.99,West,Small Business,PayPal
TX-10252,2025-05-05,CUST-0299,Whiteboard,Office Supplies,10.0,79.99, North ,Corporate,Cash
TX-14058,2024-03-24,CUST-0274,Desk Mat, accessories,3.0,25.0,East,Small Business,Bank Transfer
TX-10350,2025-12-11,CUST-0315,Standing Desk,Office Supplies,2.0,450.0, North ,Small Business,Cash
TX-14111,08/26/2025,CUST-0291,Gel Pens 12-Pack,Office Supplies,2.0,12.99, North ,Small Business,Cash
TX-12302,2025-12-10,CUST-0361,Whiteboard,Office Supplies,3.0,79.99,,Consumer,PayPal
TX-14077,2024-07-24,CUST-0064,Whiteboard,Office Supplies,4.0,79.99,West,Small Business,Cash
TX-10471,2024-06-06,CUST-0013,Premium Notebook,Office Supplies,1.0,14.26,East,Consumer,Credit Card
TX-10090,2025-03-28,CUST-0324,Premium Notebook,Office Supplies,1.0,15.5, North ,Small Business,Bank Transfer
TX-11600,2025-10-14,CUST-0217,Ergonomic Chair,Office Supplies,2.0,299.99,south,Small Business,Bank Transfer
TX-14624,2025-06-11,CUST-0071,Premium Notebook,Office Supplies,4.0,15.5,south,Corporate,Bank Transfer
TX-11632,2025-08-16,CUST-0058,Mechanical Keyboard, accessories,3.0,99.99, North ,Consumer,Cash
TX-13084,2024-10-29,CUST-0337,Noise-Cancelling Headphones,Electronics ,2.0,250.0,West,Small Business,Bank Transfer
TX-10026,2024-12-05,CUST-0226,4K Monitor,Electronics ,9.0,350.0,south,Corporate,Credit Card
TX-12124,2024-06-10,CUST-0305,Laptop Sleeve, accessories,2.0,29.99, North ,Consumer,Cash
TX-14081,2025-02-14,CUST-0107,Laptop Sleeve, accessories,,27.29,West,Consumer,Credit Card
TX-12707,2025-09-22,CUST-0088,Laptop Sleeve, accessories,1.0,29.99,West,Small Business,Credit Card
TX-11988,2025-03-09,CUST-0121,Premium Tablet,Electronics ,1.0,600.0,,Consumer,Credit Card
TX-14001,2025-03-03,CUST-0376,Pro Laptop,Electronics ,2.0,1200.0,south,Consumer,PayPal
TX-11144,2024-05-30,CUST-0308,Standing Desk,Office Supplies,2.0,450.0, North ,Corporate,Bank Transfer
TX-11578,2024-12-18,CUST-0352,Standing Desk,Office Supplies,9.0,450.0,south,Corporate,Cash
TX-11420,2025-10-19,CUST-0107,Desk Mat, accessories,3.0,25.0,West,Consumer,Bank Transfer
TX-13752,2025-09-28,CUST-0398,USB-C Multi-Hub, accessories,4.0,39.99, North ,Corporate,Credit Card
TX-13295,2025-04-08,CUST-0315,Noise-Cancelling Headphones,Electronics ,2.0,250.0, North ,Small Business,Bank Transfer
TX-11728,2025-11-19,CUST-0168,Pro Laptop,Electronics ,3.0,1200.0,East,Small Business,Credit Card
TX-14751,2025-12-10,CUST-0372,Whiteboard,Office Supplies,3.0,79.99,East,Corporate,Cash
TX-13984,2024-09-16,CUST-0012,Laptop Sleeve, accessories,3.0,29.99,West,Small Business,PayPal
TX-10254,2025-11-04,CUST-0086,Laptop Sleeve, accessories,1.0,29.99,West,Consumer,Cash
TX-11844,2025-01-31,CUST-0165,Laptop Sleeve, accessories,2.0,29.99,West,Small Business,Cash
TX-13655,2024-06-16,CUST-0384,Premium Notebook,Office Supplies,10.0,15.5,south,Corporate,Bank Transfer
TX-10798,06/15/2024,CUST-0063,Smartwatch,Electronics ,4.0,200.0,West,Small Business,PayPal
TX-14336,2025-12-13,CUST-0099,Mechanical Keyboard, accessories,2.0,99.99,south,Consumer,Cash
TX-14631,2024-10-24,CUST-0014,Gel Pens 12-Pack,Office Supplies,3.0,12.99,south,Small Business,Bank Transfer
TX-10764,2025-07-04,CUST-0091,Pro Laptop,Electronics ,4.0,1092.0,south,Small Business,Credit Card
TX-14236,2024-09-06,CUST-0163,Smartwatch,Electronics ,,200.0,south,Corporate,Credit Card
TX-14787,2024-05-07,CUST-0127,Desk Mat, accessories,4.0,25.0,south,Consumer,Bank Transfer
TX-12567,2025-08-25,CUST-0061,Standing Desk,Office Supplies,4.0,450.0,West,Small Business,Credit Card
TX-14674,2025-04-05,CUST-0334,USB-C Multi-Hub, accessories,4.0,39.99,East,Small Business,Cash
TX-10315,2025-11-02,CUST-0214,USB-C Multi-Hub, accessories,3.0,39.99,West,Small Business,Credit Card
TX-13080,2024-09-02,CUST-0320,Smartwatch,Electronics ,1.0,200.0,south,Consumer,PayPal
TX-11255,2025-07-18,CUST-0216,Premium Tablet,Electronics ,5.0,600.0, North ,Corporate,Credit Card
TX-11618,2025-02-17,,Premium Notebook,Office Supplies,4.0,15.5, North ,Consumer,PayPal
TX-10683,2025-03-27,CUST-0344,Noise-Cancelling Headphones,Electronics ,4.0,250.0,south,Corporate,PayPal
TX-14213,2025-06-20,CUST-0098,Premium Tablet,Electronics ,3.0,600.0,south,Small Business,PayPal
TX-13162,2024-05-22,CUST-0159,Desk Mat, accessories,1.0,22.0, North ,Consumer,Cash
TX-10069,2025-03-09,CUST-0370,Noise-Cancelling Headphones,Electronics ,6.0,217.5,south,Corporate,Bank Transfer
TX-11437,2024-02-14,CUST-0161,Whiteboard,Office Supplies,2.0,71.19,East,Consumer,Bank Transfer
TX-13972,2024-06-19,CUST-0221,Noise-Cancelling Headphones,Electronics ,9.0,250.0,East,Corporate,PayPal
TX-14252,2024-01-04,CUST-0354,Whiteboard,Office Supplies,8.0,79.99, North ,Corporate,PayPal
TX-13370,2025-12-23,CUST-0159,Premium Tablet,Electronics ,3.0,600.0, North ,Consumer,Cash
TX-12029,2025-01-10,CUST-0348,USB-C Multi-Hub, accessories,1.0,35.99,West,Small Business,Credit Card
TX-13151,2024-01-09,CUST-0190,Premium Tablet,Electronics ,1.0,600.0,south,Consumer,Cash
TX-12770,2024-04-19,CUST-0183,Gel Pens 12-Pack,Office Supplies,2.0,12.99,West,Small Business,Bank Transfer
TX-10497,2025-06-17,CUST-0325,Premium Notebook,Office Supplies,10.0,15.5,south,Corporate,PayPal
TX-11471,2025-11-12,CUST-0147,Premium Notebook,Office Supplies,1.0,15.5, North ,Small Business,Credit Card
TX-11702,2025-04-26,CUST-0074,Ergonomic Chair,Office Supplies,4.0,284.99,south,Small Business,PayPal
TX-13684,2024-11-08,CUST-0324,Noise-Cancelling Headphones,Electronics ,1.0,250.0, North ,Small Business,Cash
TX-14237,2024-04-02,CUST-0355,4K Monitor,Electronics ,3.0,350.0,East,Consumer,Credit Card
TX-11002,2024-10-13,CUST-0259,Premium Notebook,Office Supplies,6.0,15.5,West,Corporate,Cash
TX-12471,2025-03-13,CUST-0042,Wireless Mouse, accessories,3.0,49.99,south,Small Business,PayPal
TX-10387,2025-12-06,CUST-0084,Mechanical Keyboard, accessories,,99.99,south,Small Business,PayPal
TX-14235,2024-12-04,CUST-0296,Desk Mat, accessories,5.0,25.0,south,Corporate,PayPal
TX-12671,2025-07-20,CUST-0381,Wireless Mouse, accessories,3.0,49.99,West,Corporate,Cash
TX-14172,2024-06-01,CUST-0367,Laptop Sleeve, accessories,3.0,24.29, North ,Consumer,Bank Transfer
TX-13334,2025-02-03,CUST-0081,Standing Desk,Office Supplies,1.0,450.0, North ,Consumer,Cash
TX-14464,2025-10-31,CUST-0307,Whiteboard,Office Supplies,1.0,79.99,West,Consumer,PayPal
TX-13771,2024-05-24,CUST-0214,Mechanical Keyboard, accessories,2.0,99.99,West,Small Business,Credit Card
TX-10410,2024-10-24,CUST-0267,Laptop Sleeve, accessories,3.0,29.99,West,Consumer,Cash
TX-14054,2024-08-23,CUST-0127,Wireless Mouse, accessories,2.0,49.99,south,Consumer,Cash
TX-10109,2025-04-05,CUST-0076,Ergonomic Chair,Office Supplies,2.0,299.99,East,Small Business,Cash
TX-12543,2025-02-05,CUST-0084,4K Monitor,Electronics ,1.0,350.0,south,Small Business,PayPal
TX-12528,2025-01-19,CUST-0080,Laptop Sleeve, accessories,9.0,29.99,East,Corporate,PayPal
TX-14643,11/26/2025,CUST-0185,Pro Laptop,Electronics ,3.0,1200.0, North ,Consumer,Bank Transfer
TX-13024,2024-05-12,CUST-0112,Laptop Sleeve, accessories,7.0,26.99,West,Corporate,Credit Card
TX-13841,2024-11-04,CUST-0186,Wireless Mouse, accessories,4.0,41.49, North ,Small Business,Cash
TX-12402,2024-02-24,CUST-0346,Standing Desk,Office Supplies,2.0,409.5,East,Small Business,Credit Card
TX-11055,2024-06-01,CUST-0117,Premium Tablet,Electronics ,4.0,600.0,East,Consumer,PayPal
TX-14714,2024-10-03,CUST-0057,Noise-Cancelling Headphones,Electronics ,2.0,250.0,West,Consumer,PayPal
TX-14739,2025-01-16,CUST-0198,Laptop Sleeve, accessories,4.0,27.89,south,Consumer,Credit Card
TX-10624,2024-10-04,CUST-0338,Ergonomic Chair,Office Supplies,1.0,299.99,East,Consumer,Bank Transfer
TX-14591,2024-01-22,CUST-0092,Desk Mat, accessories,8.0,25.0,East,Corporate,Credit Card
TX-13832,2025-03-18,CUST-0275,Gel Pens 12-Pack,Office Supplies,1.0,12.99,,Small Business,Bank Transfer
TX-13694,2025-07-16,CUST-0268,Pro Laptop,Electronics ,1.0,1200.0,West,Small Business,Bank Transfer
TX-12251,2024-08-15,CUST-0100,Laptop Sleeve, accessories,1.0,29.99, North ,Small Business,Bank Transfer
TX-11675,2024-08-07,CUST-0095,Gel Pens 12-Pack,Office Supplies,2.0,12.99,south,Consumer,Cash
TX-14436,2025-04-17,CUST-0105,Mechanical Keyboard, accessories,2.0,99.99,West,Consumer,PayPal
TX-10926,2024-07-02,CUST-0094,Ergonomic Chair,Office Supplies,1.0,299.99,West,Consumer,Cash
TX-12887,2025-10-04,CUST-0065,Noise-Cancelling Headphones,Electronics ,3.0,250.0,East,Small Business,Credit Card
TX-11468,2024-11-18,CUST-0060,Mechanical Keyboard, accessories,4.0,99.99,south,Small Business,Cash
TX-14357,2025-06-19,CUST-0193,Desk Mat, accessories,3.0,25.0,south,Small Business,PayPal
TX-13737,2024-04-05,CUST-0262,Desk Mat, accessories,4.0,25.0, North ,Consumer,Credit Card
TX-13968,2024-12-02,CUST-0007,Pro Laptop,Electronics ,3.0,1200.0, North ,Consumer,PayPal
TX-10177,2025-05-02,CUST-0245,Mechanical Keyboard, accessories,6.0,99.99,West,Corporate,Bank Transfer
TX-12932,2024-11-19,CUST-0024,Pro Laptop,Electronics ,,1200.0, North ,Small Business,Credit Card
TX-13631,2024-04-25,CUST-0308,Whiteboard,Office Supplies,8.0,79.99, North ,Corporate,PayPal
TX-10080,2024-09-18,,Ergonomic Chair,Office Supplies,1.0,299.99, North ,Small Business,Cash
TX-11456,2024-10-09,CUST-0254,Premium Tablet,Electronics ,2.0,600.0, North ,Consumer,PayPal
TX-14549,2025-12-28,CUST-0193,Whiteboard,Office Supplies,1.0,79.99,south,Small Business,Credit Card
TX-11658,2024-11-22,CUST-0261,Gel Pens 12-Pack,Office Supplies,2.0,11.56,south,Small Business,PayPal
TX-14332,2024-09-10,CUST-0112,Desk Mat, accessories,2.0,25.0,West,Corporate,Credit Card
TX-14024,2025-05-22,CUST-0206,Desk Mat, accessories,2.0,22.25,south,Consumer,Cash
TX-14973,2025-05-28,CUST-0250,Smartwatch,Electronics ,3.0,200.0,East,Consumer,Bank Transfer
TX-10221,2024-12-26,CUST-0280,Standing Desk,Office Supplies,1.0,450.0,East,Small Business,Credit Card
TX-10093,2024-02-12,CUST-0231,Mechanical Keyboard, accessories,,99.99,,Small Business,Cash
TX-12647,2025-11-02,CUST-0231,Laptop Sleeve, accessories,4.0,29.99,East,Small Business,Cash
TX-11937,2025-12-18,CUST-0060,Premium Tablet,Electronics ,2.0,600.0,south,Small Business,PayPal
TX-10841,2025-08-18,CUST-0304,Gel Pens 12-Pack,Office Supplies,7.0,12.99, North ,Corporate,Cash
TX-14690,2024-10-23,CUST-0100,Noise-Cancelling Headphones,Electronics ,1.0,250.0, North ,Small Business,Cash
TX-13089,2025-12-16,CUST-0131,Wireless Mouse, accessories,10.0,49.99,south,Corporate,Cash
TX-14113,2024-03-10,CUST-0330,Noise-Cancelling Headphones,Electronics ,9.0,250.0, North ,Corporate,Bank Transfer
TX-14608,2025-06-02,CUST-0126,Desk Mat, accessories,3.0,25.0, North ,Consumer,PayPal
TX-13625,2025-01-25,CUST-0226,Mechanical Keyboard, accessories,2.0,99.99,south,Corporate,Bank Transfer
TX-13722,2024-09-28,CUST-0396,Whiteboard,Office Supplies,6.0,79.99, North ,Corporate,Bank Transfer
TX-10831,2024-06-24,CUST-0387,Wireless Mouse, accessories,3.0,49.99,south,Corporate,PayPal
TX-13979,2025-02-13,CUST-0301,Noise-Cancelling Headphones,Electronics ,3.0,250.0,West,Small Business,PayPal
TX-13337,2024-10-04,CUST-0202,Premium Notebook,Office Supplies,5.0,15.5,south,Corporate,Bank Transfer
TX-10828,2025-09-08,CUST-0106,Mechanical Keyboard, accessories,2.0,92.99,south,Small Business,Bank Transfer
TX-12949,2025-01-21,CUST-0350,Premium Tablet,Electronics ,4.0,600.0,south,Consumer,Credit Card
TX-11025,2025-11-22,CUST-0169,Mechanical Keyboard, accessories,1.0,83.99, North ,Consumer,Credit Card
TX-14068,2025-11-12,CUST-0156,Laptop Sleeve, accessories,8.0,29.99,East,Corporate,Bank Transfer
TX-14888,2025-03-20,CUST-0065,Desk Mat, accessories,3.0,25.0,East,Small Business,Bank Transfer
TX-10681,2024-02-17,CUST-0393,USB-C Multi-Hub, accessories,2.0,39.99,,Corporate,Bank Transfer
TX-12131,2025-07-16,CUST-0070,Pro Laptop,Electronics ,8.0,1200.0,East,Corporate,Cash
TX-10219,2025-08-06,CUST-0126,Whiteboard,Office Supplies,3.0,79.99, North ,Consumer,Bank Transfer
TX-12083,2025-11-29,CUST-0003,Laptop Sleeve, accessories,3.0,29.99,south,Consumer,PayPal
TX-10742,2025-10-24,CUST-0175,Smartwatch,Electronics ,3.0,188.0,East,Consumer,PayPal
TX-10043,2024-09-20,CUST-0247,Premium Notebook,Office Supplies,1.0,15.5,West,Small Business,Cash
TX-10210,2024-09-18,CUST-0105,Ergonomic Chair,Office Supplies,4.0,251.99,West,Consumer,Bank Transfer
TX-12217,2025-01-23,CUST-0058,Smartwatch,Electronics ,2.0,176.0, North ,Consumer,Bank Transfer
TX-10354,2025-12-10,CUST-0056,Wireless Mouse, accessories,1.0,49.99,south,Consumer,Cash
TX-13957,2025-10-23,CUST-0237,Standing Desk,Office Supplies,3.0,405.0,West,Small Business,Bank Transfer
TX-14899,2024-12-10,CUST-0157,USB-C Multi-Hub, accessories,3.0,39.99,East,Consumer,Cash
TX-10803,2024-07-18,CUST-0299,Mechanical Keyboard, accessories,6.0,86.99, North ,Corporate,PayPal
TX-14840,2025-04-20,CUST-0066,4K Monitor,Electronics ,1.0,350.0, North ,Small Business,PayPal
TX-10367,2025-07-08,CUST-0212,Mechanical Keyboard, accessories,10.0,99.99, North ,Corporate,Credit Card
TX-12945,2025-03-28,CUST-0152,Noise-Cancelling Headphones,Electronics ,3.0,250.0,south,Small Business,Cash
TX-13770,2025-12-20,CUST-0082,USB-C Multi-Hub, accessories,4.0,39.99,East,Corporate,Credit Card
TX-13780,2025-06-12,CUST-0205,Smartwatch,Electronics ,2.0,200.0,,Corporate,Bank Transfer
TX-10135,2025-05-17,CUST-0070,Smartwatch,Electronics ,4.0,200.0,East,Corporate,Cash
TX-13027,2025-09-24,CUST-0133,Ergonomic Chair,Office Supplies,8.0,275.99,East,Corporate,Bank Transfer
TX-10047,2025-07-28,CUST-0168,Mechanical Keyboard, accessories,1.0,99.99,East,Small Business,Cash
TX-13288,2025-10-14,CUST-0104,Premium Tablet,Electronics ,8.0,600.0,south,Corporate,Bank Transfer
TX-14439,2025-03-17,CUST-0203,Wireless Mouse, accessories,4.0,49.99,south,Small Business,PayPal
TX-13929,2025-10-14,,Ergonomic Chair,Office Supplies,4.0,299.99,East,Corporate,Credit Card
TX-14815,2025-08-18,CUST-0212,Noise-Cancelling Headphones,Electronics ,3.0,222.5, North ,Corporate,Credit Card
TX-12022,2024-09-05,CUST-0084,Desk Mat, accessories,1.0,25.0,south,Small Business,Bank Transfer
TX-12728,2025-06-05,CUST-0100,Laptop Sleeve, accessories,3.0,29.99, North ,Small Business,Credit Card
TX-10061,2024-02-01,CUST-0032,Gel Pens 12-Pack,Office Supplies,8.0,12.99,East,Corporate,Credit Card
TX-11765,2025-09-16,,USB-C Multi-Hub, accessories,1.0,39.99, North ,Consumer,Credit Card
TX-14671,2024-08-19,CUST-0240,Premium Tablet,Electronics ,9.0,534.0,East,Corporate,Bank Transfer
TX-10095,2025-03-25,CUST-0269,Laptop Sleeve, accessories,4.0,29.99,East,Corporate,Bank Transfer
TX-10478,2024-01-12,CUST-0284,Mechanical Keyboard, accessories,1.0,85.99,south,Small Business,Credit Card
TX-11741,2024-01-25,CUST-0323,Ergonomic Chair,Office Supplies,6.0,299.99,south,Corporate,Cash
TX-14419,2024-06-10,CUST-0223,Ergonomic Chair,Office Supplies,7.0,299.99,south,Corporate,PayPal
TX-11413,2024-08-25,CUST-0376,Pro Laptop,Electronics ,2.0,1200.0,south,Consumer,Cash
TX-11128,2025-02-15,CUST-0072,4K Monitor,Electronics ,1.0,350.0, North ,Small Business,Bank Transfer
TX-13153,2025-08-23,CUST-0061,Pro Laptop,Electronics ,2.0,1116.0,West,Small Business,Credit Card
TX-12406,2025-07-03,CUST-0008,Smartwatch,Electronics ,4.0,200.0,south,Consumer,Cash
TX-10322,2024-08-31,CUST-0031,Noise-Cancelling Headphones,Electronics ,3.0,250.0, North ,Corporate,Credit Card
TX-12118,2025-10-04,CUST-0099,Premium Tablet,Electronics ,2.0,600.0,south,Consumer,Credit Card
TX-12245,2024-01-01,CUST-0205,Mechanical Keyboard, accessories,5.0,90.99, North ,Corporate,Bank Transfer
TX-11550,2025-10-25,CUST-0020,Ergonomic Chair,Office Supplies,4.0,299.99,East,Corporate,PayPal
TX-11755,2025-06-15,CUST-0322,Desk Mat, accessories,3.0,25.0,south,Consumer,Bank Transfer
TX-11569,2024-12-10,,Noise-Cancelling Headphones,Electronics ,3.0,250.0,,Small Business,PayPal
TX-11034,2025-01-19,CUST-0095,Noise-Cancelling Headphones,Electronics ,1.0,250.0,south,Consumer,Credit Card
TX-13916,2025-02-20,CUST-0074,Standing Desk,Office Supplies,4.0,450.0,south,Small Business,Cash
TX-12093,2024-07-11,CUST-0341,Mechanical Keyboard, accessories,9.0,99.99, North ,Corporate,Cash
TX-14970,2025-01-29,CUST-0206,Gel Pens 12-Pack,Office Supplies,4.0,12.99,south,Consumer,Credit Card
TX-10291,2024-03-20,CUST-0068,Mechanical Keyboard, accessories,,89.99,East,Small Business,Credit Card
TX-14998,2025-07-05,CUST-0142,Premium Tablet,Electronics ,1.0,600.0,south,Consumer,Cash
TX-12583,2025-06-25,CUST-0322,Wireless Mouse, accessories,4.0,49.99,south,Consumer,PayPal
TX-10533,2025-06-12,CUST-0275,Noise-Cancelling Headphones,Electronics ,2.0,212.5,West,Small Business,Bank Transfer
TX-11557,2025-07-28,CUST-0180,Noise-Cancelling Headphones,Electronics ,4.0,250.0, North ,Consumer,Credit Card
TX-11135,2025-05-08,CUST-0340,Mechanical Keyboard, accessories,5.0,80.99,West,Corporate,PayPal
TX-11448,2025-09-28,CUST-0219,Wireless Mouse, accessories,1.0,49.99, North ,Small Business,Cash
TX-13351,2024-07-29,CUST-0098,Wireless Mouse, accessories,4.0,49.99,south,Small Business,PayPal
TX-13062,2025-07-29,CUST-0079,Premium Notebook,Office Supplies,2.0,15.5, North ,Small Business,PayPal
TX-11583,2024-05-21,CUST-0256,Pro Laptop,Electronics ,5.0,1200.0, North ,Corporate,Bank Transfer
TX-13601,2025-03-21,CUST-0399,Ergonomic Chair,Office Supplies,1.0,260.99,West,Consumer,Bank Transfer
TX-14099,2025-08-14,CUST-0342,4K Monitor,Electronics ,2.0,350.0,East,Small Business,PayPal
TX-14075,2025-01-20,CUST-0169,Mechanical Keyboard, accessories,2.0,99.99, North ,Consumer,Cash
TX-13443,08/22/2025,CUST-0080,Premium Tablet,Electronics ,8.0,600.0,East,Corporate,Bank Transfer
TX-14945,2024-08-13,CUST-0343,Mechanical Keyboard, accessories,4.0,99.99,West,Small Business,PayPal
TX-13413,2025-02-12,CUST-0316,Mechanical Keyboard, accessories,8.0,99.99, North ,Corporate,Bank Transfer
TX-13729,2024-12-31,CUST-0077,Noise-Cancelling Headphones,Electronics ,3.0,250.0,south,Consumer,Bank Transfer
TX-12284,06/30/2024,CUST-0180,Gel Pens 12-Pack,Office Supplies,3.0,12.99, North ,Consumer,Bank Transfer
TX-14303,2024-02-11,CUST-0341,Smartwatch,Electronics ,8.0,200.0, North ,Corporate,Bank Transfer
TX-12414,2025-10-30,CUST-0334,Premium Notebook,Office Supplies,2.0,15.5,East,Small Business,PayPal
TX-12662,2025-11-08,CUST-0192,Smartwatch,Electronics ,8.0,200.0, North ,Corporate,Bank Transfer
TX-11126,2024-12-11,CUST-0173,Premium Notebook,Office Supplies,3.0,15.5,East,Small Business,PayPal
TX-11322,2025-01-19,CUST-0325,Standing Desk,Office Supplies,4.0,414.0,south,Corporate,Bank Transfer
TX-12584,2024-07-22,CUST-0063,Smartwatch,Electronics ,3.0,200.0,West,Small Business,Bank Transfer
TX-14960,2024-10-24,CUST-0371,Premium Notebook,Office Supplies,3.0,13.48,East,Corporate,Bank Transfer
TX-14950,2024-01-01,CUST-0171,Whiteboard,Office Supplies,2.0,79.99, North ,Small Business,Cash
TX-11564,2025-06-19,CUST-0231,Mechanical Keyboard, accessories,1.0,85.99,East,Small Business,Cash
TX-11361,2024-04-10,CUST-0026,Desk Mat, accessories,4.0,25.0,East,Small Business,PayPal
TX-11971,2025-01-27,CUST-0105,Laptop Sleeve, accessories,1.0,25.19,West,Consumer,PayPal
TX-12226,2024-06-30,CUST-0164,Ergonomic Chair,Office Supplies,3.0,299.99,East,Consumer,PayPal
TX-13268,2024-11-14,CUST-0261,Mechanical Keyboard, accessories,1.0,99.99,south,Small Business,Credit Card
TX-13071,2025-10-22,CUST-0387,Pro Laptop,Electronics ,8.0,1200.0,south,Corporate,Bank Transfer
TX-11204,2025-03-15,CUST-0378,Smartwatch,Electronics ,4.0,200.0, North ,Small Business,Bank Transfer
TX-12268,2025-07-24,CUST-0398,Gel Pens 12-Pack,Office Supplies,2.0,12.99, North ,Corporate,Bank Transfer
TX-14522,2025-12-27,CUST-0336,Smartwatch,Electronics ,6.0,200.0,,Corporate,Credit Card
TX-11029,2025-09-09,CUST-0176,Premium Notebook,Office Supplies,1.0,13.48,East,Small Business,PayPal
TX-12201,2024-05-29,CUST-0393,4K Monitor,Electronics ,7.0,350.0,East,Corporate,Bank Transfer
TX-11647,2025-07-01,CUST-0380,Wireless Mouse, accessories,1.0,49.99,south,Small Business,Cash
TX-11477,2025-09-23,CUST-0056,Wireless Mouse, accessories,1.0,49.99,south,Consumer,Bank Transfer
TX-11001,2024-03-12,CUST-0154,Smartwatch,Electronics ,3.0,0.0,East,Corporate,PayPal
TX-12531,2025-10-02,CUST-0118,Premium Tablet,Electronics ,1.0,546.0,south,Consumer,Bank Transfer
TX-14378,2025-12-29,CUST-0043,Whiteboard,Office Supplies,2.0,79.99,East,Consumer,Credit Card
TX-12292,2025-07-17,CUST-0074,Premium Tablet,Electronics ,3.0,600.0,south,Small Business,Bank Transfer
TX-10070,2024-06-07,CUST-0337,Standing Desk,Office Supplies,1.0,450.0,West,Small Business,Bank Transfer
TX-12917,2025-10-05,CUST-0175,Noise-Cancelling Headphones,Electronics ,2.0,202.5,East,Consumer,Credit Card
TX-12432,2024-07-27,CUST-0333,4K Monitor,Electronics ,4.0,350.0,south,Consumer,PayPal
TX-14908,2025-06-22,CUST-0070,Gel Pens 12-Pack,Office Supplies,9.0,12.99,East,Corporate,Cash
TX-13285,2024-03-14,CUST-0331,Ergonomic Chair,Office Supplies,5.0,299.99,West,Corporate,Bank Transfer
TX-11485,03/25/2025,CUST-0115,Noise-Cancelling Headphones,Electronics ,3.0,250.0, North ,Consumer,Credit Card
TX-12240,2025-03-27,CUST-0047,Standing Desk,Office Supplies,2.0,450.0,south,Small Business,Cash
TX-10859,2024-03-18,CUST-0275,Noise-Cancelling Headphones,Electronics ,3.0,250.0,West,Small Business,Credit Card
TX-10734,2025-01-26,CUST-0031,Premium Notebook,Office Supplies,4.0,12.4,,Corporate,Cash
TX-12754,2025-09-02,CUST-0029,Premium Tablet,Electronics ,8.0,600.0,south,Corporate,PayPal
TX-14505,2024-09-05,CUST-0077,Pro Laptop,Electronics ,1.0,1200.0,south,Consumer,Credit Card
TX-11877,2024-04-20,CUST-0234,Standing Desk,Office Supplies,4.0,418.5,West,Small Business,Bank Transfer
TX-11739,2025-12-27,CUST-0202,Wireless Mouse, accessories,7.0,49.99,south,Corporate,Cash
TX-13679,2025-09-23,CUST-0137,4K Monitor,Electronics ,2.0,350.0,south,Consumer,Credit Card
TX-13607,2025-09-11,CUST-0400,Mechanical Keyboard, accessories,3.0,99.99, North ,Consumer,Cash
TX-11183,2024-11-16,CUST-0040,Mechanical Keyboard, accessories,3.0,99.99,West,Corporate,PayPal
TX-13804,2025-12-26,CUST-0142,Pro Laptop,Electronics ,3.0,1200.0,south,Consumer,Cash
TX-13868,2024-03-19,CUST-0057,Wireless Mouse, accessories,3.0,49.99,West,Consumer,Credit Card
TX-12135,2025-10-14,CUST-0043,Mechanical Keyboard, accessories,4.0,99.99,East,Consumer,Credit Card
TX-10969,2024-07-16,CUST-0399,Gel Pens 12-Pack,Office Supplies,1.0,12.99,West,Consumer,PayPal
TX-14718,2024-03-11,CUST-0030,USB-C Multi-Hub, accessories,,39.99, North ,Consumer,Credit Card
TX-11392,2025-09-21,CUST-0125,Laptop Sleeve, accessories,3.0,29.99, North ,Consumer,PayPal
TX-13657,10/12/2024,CUST-0324,Premium Tablet,Electronics ,3.0,498.0, North ,Small Business,Bank Transfer
TX-10765,2025-03-31,CUST-0304,USB-C Multi-Hub, accessories,8.0,39.99, North ,Corporate,PayPal
TX-14422,2025-08-08,CUST-0020,4K Monitor,Electronics ,,350.0,East,Corporate,Cash
TX-11924,2024-05-01,CUST-0217,Gel Pens 12-Pack,Office Supplies,1.0,12.99,south,Small Business,Bank Transfer
TX-10927,2024-10-31,CUST-0371,Gel Pens 12-Pack,Office Supplies,6.0,12.99,East,Corporate,Bank Transfer
TX-11954,2024-10-14,CUST-0175,Whiteboard,Office Supplies,3.0,79.99,East,Consumer,Bank Transfer
TX-10106,2025-04-25,,Whiteboard,Office Supplies,4.0,79.99, North ,Small Business,Cash
TX-14684,2025-02-24,CUST-0364,Premium Tablet,Electronics ,4.0,600.0,south,Small Business,Credit Card
TX-13877,2025-09-10,CUST-0192,Smartwatch,Electronics ,8.0,200.0, North ,Corporate,Cash
TX-11501,2025-02-11,CUST-0361,Smartwatch,Electronics ,4.0,200.0,south,Consumer,Cash
TX-11538,2024-08-09,CUST-0047,Mechanical Keyboard, accessories,2.0,99.99,south,Small Business,PayPal
TX-11905,2024-03-05,CUST-0375,Mechanical Keyboard, accessories,5.0,99.99,East,Corporate,Credit Card
TX-13650,2024-08-04,CUST-0354,Laptop Sleeve, accessories,2.0,29.99, North ,Corporate,Cash
TX-12908,2025-01-14,CUST-0160,Noise-Cancelling Headphones,Electronics ,1.0,250.0,south,Small Business,PayPal
TX-10233,2024-05-27,CUST-0386,Desk Mat, accessories,1.0,22.75, North ,Small Business,Bank Transfer
TX-14621,2025-06-12,CUST-0184,Gel Pens 12-Pack,Office Supplies,4.0,12.99,West,Small Business,PayPal
TX-10633,2025-12-23,CUST-0070,Standing Desk,Office Supplies,4.0,391.5,East,Corporate,Bank Transfer
TX-11626,2025-03-30,CUST-0091,Whiteboard,Office Supplies,1.0,79.99,south,Small Business,Bank Transfer
TX-10415,2024-01-21,CUST-0060,Gel Pens 12-Pack,Office Supplies,4.0,12.99,south,Small Business,Credit Card
TX-12669,2024-07-11,CUST-0232,Wireless Mouse, accessories,2.0,46.99,East,Small Business,Credit Card
TX-13831,2025-09-19,CUST-0135,Mechanical Keyboard, accessories,3.0,99.99,West,Consumer,PayPal
TX-14850,2025-04-24,CUST-0326,Noise-Cancelling Headphones,Electronics ,5.0,250.0,East,Corporate,Cash
TX-14841,2025-10-20,CUST-0083,Noise-Cancelling Headphones,Electronics ,4.0,225.0,south,Consumer,PayPal
TX-10787,2025-01-11,CUST-0355,Premium Tablet,Electronics ,4.0,492.0,East,Consumer,Credit Card
TX-10017,2025-09-15,CUST-0123,Mechanical Keyboard, accessories,3.0,99.99,south,Consumer,Credit Card
TX-11231,2025-02-08,CUST-0119,Desk Mat, accessories,3.0,25.0,south,Small Business,PayPal
TX-14830,2025-10-09,CUST-0145,Laptop Sleeve, accessories,4.0,29.99, North ,Small Business,Credit Card
TX-13703,2025-12-11,CUST-0313,Desk Mat, accessories,10.0,20.0,West,Corporate,Bank Transfer
TX-13928,2024-11-05,CUST-0187,Ergonomic Chair,Office Supplies,4.0,299.99,south,Small Business,Cash
TX-10596,2025-06-15,CUST-0372,4K Monitor,Electronics ,8.0,297.5,East,Corporate,PayPal
TX-12218,2025-08-10,CUST-0193,Premium Tablet,Electronics ,2.0,510.0,south,Small Business,Cash
TX-12182,2025-05-11,CUST-0288,Mechanical Keyboard, accessories,5.0,99.99,West,Corporate,Bank Transfer
TX-12902,2024-06-25,CUST-0009,Premium Notebook,Office Supplies,3.0,15.5, North ,Small Business,Credit Card
TX-14532,2024-08-10,CUST-0113,Mechanical Keyboard, accessories,4.0,99.99,West,Small Business,Bank Transfer
TX-14967,2025-01-23,CUST-0200,Noise-Cancelling Headphones,Electronics ,3.0,250.0,south,Small Business,Cash
TX-13262,2025-12-24,CUST-0224,USB-C Multi-Hub, accessories,4.0,39.99, North ,Small Business,Credit Card
TX-10371,2025-11-30,CUST-0322,4K Monitor,Electronics ,3.0,350.0,south,Consumer,Bank Transfer
TX-12533,2025-01-03,CUST-0296,Mechanical Keyboard, accessories,2.0,99.99,south,Corporate,PayPal
TX-14301,2024-04-08,CUST-0035,Mechanical Keyboard, accessories,1.0,99.99,south,Small Business,Bank Transfer
TX-10598,2025-08-13,CUST-0184,Desk Mat, accessories,4.0,23.0,West,Small Business,Credit Card
TX-10238,2025-12-29,CUST-0079,Desk Mat, accessories,3.0,23.75, North ,Small Business,Bank Transfer
TX-13450,2024-12-15,CUST-0072,Pro Laptop,Electronics ,1.0,1200.0, North ,Small Business,Bank Transfer
TX-14390,2025-02-16,CUST-0343,Mechanical Keyboard, accessories,1.0,99.99,West,Small Business,Credit Card
TX-11946,2024-05-20,CUST-0164,Smartwatch,Electronics ,2.0,200.0,East,Consumer,PayPal
TX-13741,2025-12-19,CUST-0002,Mechanical Keyboard, accessories,2.0,99.99,East,Consumer,Cash
TX-12018,2024-01-23,,Premium Notebook,Office Supplies,7.0,15.5,south,Corporate,Bank Transfer
TX-11351,2024-10-14,CUST-0375,Standing Desk,Office Supplies,3.0,450.0,East,Corporate,Bank Transfer
TX-12580,2024-03-05,CUST-0013,Premium Notebook,Office Supplies,1.0,14.41,East,Consumer,Credit Card
TX-13516,2024-12-07,CUST-0086,Desk Mat, accessories,2.0,20.75,West,Consumer,Bank Transfer
TX-13148,2025-07-01,CUST-0155,Premium Tablet,Electronics ,3.0,600.0,south,Small Business,Cash
TX-12789,2025-08-13,CUST-0025,Premium Notebook,Office Supplies,2.0,15.5,East,Small Business,Cash
TX-12650,2024-10-19,CUST-0020,Standing Desk,Office Supplies,7.0,391.5,East,Corporate,Credit Card
TX-11192,2024-10-27,CUST-0324,Desk Mat, accessories,2.0,25.0, North ,Small Business,Bank Transfer
TX-13256,2024-06-08,CUST-0351,Gel Pens 12-Pack,Office Supplies,3.0,12.99,,Corporate,PayPal
TX-11558,2025-04-19,CUST-0047,Pro Laptop,Electronics ,2.0,1200.0,south,Small Business,Bank Transfer
TX-13361,2024-03-13,CUST-0223,Whiteboard,Office Supplies,5.0,72.79,south,Corporate,Credit Card
TX-14278,2025-11-16,CUST-0177,Ergonomic Chair,Office Supplies,6.0,299.99,West,Corporate,PayPal
TX-11788,2024-08-14,CUST-0365,Ergonomic Chair,Office Supplies,2.0,299.99,West,Small Business,Cash
TX-11554,2025-11-11,CUST-0342,Wireless Mouse, accessories,1.0,49.99,East,Small Business,PayPal
TX-12167,2024-12-01,CUST-0257,Whiteboard,Office Supplies,1.0,79.99,West,Small Business,Credit Card
TX-12780,2024-02-22,CUST-0092,Pro Laptop,Electronics ,9.0,1200.0,East,Corporate,Cash
TX-11220,2024-04-30,CUST-0224,Smartwatch,Electronics ,4.0,182.0, North ,Small Business,Credit Card
TX-11983,2025-10-22,CUST-0272,Pro Laptop,Electronics ,8.0,1104.0,West,Corporate,Bank Transfer
TX-10621,2024-09-21,CUST-0319,Mechanical Keyboard, accessories,1.0,99.99, North ,Consumer,Cash
TX-12329,2024-11-11,CUST-0190,Whiteboard,Office Supplies,3.0,79.99,south,Consumer,Bank Transfer
TX-13683,2025-07-08,CUST-0387,4K Monitor,Electronics ,2.0,350.0,south,Corporate,PayPal
TX-10566,2025-04-25,CUST-0274,Smartwatch,Electronics ,4.0,178.0,East,Small Business,Bank Transfer
TX-13759,2024-04-15,CUST-0353,USB-C Multi-Hub, accessories,9.0,39.99,West,Corporate,PayPal
TX-11235,2025-10-22,CUST-0052,Laptop Sleeve, accessories,2.0,29.99,south,Small Business,Credit Card
TX-11073,2025-03-18,CUST-0235,Standing Desk,Office Supplies,1.0,450.0,East,Small Business,Cash
TX-10051,2025-09-22,CUST-0209,Ergonomic Chair,Office Supplies,3.0,299.99,south,Consumer,PayPal
TX-10881,2025-02-06,CUST-0131,Ergonomic Chair,Office Supplies,5.0,299.99,south,Corporate,Bank Transfer
TX-14092,2025-05-20,CUST-0347,Standing Desk,Office Supplies,8.0,450.0,West,Corporate,Bank Transfer
TX-12689,2024-08-16,CUST-0336,Wireless Mouse, accessories,2.0,49.99, North ,Corporate,Bank Transfer
TX-11345,2024-04-15,CUST-0015,Pro Laptop,Electronics ,2.0,1080.0,West,Corporate,PayPal
TX-10534,2024-12-16,CUST-0244,Premium Notebook,Office Supplies,5.0,13.02,East,Corporate,Bank Transfer
TX-13231,2025-06-05,CUST-0008,USB-C Multi-Hub, accessories,4.0,39.99,south,Consumer,PayPal
TX-12339,2024-07-05,CUST-0179,Laptop Sleeve, accessories,7.0,29.99,West,Corporate,Cash
TX-10443,2024-04-20,CUST-0024,Laptop Sleeve, accessories,1.0,29.99, North ,Small Business,Cash
TX-12330,2024-06-25,CUST-0127,Gel Pens 12-Pack,Office Supplies,1.0,12.99,south,Consumer,PayPal
TX-10195,2024-11-11,CUST-0203,Ergonomic Chair,Office Supplies,2.0,269.99,south,Small Business,Credit Card
TX-13000,2024-10-03,CUST-0362,Pro Laptop,Electronics ,3.0,1200.0,south,Small Business,PayPal
TX-14441,2025-06-10,CUST-0183,USB-C Multi-Hub, accessories,3.0,39.99,West,Small Business,Credit Card
TX-14407,2025-01-01,CUST-0108,Gel Pens 12-Pack,Office Supplies,5.0,11.43,West,Corporate,PayPal
TX-14506,2025-08-15,CUST-0139,Standing Desk,Office Supplies,1.0,450.0,East,Consumer,Bank Transfer
TX-13046,2024-03-09,CUST-0153,Wireless Mouse, accessories,3.0,49.99,East,Consumer,Credit Card
TX-14701,2024-03-18,CUST-0396,Premium Tablet,Electronics ,3.0,600.0, North ,Corporate,Credit Card
TX-13008,2025-06-16,CUST-0171,Laptop Sleeve, accessories,3.0,29.99, North ,Small Business,PayPal
TX-12596,2024-06-05,CUST-0073,4K Monitor,Electronics ,1.0,350.0,East,Small Business,Credit Card
TX-12964,2024-08-26,CUST-0017,Standing Desk,Office Supplies,3.0,450.0,south,Corporate,Cash
TX-12547,2024-11-06,CUST-0399,Premium Notebook,Office Supplies,1.0,15.5,West,Consumer,Cash
TX-10644,2025-06-12,CUST-0392,Wireless Mouse, accessories,2.0,49.99, North ,Small Business,Bank Transfer
TX-13761,2024-06-07,CUST-0242,Noise-Cancelling Headphones,Electronics ,1.0,250.0,East,Consumer,Credit Card
TX-13573,2025-09-27,CUST-0389,Standing Desk,Office Supplies,1.0,409.5,East,Small Business,Credit Card
TX-12480,2024-03-11,CUST-0240,Standing Desk,Office Supplies,7.0,450.0,East,Corporate,Cash
TX-14429,2024-07-08,CUST-0159,Smartwatch,Electronics ,4.0,180.0,,Consumer,PayPal
TX-10120,2025-10-20,CUST-0238,Desk Mat, accessories,2.0,20.75,West,Small Business,PayPal
TX-12238,2025-09-12,CUST-0173,Laptop Sleeve, accessories,1.0,29.99,East,Small Business,Credit Card
TX-11902,2024-02-05,CUST-0062,Standing Desk,Office Supplies,6.0,450.0,,Corporate,Cash
TX-14918,2025-09-18,CUST-0244,Noise-Cancelling Headphones,Electronics ,3.0,250.0,East,Corporate,Bank Transfer
TX-12487,2024-01-10,CUST-0305,4K Monitor,Electronics ,3.0,308.0, North ,Consumer,Bank Transfer
TX-13669,2024-07-03,CUST-0157,Premium Tablet,Electronics ,2.0,516.0,East,Consumer,Bank Transfer
TX-10134,2024-04-30,CUST-0135,Gel Pens 12-Pack,Office Supplies,2.0,12.99,West,Consumer,Bank Transfer
TX-12495,2024-07-06,CUST-0178,Laptop Sleeve, accessories,3.0,29.99, North ,Consumer,Cash
TX-12002,2025-04-21,CUST-0191,Smartwatch,Electronics ,4.0,200.0,East,Corporate,Cash
TX-13902,2025-11-02,CUST-0367,Standing Desk,Office Supplies,1.0,450.0, North ,Consumer,Cash
TX-10184,2024-03-29,CUST-0206,Wireless Mouse, accessories,2.0,49.99,south,Consumer,PayPal
TX-12970,2024-07-22,CUST-0107,Smartwatch,Electronics ,4.0,200.0,West,Consumer,PayPal
TX-12138,2024-05-31,CUST-0308,Laptop Sleeve, accessories,10.0,29.99, North ,Corporate,Cash
TX-10511,2025-09-09,CUST-0277,Smartwatch,Electronics ,4.0,200.0,West,Consumer,Bank Transfer
TX-11499,2024-10-29,CUST-0387,Gel Pens 12-Pack,Office Supplies,9.0,12.99,south,Corporate,Bank Transfer
TX-10062,2025-03-30,CUST-0042,Whiteboard,Office Supplies,2.0,68.79,south,Small Business,Credit Card
TX-14794,2024-09-16,CUST-0082,4K Monitor,Electronics ,8.0,350.0,East,Corporate,Cash
TX-12876,2024-09-30,CUST-0330,Wireless Mouse, accessories,4.0,49.99, North ,Corporate,Credit Card
TX-13768,2025-12-01,CUST-0376,Pro Laptop,Electronics ,4.0,1200.0,south,Consumer,Credit Card
TX-14350,2024-02-01,CUST-0102,Ergonomic Chair,Office Supplies,1.0,299.99, North ,Consumer,PayPal
TX-10763,2024-10-18,CUST-0172,Desk Mat, accessories,2.0,25.0,south,Corporate,Credit Card
TX-10251,2024-06-06,,Gel Pens 12-Pack,Office Supplies,1.0,12.99, North ,Consumer,Cash
TX-13014,2024-11-03,CUST-0097,USB-C Multi-Hub, accessories,2.0,32.39, North ,Small Business,Credit Card
TX-11849,2025-08-29,CUST-0152,Desk Mat, accessories,3.0,25.0,south,Small Business,PayPal
TX-11424,2024-03-10,CUST-0081,Ergonomic Chair,Office Supplies,2.0,299.99, North ,Consumer,Bank Transfer
TX-12643,2024-09-24,CUST-0362,Whiteboard,Office Supplies,3.0,79.99,south,Small Business,PayPal
TX-13620,2025-06-25,CUST-0191,Pro Laptop,Electronics ,3.0,1200.0,East,Corporate,Bank Transfer
TX-10122,2025-06-11,CUST-0204,Desk Mat, accessories,6.0,25.0, North ,Corporate,Credit Card
TX-11751,2025-06-29,CUST-0069,Ergonomic Chair,Office Supplies,3.0,299.99,East,Consumer,Credit Card
TX-13788,2024-04-10,CUST-0373,4K Monitor,Electronics ,8.0,350.0,East,Corporate,Credit Card
TX-11919,2025-01-17,CUST-0281,Whiteboard,Office Supplies,4.0,79.99, North ,Consumer,PayPal
TX-13066,2025-08-02,CUST-0215,Ergonomic Chair,Office Supplies,4.0,269.99,East,Consumer,PayPal
TX-10567,2024-10-26,CUST-0281,Standing Desk,Office Supplies,4.0,450.0, North ,Consumer,Cash
TX-13349,2024-10-31,CUST-0227,Standing Desk,Office Supplies,3.0,450.0,West,Consumer,Bank Transfer
TX-14814,2024-07-12,CUST-0363,Noise-Cancelling Headphones,Electronics ,3.0,250.0,West,Corporate,Bank Transfer
TX-12841,2024-09-16,CUST-0162,USB-C Multi-Hub, accessories,4.0,39.99,East,Consumer,Credit Card
TX-10807,2024-11-11,CUST-0288,Premium Tablet,Electronics ,9.0,600.0,,Corporate,Cash
TX-11620,2024-04-10,CUST-0197,Desk Mat, accessories,4.0,23.75,south,Consumer,Cash
TX-11588,2024-01-12,CUST-0249,Desk Mat, accessories,8.0,25.0, North ,Corporate,Credit Card
TX-12354,2025-04-01,CUST-0008,Noise-Cancelling Headphones,Electronics ,2.0,250.0,south,Consumer,Cash
TX-11103,2024-06-29,CUST-0156,Whiteboard,Office Supplies,9.0,79.99,,Corporate,PayPal
TX-11784,2024-10-21,CUST-0358,4K Monitor,Electronics ,2.0,350.0,East,Corporate,PayPal
TX-10720,2024-02-03,CUST-0044,4K Monitor,Electronics ,2.0,350.0,south,Consumer,Cash
TX-12750,2025-10-12,CUST-0016,Gel Pens 12-Pack,Office Supplies,3.0,12.99,East,Consumer,Cash
TX-14069,2024-06-14,CUST-0118,Wireless Mouse, accessories,4.0,49.99,south,Consumer,Credit Card
TX-11444,2024-10-03,CUST-0197,Ergonomic Chair,Office Supplies,1.0,299.99,south,Consumer,Bank Transfer
TX-14910,2024-08-22,CUST-0328,Standing Desk,Office Supplies,2.0,450.0, North ,Consumer,Cash
TX-10602,2025-04-03,CUST-0204,Pro Laptop,Electronics ,6.0,1200.0, North ,Corporate,Credit Card
TX-12515,2024-06-04,CUST-0060,Smartwatch,Electronics ,4.0,200.0,south,Small Business,Cash
TX-12231,2024-12-01,CUST-0202,USB-C Multi-Hub, accessories,2.0,39.99,south,Corporate,Bank Transfer
TX-12437,2025-06-04,CUST-0324,Laptop Sleeve, accessories,4.0,26.09, North ,Small Business,Cash
TX-10794,2024-06-19,CUST-0317,4K Monitor,Electronics ,3.0,350.0,south,Small Business,PayPal
TX-10318,2025-01-12,CUST-0289,Whiteboard,Office Supplies,2.0,79.99, North ,Consumer,Cash
TX-13628,2025-02-04,CUST-0196,Smartwatch,Electronics ,4.0,200.0,West,Small Business,PayPal
TX-11487,2024-02-10,CUST-0277,Mechanical Keyboard, accessories,1.0,99.99,West,Consumer,Cash
TX-10274,2025-07-04,CUST-0148,Smartwatch,Electronics ,4.0,200.0,south,Small Business,Credit Card
TX-11894,2024-07-29,CUST-0103,USB-C Multi-Hub, accessories,2.0,39.99,East,Consumer,Bank Transfer
TX-10549,2025-05-02,CUST-0323,Smartwatch,Electronics ,7.0,200.0,south,Corporate,Bank Transfer
TX-12594,2025-10-07,CUST-0363,Whiteboard,Office Supplies,6.0,79.99,West,Corporate,Cash
TX-12119,2024-07-19,CUST-0108,Premium Tablet,Electronics ,6.0,528.0,West,Corporate,Cash
TX-14922,2024-05-04,CUST-0386,Premium Notebook,Office Supplies,2.0,15.5, North ,Small Business,PayPal
TX-14827,2025-11-24,CUST-0067,4K Monitor,Electronics ,2.0,318.5, North ,Small Business,Bank Transfer
TX-10605,2024-04-04,CUST-0293,Whiteboard,Office Supplies,5.0,79.99, North ,Corporate,Credit Card
TX-14083,2025-05-01,CUST-0357,4K Monitor,Electronics ,8.0,350.0,East,Corporate,Cash
TX-10527,2025-07-16,CUST-0146,Laptop Sleeve, accessories,7.0,29.99,south,Corporate,Bank Transfer
TX-12837,2024-11-16,CUST-0070,Whiteboard,Office Supplies,2.0,79.99,East,Corporate,Credit Card
TX-12379,2024-07-28,CUST-0056,Premium Tablet,Electronics ,4.0,600.0,south,Consumer,Cash
TX-12910,2025-06-24,CUST-0218,Premium Tablet,Electronics ,4.0,504.0,East,Consumer,PayPal
TX-13826,2025-01-18,CUST-0079,USB-C Multi-Hub, accessories,3.0,39.99, North ,Small Business,Credit Card
TX-14855,2024-01-10,CUST-0142,4K Monitor,Electronics ,3.0,350.0,south,Consumer,Cash
TX-12696,06/17/2025,CUST-0168,Desk Mat, accessories,4.0,25.0,East,Small Business,Bank Transfer
TX-10298,2025-09-06,CUST-0146,Wireless Mouse, accessories,6.0,49.99,south,Corporate,PayPal
TX-12687,2024-06-06,CUST-0331,Standing Desk,Office Supplies,6.0,400.5,,Corporate,PayPal
TX-12572,2024-05-25,CUST-0041,Whiteboard,Office Supplies,4.0,79.99,East,Small Business,Credit Card
TX-11634,2024-03-16,CUST-0364,Standing Desk,Office Supplies,3.0,450.0,south,Small Business,Bank Transfer
TX-14437,2025-06-01,CUST-0289,4K Monitor,Electronics ,1.0,350.0, North ,Consumer,Cash
TX-13779,2024-07-09,CUST-0368,Noise-Cancelling Headphones,Electronics ,1.0,250.0,East,Consumer,PayPal
TX-11074,2024-02-14,CUST-0123,Noise-Cancelling Headphones,Electronics ,3.0,250.0,south,Consumer,Credit Card
TX-12646,2024-07-18,CUST-0159,Premium Notebook,Office Supplies,2.0,15.5, North ,Consumer,Bank Transfer
TX-12809,2024-01-02,CUST-0070,Standing Desk,Office Supplies,2.0,400.5,East,Corporate,Bank Transfer
TX-13764,2024-10-30,CUST-0273,Pro Laptop,Electronics ,1.0,1200.0,East,Consumer,Cash
TX-10756,2024-03-23,CUST-0092,4K Monitor,Electronics ,6.0,350.0,East,Corporate,Cash
TX-11044,2025-04-20,CUST-0365,Whiteboard,Office Supplies,4.0,79.99,West,Small Business,Cash
TX-12818,2025-06-19,CUST-0034,Desk Mat, accessories,5.0,25.0,East,Corporate,Cash
TX-13316,2025-11-03,CUST-0037,Premium Notebook,Office Supplies,2.0,14.72, North ,Small Business,PayPal
TX-11253,2024-07-27,CUST-0009,Whiteboard,Office Supplies,4.0,79.99, North ,Small Business,PayPal
TX-11860,2025-05-26,CUST-0222,Standing Desk,Office Supplies,9.0,450.0, North ,Corporate,Credit Card
TX-13950,2024-06-01,CUST-0231,Noise-Cancelling Headphones,Electronics ,2.0,250.0,East,Small Business,Cash
TX-11879,2025-01-19,CUST-0322,Premium Notebook,Office Supplies,4.0,15.5,south,Consumer,PayPal
TX-10376,2025-08-08,CUST-0312,Ergonomic Chair,Office Supplies,4.0,299.99,West,Corporate,Bank Transfer
TX-14710,2025-01-08,CUST-0371,Premium Tablet,Electronics ,8.0,600.0,East,Corporate,PayPal
TX-11075,2024-08-10,CUST-0211,Wireless Mouse, accessories,7.0,49.99,East,Corporate,Credit Card
TX-11909,2024-01-02,CUST-0333,4K Monitor,Electronics ,4.0,350.0,south,Consumer,Cash
TX-10842,2025-02-18,CUST-0249,USB-C Multi-Hub, accessories,4.0,36.39, North ,Corporate,Cash
TX-10378,2024-12-05,CUST-0026,Desk Mat, accessories,3.0,20.75,East,Small Business,Bank Transfer
TX-11187,2024-01-08,CUST-0366,Whiteboard,Office Supplies,7.0,79.99,West,Corporate,PayPal
TX-11321,2025-05-17,CUST-0212,Smartwatch,Electronics ,3.0,200.0, North ,Corporate,PayPal
TX-14173,2025-02-22,CUST-0310,Standing Desk,Office Supplies,10.0,450.0,south,Corporate,Bank Transfer
TX-10964,2025-10-12,CUST-0277,USB-C Multi-Hub, accessories,2.0,39.99,West,Consumer,Bank Transfer
TX-13880,2025-08-11,CUST-0114,Premium Tablet,Electronics ,2.0,600.0, North ,Small Business,Cash
TX-11932,2025-04-19,CUST-0290,Whiteboard,Office Supplies,2.0,79.99,West,Corporate,Bank Transfer
TX-13836,2024-10-21,CUST-0135,Pro Laptop,Electronics ,3.0,1080.0,West,Consumer,Cash
TX-11292,2024-11-01,CUST-0232,Whiteboard,Office Supplies,2.0,75.19,East,Small Business,Bank Transfer
TX-13270,2024-11-26,CUST-0102,Whiteboard,Office Supplies,4.0,79.99, North ,Consumer,Credit Card
TX-13214,2024-05-02,CUST-0026,Wireless Mouse, accessories,2.0,44.49,East,Small Business,Cash
TX-12303,2025-07-01,,Pro Laptop,Electronics ,5.0,1200.0,south,Corporate,Credit Card
TX-14951,2024-02-17,CUST-0106,Premium Tablet,Electronics ,3.0,600.0,south,Small Business,Credit Card
TX-10794,2024-06-19,CUST-0317,4K Monitor,Electronics ,3.0,350.0,south,Small Business,PayPal
TX-13322,2024-02-08,CUST-0017,Standing Desk,Office Supplies,4.0,450.0,south,Corporate,PayPal
TX-12577,2025-03-31,CUST-0237,Standing Desk,Office Supplies,4.0,450.0,West,Small Business,Cash
TX-11934,2024-12-05,CUST-0352,Pro Laptop,Electronics ,5.0,1200.0,south,Corporate,Cash
TX-10175,2025-08-23,CUST-0026,Laptop Sleeve, accessories,2.0,26.69,East,Small Business,PayPal
TX-12778,03/24/2025,CUST-0088,USB-C Multi-Hub, accessories,4.0,39.99,West,Small Business,Bank Transfer
TX-14858,2025-02-22,CUST-0268,Premium Notebook,Office Supplies,3.0,15.5,West,Small Business,PayPal
TX-12004,2025-01-30,CUST-0335,Ergonomic Chair,Office Supplies,3.0,299.99, North ,Small Business,Bank Transfer
TX-10045,2024-09-27,CUST-0275,Smartwatch,Electronics ,3.0,200.0,West,Small Business,Bank Transfer
TX-12792,2024-01-21,CUST-0063,4K Monitor,Electronics ,2.0,283.5,West,Small Business,Credit Card
TX-13309,2025-03-27,,Desk Mat, accessories,4.0,25.0, North ,Consumer,Credit Card
TX-12727,2025-11-27,CUST-0287,Whiteboard,Office Supplies,3.0,79.99,East,Small Business,Cash
TX-14781,2024-10-24,CUST-0385,Premium Tablet,Electronics ,10.0,600.0,south,Corporate,Bank Transfer
TX-11541,2025-01-21,CUST-0397,Gel Pens 12-Pack,Office Supplies,3.0,12.99,West,Consumer,Bank Transfer
TX-11666,2024-05-23,CUST-0234,Ergonomic Chair,Office Supplies,2.0,299.99,West,Small Business,PayPal
TX-13077,2025-11-06,CUST-0174,Mechanical Keyboard, accessories,,88.99,south,Small Business,Bank Transfer
TX-11881,2025-12-31,CUST-0035,Premium Tablet,Electronics ,1.0,600.0,south,Small Business,PayPal
TX-13456,2024-05-03,CUST-0012,Gel Pens 12-Pack,Office Supplies,2.0,11.56,West,Small Business,Bank Transfer
TX-11720,2025-06-22,CUST-0078,Laptop Sleeve, accessories,1.0,29.99,East,Consumer,Bank Transfer
TX-13143,2025-05-02,CUST-0245,Premium Notebook,Office Supplies,6.0,15.5,West,Corporate,Bank Transfer
TX-12459,2025-02-16,CUST-0224,Standing Desk,Office Supplies,2.0,450.0, North ,Small Business,PayPal
TX-10283,2025-01-12,CUST-0250,Whiteboard,Office Supplies,1.0,79.99,East,Consumer,Credit Card
TX-14613,10/26/2025,CUST-0307,Laptop Sleeve, accessories,4.0,28.49,West,Consumer,Cash
TX-11032,2024-06-15,CUST-0022,Standing Desk,Office Supplies,1.0,450.0,West,Small Business,PayPal
TX-11425,2024-02-28,CUST-0280,Wireless Mouse, accessories,4.0,49.99,East,Small Business,Bank Transfer
TX-13167,2025-08-08,CUST-0032,Standing Desk,Office Supplies,4.0,450.0,East,Corporate,Bank Transfer
TX-14577,2024-03-21,CUST-0179,Standing Desk,Office Supplies,6.0,450.0,West,Corporate,Cash
TX-10877,2024-04-25,CUST-0163,Desk Mat, accessories,9.0,25.0,south,Corporate,PayPal
TX-12100,2025-07-18,CUST-0261,Mechanical Keyboard, accessories,1.0,99.99,south,Small Business,Bank Transfer
TX-11168,2024-08-08,CUST-0069,Laptop Sleeve, accessories,2.0,29.99,East,Consumer,Bank Transfer
TX-12589,2024-03-30,CUST-0018,Gel Pens 12-Pack,Office Supplies,1.0,12.99, North ,Consumer,Credit Card
TX-13273,2024-11-05,CUST-0322,Premium Notebook,Office Supplies,4.0,15.5,south,Consumer,Bank Transfer
TX-12732,2024-06-19,CUST-0340,Laptop Sleeve, accessories,8.0,29.99,West,Corporate,Credit Card
TX-12215,2024-11-17,CUST-0104,Gel Pens 12-Pack,Office Supplies,3.0,12.99,south,Corporate,Cash
TX-11672,2024-03-16,CUST-0397,Desk Mat, accessories,2.0,25.0,West,Consumer,PayPal
TX-11047,2025-01-21,CUST-0293,Noise-Cancelling Headphones,Electronics ,6.0,235.0, North ,Corporate,Credit Card
TX-13338,2025-08-17,CUST-0359,Standing Desk,Office Supplies,3.0,414.0,East,Small Business,PayPal
TX-14585,2024-10-08,CUST-0370,Standing Desk,Office Supplies,4.0,450.0,south,Corporate,Bank Transfer
TX-12518,2025-08-30,CUST-0160,Smartwatch,Electronics ,1.0,200.0,south,Small Business,PayPal
TX-13164,2024-03-05,CUST-0188,USB-C Multi-Hub, accessories,2.0,39.99, North ,Corporate,Credit Card
TX-11519,2024-04-21,CUST-0171,Pro Laptop,Electronics ,1.0,1200.0, North ,Small Business,PayPal
TX-10099,2025-01-20,CUST-0330,Standing Desk,Office Supplies,10.0,450.0, North ,Corporate,Credit Card
TX-11084,2025-03-30,CUST-0003,Smartwatch,Electronics ,2.0,200.0,south,Consumer,PayPal
TX-11897,2025-04-13,,Smartwatch,Electronics ,9.0,200.0,West,Corporate,Bank Transfer
TX-11391,2025-04-17,CUST-0015,Wireless Mouse, accessories,8.0,49.99,West,Corporate,Credit Card
TX-11244,2024-03-27,CUST-0023,Mechanical Keyboard, accessories,4.0,99.99, North ,Corporate,Cash
TX-10351,2025-12-06,CUST-0001,Laptop Sleeve, accessories,,26.99,,Consumer,Credit Card
TX-12771,2025-01-25,CUST-0377,Gel Pens 12-Pack,Office Supplies,8.0,12.99,south,Corporate,PayPal
TX-11056,2025-07-19,CUST-0370,Premium Notebook,Office Supplies,3.0,15.5,south,Corporate,Bank Transfer
TX-10915,2024-03-13,CUST-0281,Desk Mat, accessories,1.0,25.0, North ,Consumer,Cash
TX-14829,2024-03-05,,Laptop Sleeve, accessories,4.0,29.99,East,Consumer,Cash
TX-10718,2024-10-08,CUST-0008,Wireless Mouse, accessories,2.0,49.99,south,Consumer,PayPal
TX-12741,2024-01-18,CUST-0184,Premium Notebook,Office Supplies,1.0,15.5,,Small Business,Bank Transfer
TX-14269,2024-06-20,CUST-0108,Mechanical Keyboard, accessories,2.0,99.99,West,Corporate,PayPal
TX-11553,2024-01-18,CUST-0171,USB-C Multi-Hub, accessories,2.0,39.99, North ,Small Business,Bank Transfer
TX-10308,2024-02-26,CUST-0159,Mechanical Keyboard, accessories,1.0,99.99, North ,Consumer,Credit Card
TX-12654,2025-08-10,CUST-0111,Pro Laptop,Electronics ,5.0,1200.0,West,Corporate,Credit Card
TX-10833,2025-01-23,CUST-0218,4K Monitor,Electronics ,2.0,280.0,East,Consumer,Cash
TX-10366,2024-08-19,CUST-0138,Wireless Mouse, accessories,2.0,44.99, North ,Small Business,Credit Card
TX-12274,2025-01-16,CUST-0328,4K Monitor,Electronics ,2.0,350.0, North ,Consumer,Credit Card
TX-12107,2024-07-19,CUST-0126,Ergonomic Chair,Office Supplies,3.0,299.99, North ,Consumer,Bank Transfer
TX-11438,2025-11-04,CUST-0040,Whiteboard,Office Supplies,5.0,79.99,West,Corporate,Cash
TX-13817,2025-02-16,CUST-0071,Standing Desk,Office Supplies,2.0,450.0,,Corporate,Bank Transfer
TX-12576,2025-10-25,CUST-0355,Desk Mat, accessories,3.0,25.0,East,Consumer,PayPal
TX-13434,2025-04-24,,Wireless Mouse, accessories,3.0,49.99,south,Small Business,Bank Transfer
TX-10019,2024-10-25,CUST-0140,Gel Pens 12-Pack,Office Supplies,4.0,12.99, North ,Small Business,PayPal
TX-13109,2024-12-10,CUST-0016,Desk Mat, accessories,4.0,25.0,East,Consumer,Cash
TX-14528,2025-10-10,CUST-0151,Whiteboard,Office Supplies,9.0,79.99,East,Corporate,Bank Transfer
TX-13754,2025-11-24,CUST-0039,4K Monitor,Electronics ,,350.0,south,Consumer,Bank Transfer
TX-10218,2025-08-21,CUST-0297,Desk Mat, accessories,6.0,23.0,,Corporate,PayPal
TX-12478,2025-07-05,CUST-0395,Wireless Mouse, accessories,1.0,49.99,East,Consumer,Bank Transfer
TX-10438,2025-01-07,CUST-0028,Smartwatch,Electronics ,3.0,200.0, North ,Consumer,Cash
TX-11149,2024-07-18,CUST-0359,Desk Mat, accessories,1.0,25.0,East,Small Business,PayPal
TX-11010,2025-12-21,CUST-0101,Desk Mat, accessories,1.0,25.0, North ,Consumer,Bank Transfer
TX-13336,2025-08-18,CUST-0358,Standing Desk,Office Supplies,6.0,450.0,East,Corporate,Cash
TX-13483,2024-04-15,CUST-0224,Pro Laptop,Electronics ,3.0,1200.0, North ,Small Business,Cash
TX-13570,2024-12-25,CUST-0347,Pro Laptop,Electronics ,6.0,1104.0,West,Corporate,Bank Transfer
TX-14677,2025-02-28,CUST-0115,Smartwatch,Electronics ,1.0,200.0, North ,Consumer,Bank Transfer
TX-12191,2025-05-27,CUST-0159,Laptop Sleeve, accessories,2.0,29.99, North ,Consumer,PayPal
TX-12803,2024-09-02,CUST-0242,Standing Desk,Office Supplies,4.0,450.0,East,Consumer,Credit Card
TX-10802,2024-08-13,CUST-0229,Ergonomic Chair,Office Supplies,3.0,299.99,East,Small Business,Credit Card
TX-13292,2024-02-02,CUST-0069,Premium Tablet,Electronics ,2.0,600.0,East,Consumer,Bank Transfer
TX-12259,2025-09-05,CUST-0248,Pro Laptop,Electronics ,2.0,1200.0,south,Small Business,Bank Transfer
TX-14788,2024-04-14,CUST-0160,Whiteboard,Office Supplies,1.0,74.39,south,Small Business,Bank Transfer
TX-12497,2025-05-19,CUST-0052,Standing Desk,Office Supplies,2.0,450.0,south,Small Business,Cash
TX-10582,2025-12-19,,Smartwatch,Electronics ,5.0,200.0,West,Corporate,Bank Transfer
TX-10203,2025-02-15,CUST-0277,Pro Laptop,Electronics ,2.0,1200.0,West,Consumer,Bank Transfer
TX-14098,2025-04-18,CUST-0223,Ergonomic Chair,Office Supplies,5.0,299.99,,Corporate,PayPal
TX-13466,2025-02-08,CUST-0393,Desk Mat, accessories,2.0,21.5,East,Corporate,Cash
TX-12280,2024-03-12,CUST-0270,Premium Tablet,Electronics ,1.0,564.0,West,Small Business,PayPal
TX-12210,2025-09-05,CUST-0145,Standing Desk,Office Supplies,1.0,450.0, North ,Small Business,Cash
TX-14870,2024-09-04,CUST-0389,Premium Notebook,Office Supplies,,15.5,East,Small Business,PayPal
TX-11623,2025-10-31,CUST-0262,Premium Tablet,Electronics ,4.0,600.0, North ,Consumer,Bank Transfer
TX-11736,2024-08-14,CUST-0303,Premium Notebook,Office Supplies,1.0,15.5,south,Small Business,Cash
TX-14700,2025-12-02,CUST-0282,Ergonomic Chair,Office Supplies,4.0,299.99,south,Consumer,Credit Card
TX-13674,2025-12-19,CUST-0047,4K Monitor,Electronics ,4.0,350.0,south,Small Business,Credit Card
TX-14385,2024-05-03,CUST-0324,Noise-Cancelling Headphones,Electronics ,2.0,250.0, North ,Small Business,PayPal
TX-13400,2024-05-09,CUST-0391,Wireless Mouse, accessories,3.0,49.99,West,Consumer,Bank Transfer
TX-10517,2025-02-10,CUST-0387,Smartwatch,Electronics ,10.0,174.0,south,Corporate,Cash
TX-12063,2025-09-27,CUST-0393,Pro Laptop,Electronics ,4.0,1200.0,East,Corporate,PayPal
TX-14632,2025-09-07,CUST-0397,Noise-Cancelling Headphones,Electronics ,3.0,250.0,West,Consumer,Credit Card
TX-11874,2025-05-31,CUST-0193,Ergonomic Chair,Office Supplies,3.0,299.99,south,Small Business,Bank Transfer
TX-10668,2025-10-14,CUST-0104,USB-C Multi-Hub, accessories,6.0,39.99,south,Corporate,Credit Card
TX-11840,06/06/2024,CUST-0293,Pro Laptop,Electronics ,3.0,1200.0, North ,Corporate,Credit Card
TX-13193,2024-11-07,CUST-0044,Wireless Mouse, accessories,4.0,49.99,south,Consumer,Bank Transfer
TX-14941,2024-04-22,CUST-0221,USB-C Multi-Hub, accessories,7.0,39.99,East,Corporate,PayPal
TX-12011,2024-04-05,CUST-0316,Premium Notebook,Office Supplies,8.0,13.95, North ,Corporate,PayPal
TX-13617,2024-03-23,CUST-0368,Pro Laptop,Electronics ,4.0,1200.0,East,Consumer,Credit Card
TX-11260,2025-12-16,CUST-0241,Premium Notebook,Office Supplies,9.0,15.5, North ,Corporate,Credit Card
TX-12388,2025-08-18,CUST-0203,Laptop Sleeve, accessories,4.0,29.99,south,Small Business,Bank Transfer
TX-12153,2025-03-05,CUST-0388,Mechanical Keyboard, accessories,3.0,99.99, North ,Consumer,Cash
TX-13392,2024-10-17,CUST-0242,Standing Desk,Office Supplies,2.0,450.0,East,Consumer,Bank Transfer
TX-13442,2024-07-28,CUST-0070,Premium Tablet,Electronics ,9.0,600.0,East,Corporate,Credit Card
TX-14166,2024-09-22,CUST-0297,Laptop Sleeve, accessories,5.0,29.99,south,Corporate,Bank Transfer
TX-10759,2025-09-18,CUST-0046,USB-C Multi-Hub, accessories,3.0,36.39,East,Consumer,Cash
TX-11057,2025-03-15,CUST-0358,Standing Desk,Office Supplies,9.0,450.0,East,Corporate,Cash
TX-12346,2024-01-21,CUST-0135,Mechanical Keyboard, accessories,1.0,99.99,West,Consumer,Bank Transfer
TX-14294,2024-03-13,CUST-0164,Premium Notebook,Office Supplies,4.0,15.5,East,Consumer,Bank Transfer
TX-13096,2025-09-26,CUST-0066,Smartwatch,Electronics ,4.0,176.0, North ,Small Business,Cash
TX-14536,2024-11-13,CUST-0371,Premium Notebook,Office Supplies,2.0,13.79,East,Corporate,Cash
TX-12555,2025-07-27,CUST-0123,Noise-Cancelling Headphones,Electronics ,4.0,250.0,south,Consumer,PayPal
TX-10214,2024-09-02,CUST-0283,Premium Notebook,Office Supplies,4.0,15.5,West,Small Business,Cash
TX-13382,2024-02-01,CUST-0190,4K Monitor,Electronics ,3.0,350.0,south,Consumer,Cash
TX-11108,2025-04-25,CUST-0101,Premium Tablet,Electronics ,1.0,600.0, North ,Consumer,Credit Card
TX-10693,2024-04-19,CUST-0167,Wireless Mouse, accessories,3.0,49.99, North ,Small Business,Cash
TX-13050,2024-08-21,CUST-0362,Smartwatch,Electronics ,3.0,200.0,south,Small Business,Cash
TX-12924,2024-10-27,CUST-0203,Premium Tablet,Electronics ,1.0,600.0,south,Small Business,Cash
TX-13635,2025-05-13,CUST-0350,Mechanical Keyboard, accessories,4.0,99.99,south,Consumer,PayPal
TX-11221,2024-05-12,CUST-0290,Premium Tablet,Electronics ,8.0,600.0,West,Corporate,Cash
TX-14822,2025-03-27,CUST-0384,Whiteboard,Office Supplies,8.0,79.99,south,Corporate,PayPal
TX-13131,2025-11-28,CUST-0202,Pro Laptop,Electronics ,5.0,1200.0,south,Corporate,Bank Transfer
TX-11224,2025-06-21,CUST-0113,Premium Notebook,Office Supplies,1.0,15.5,,Small Business,PayPal
TX-14972,2024-11-24,CUST-0187,Noise-Cancelling Headphones,Electronics ,4.0,250.0,south,Small Business,PayPal
TX-10196,2024-03-06,CUST-0278,Pro Laptop,Electronics ,4.0,1200.0,East,Consumer,Credit Card
TX-14406,2024-07-23,CUST-0247,Laptop Sleeve, accessories,1.0,29.99,West,Small Business,Credit Card
TX-12195,2024-08-21,CUST-0267,Mechanical Keyboard, accessories,3.0,99.99,West,Consumer,Bank Transfer
TX-14260,2025-10-26,,Standing Desk,Office Supplies,1.0,423.0,East,Consumer,Credit Card
TX-10879,2025-09-12,CUST-0018,Wireless Mouse, accessories,2.0,49.99, North ,Consumer,Bank Transfer
TX-14203,2024-01-14,CUST-0214,Wireless Mouse, accessories,4.0,49.99,West,Small Business,Bank Transfer
TX-12655,2024-09-16,CUST-0210,Gel Pens 12-Pack,Office Supplies,3.0,12.99,south,Corporate,Credit Card
TX-11344,2024-02-18,CUST-0357,Gel Pens 12-Pack,Office Supplies,3.0,12.99,East,Corporate,Bank Transfer
TX-14346,2024-02-08,CUST-0063,Premium Notebook,Office Supplies,3.0,15.5,West,Small Business,Credit Card
TX-10887,2024-11-17,CUST-0128,Mechanical Keyboard, accessories,8.0,99.99,West,Corporate,Bank Transfer
TX-11417,2025-03-24,CUST-0348,Standing Desk,Office Supplies,2.0,450.0,West,Small Business,PayPal
TX-10068,2025-07-29,CUST-0288,Ergonomic Chair,Office Supplies,8.0,299.99,West,Corporate,Bank Transfer
TX-12517,2025-07-30,CUST-0285,Desk Mat, accessories,3.0,21.5,south,Consumer,PayPal
TX-10926,2024-07-02,CUST-0094,Ergonomic Chair,Office Supplies,1.0,299.99,West,Consumer,Cash
TX-10568,2024-06-16,CUST-0331,Gel Pens 12-Pack,Office Supplies,5.0,11.17,West,Corporate,Bank Transfer
TX-11669,2024-11-29,CUST-0370,Desk Mat, accessories,2.0,25.0,south,Corporate,Cash
TX-10096,2024-10-16,,Whiteboard,Office Supplies,1.0,75.19,West,Consumer,Bank Transfer
TX-13102,2025-09-09,CUST-0271,Mechanical Keyboard, accessories,1.0,99.99,West,Consumer,PayPal
TX-14343,2025-06-15,CUST-0216,Whiteboard,Office Supplies,8.0,79.99, North ,Corporate,Cash
TX-10139,2025-07-18,CUST-0067,Wireless Mouse, accessories,,49.99, North ,Small Business,Bank Transfer
TX-14923,2025-10-20,CUST-0292,Ergonomic Chair,Office Supplies,4.0,299.99,West,Corporate,PayPal
TX-12640,2024-01-29,CUST-0073,USB-C Multi-Hub, accessories,1.0,39.99,East,Small Business,PayPal
TX-13447,2024-09-22,CUST-0307,Laptop Sleeve, accessories,4.0,29.99,West,Consumer,Cash
TX-13021,2024-04-05,CUST-0045,Mechanical Keyboard, accessories,8.0,99.99,East,Corporate,Credit Card
TX-11590,2025-07-01,CUST-0187,Premium Tablet,Electronics ,4.0,600.0,south,Small Business,Cash
TX-11340,2025-01-27,CUST-0122,Wireless Mouse, accessories,6.0,49.99,East,Corporate,Credit Card
TX-14447,2024-03-30,CUST-0227,USB-C Multi-Hub, accessories,4.0,34.79,West,Consumer,Cash
TX-13227,2025-11-15,CUST-0222,Wireless Mouse, accessories,9.0,49.99, North ,Corporate,Cash
TX-14545,2024-04-06,CUST-0130,USB-C Multi-Hub, accessories,2.0,39.99,West,Consumer,Bank Transfer
TX-10463,2024-08-06,CUST-0340,Premium Notebook,Office Supplies,7.0,15.5,West,Corporate,Bank Transfer
TX-14376,2025-04-28,CUST-0366,Gel Pens 12-Pack,Office Supplies,9.0,12.99,West,Corporate,Credit Card
TX-11261,2024-06-08,CUST-0329,4K Monitor,Electronics ,2.0,290.5,East,Consumer,PayPal
TX-13838,2025-10-25,CUST-0159,Smartwatch,Electronics ,3.0,200.0, North ,Consumer,Bank Transfer
TX-10594,2024-03-22,CUST-0240,Wireless Mouse, accessories,7.0,49.99,East,Corporate,Cash
TX-11615,2024-08-04,CUST-0293,Standing Desk,Office Supplies,4.0,450.0, North ,Corporate,Cash
TX-10625,2025-10-26,CUST-0261,Wireless Mouse, accessories,3.0,49.99,south,Small Business,Cash
TX-10450,2024-05-15,CUST-0364,Mechanical Keyboard, accessories,3.0,99.99,south,Small Business,Credit Card
TX-11536,2024-07-01,CUST-0135,Wireless Mouse, accessories,2.0,49.99,West,Consumer,Cash
TX-12536,2024-05-10,CUST-0357,Premium Tablet,Electronics ,7.0,498.0,East,Corporate,PayPal
TX-11096,2024-06-04,CUST-0193,Pro Laptop,Electronics ,2.0,1200.0,south,Small Business,Cash
TX-14246,2025-05-08,CUST-0370,USB-C Multi-Hub, accessories,9.0,35.59,south,Corporate,PayPal
TX-11609,2024-06-04,CUST-0237,Desk Mat, accessories,2.0,25.0,West,Small Business,PayPal
TX-10996,2025-08-23,CUST-0127,Mechanical Keyboard, accessories,3.0,99.99,south,Consumer,Cash
TX-14747,08/28/2025,CUST-0341,Mechanical Keyboard, accessories,6.0,91.99, North ,Corporate,Bank Transfer
TX-13221,2025-06-08,CUST-0242,Ergonomic Chair,Office Supplies,2.0,299.99,East,Consumer,PayPal
TX-12361,2024-01-12,CUST-0277,Pro Laptop,Electronics ,1.0,1200.0,West,Consumer,Bank Transfer
TX-13678,2024-03-18,CUST-0342,Pro Laptop,Electronics ,2.0,1200.0,East,Small Business,Bank Transfer
TX-13980,2025-11-18,CUST-0094,USB-C Multi-Hub, accessories,2.0,39.99,West,Consumer,Cash
TX-10150,2024-05-13,,Whiteboard,Office Supplies,,79.99,south,Small Business,Bank Transfer
TX-11752,2024-08-18,CUST-0021,4K Monitor,Electronics ,2.0,322.0,East,Consumer,Bank Transfer
TX-14004,2025-06-04,CUST-0243,Laptop Sleeve, accessories,3.0,29.99,West,Small Business,Credit Card
TX-12746,2024-02-14,CUST-0202,Premium Notebook,Office Supplies,7.0,15.5,south,Corporate,Cash
TX-12307,10/10/2024,CUST-0377,Mechanical Keyboard, accessories,2.0,99.99,south,Corporate,PayPal
TX-10088,2024-06-26,CUST-0309,Pro Laptop,Electronics ,4.0,1200.0,West,Corporate,Cash
TX-10457,2025-09-27,CUST-0227,Noise-Cancelling Headphones,Electronics ,2.0,250.0,West,Consumer,PayPal
TX-11338,2025-10-23,CUST-0388,Premium Notebook,Office Supplies,3.0,12.87, North ,Consumer,PayPal
TX-14578,2024-11-23,CUST-0067,Ergonomic Chair,Office Supplies,3.0,299.99, North ,Small Business,PayPal
TX-13318,2025-12-08,CUST-0357,Noise-Cancelling Headphones,Electronics ,4.0,250.0,East,Corporate,PayPal
TX-13275,2025-03-13,CUST-0153,Pro Laptop,Electronics ,4.0,1200.0,East,Consumer,PayPal
TX-14240,2024-08-02,CUST-0027,Desk Mat, accessories,2.0,25.0,south,Small Business,Bank Transfer
TX-14708,2024-05-26,CUST-0156,Pro Laptop,Electronics ,7.0,0.0,East,Corporate,Bank Transfer
TX-10999,2025-09-27,CUST-0086,Pro Laptop,Electronics ,4.0,1200.0,West,Consumer,Bank Transfer
TX-13920,2024-08-23,,Gel Pens 12-Pack,Office Supplies,1.0,12.99,West,Consumer,Cash
TX-13286,11/14/2025,CUST-0358,4K Monitor,Electronics ,6.0,350.0,East,Corporate,PayPal
TX-10192,2025-06-01,CUST-0275,Premium Tablet,Electronics ,3.0,552.0,West,Small Business,Cash
TX-14133,2024-01-02,CUST-0131,Premium Notebook,Office Supplies,6.0,15.5,south,Corporate,Credit Card
TX-14309,2025-08-19,CUST-0291,Pro Laptop,Electronics ,3.0,1200.0, North ,Small Business,Cash
TX-12225,2025-12-04,CUST-0120,Standing Desk,Office Supplies,2.0,450.0,West,Consumer,Credit Card
TX-14256,2025-11-16,CUST-0036,Gel Pens 12-Pack,Office Supplies,4.0,12.99,East,Small Business,PayPal
TX-14450,2024-06-02,CUST-0262,Laptop Sleeve, accessories,4.0,29.99, North ,Consumer,Bank Transfer
TX-13681,2025-03-09,CUST-0397,4K Monitor,Electronics ,3.0,350.0,West,Consumer,PayPal
TX-12592,2024-05-07,CUST-0080,Ergonomic Chair,Office Supplies,7.0,299.99,East,Corporate,PayPal
TX-12321,2025-01-02,CUST-0282,Whiteboard,Office Supplies,3.0,79.99,south,Consumer,Cash
TX-14517,2024-12-10,CUST-0284,Laptop Sleeve, accessories,2.0,23.99,south,Small Business,Cash
TX-13520,2024-11-23,CUST-0112,Whiteboard,Office Supplies,5.0,75.19,West,Corporate,Credit Card
TX-14853,2025-05-30,CUST-0270,Laptop Sleeve, accessories,2.0,29.99,West,Small Business,PayPal
TX-11818,2024-06-09,CUST-0265,Standing Desk,Office Supplies,4.0,450.0,West,Consumer,Credit Card
TX-12700,2024-04-25,,Desk Mat, accessories,1.0,25.0, North ,Small Business,Credit Card
TX-13013,2024-04-18,CUST-0274,Noise-Cancelling Headphones,Electronics ,4.0,250.0,East,Small Business,PayPal
TX-11730,2025-09-16,CUST-0233,Pro Laptop,Electronics ,7.0,1200.0,West,Corporate,Bank Transfer
TX-13924,2024-02-19,CUST-0017,Premium Notebook,Office Supplies,6.0,15.5,south,Corporate,Bank Transfer
TX-14062,2025-10-27,CUST-0013,Smartwatch,Electronics ,4.0,200.0,East,Consumer,Credit Card
TX-14946,2025-05-23,CUST-0061,Noise-Cancelling Headphones,Electronics ,4.0,250.0,West,Small Business,Cash
TX-10191,2025-06-24,CUST-0361,Ergonomic Chair,Office Supplies,1.0,299.99,south,Consumer,Credit Card
TX-11782,2024-05-18,CUST-0102,Gel Pens 12-Pack,Office Supplies,4.0,12.99, North ,Consumer,Cash
TX-11723,2024-10-12,CUST-0268,Gel Pens 12-Pack,Office Supplies,4.0,10.52,West,Small Business,Bank Transfer
TX-14250,2024-12-04,CUST-0169,USB-C Multi-Hub, accessories,4.0,39.99, North ,Consumer,Bank Transfer
TX-12748,2024-04-29,CUST-0166,Whiteboard,Office Supplies,4.0,64.79,East,Small Business,Cash
TX-14609,2024-03-25,CUST-0220,Whiteboard,Office Supplies,7.0,79.99,West,Corporate,Bank Transfer
TX-11747,2025-01-26,CUST-0363,Premium Notebook,Office Supplies,7.0,15.5,West,Corporate,Cash
TX-13824,2024-01-03,CUST-0229,Laptop Sleeve, accessories,1.0,29.99,East,Small Business,Cash
TX-11822,2024-03-28,CUST-0011,Pro Laptop,Electronics ,3.0,1200.0,West,Consumer,Credit Card
TX-13698,2025-04-13,CUST-0329,Smartwatch,Electronics ,1.0,200.0,East,Consumer,Credit Card
TX-11242,2024-08-19,CUST-0351,Ergonomic Chair,Office Supplies,9.0,299.99,East,Corporate,PayPal
TX-14965,2024-01-07,CUST-0140,USB-C Multi-Hub, accessories,3.0,39.99, North ,Small Business,Cash
TX-14032,2024-04-14,CUST-0041,USB-C Multi-Hub, accessories,1.0,34.79,East,Small Business,Bank Transfer
TX-14570,2025-02-27,CUST-0003,Desk Mat, accessories,3.0,25.0,south,Consumer,Cash
TX-10166,2024-04-22,CUST-0098,Smartwatch,Electronics ,3.0,170.0,south,Small Business,Cash
TX-13705,2025-08-13,CUST-0118,Premium Notebook,Office Supplies,3.0,13.02,south,Consumer,Credit Card
TX-13274,2025-04-29,CUST-0295,Ergonomic Chair,Office Supplies,2.0,299.99,West,Small Business,Cash
TX-11024,2025-11-06,CUST-0233,Gel Pens 12-Pack,Office Supplies,8.0,12.99,West,Corporate,Credit Card
TX-14802,2024-03-07,CUST-0224,Laptop Sleeve, accessories,2.0,29.99, North ,Small Business,PayPal
TX-12277,2024-10-17,,Laptop Sleeve, accessories,4.0,29.99,West,Consumer,Cash
TX-13708,2024-02-04,CUST-0170,Premium Tablet,Electronics ,3.0,600.0,East,Consumer,Cash
TX-11867,2025-10-09,CUST-0118,Laptop Sleeve, accessories,2.0,29.99,south,Consumer,PayPal
TX-14831,2024-05-11,CUST-0144,Noise-Cancelling Headphones,Electronics ,4.0,250.0, North ,Small Business,Bank Transfer
TX-13955,2024-06-11,CUST-0198,Noise-Cancelling Headphones,Electronics ,1.0,250.0,south,Consumer,PayPal
TX-14763,2024-11-24,CUST-0325,Pro Laptop,Electronics ,3.0,1200.0,south,Corporate,Bank Transfer
TX-10152,2025-09-22,CUST-0215,Premium Tablet,Electronics ,3.0,558.0,East,Consumer,Bank Transfer
TX-12570,2024-02-27,CUST-0232,Desk Mat, accessories,2.0,25.0,East,Small Business,Cash
TX-14715,2025-10-04,CUST-0048,Whiteboard,Office Supplies,3.0,79.99,East,Consumer,Cash
TX-13454,2025-01-30,CUST-0315,Gel Pens 12-Pack,Office Supplies,3.0,12.99, North ,Small Business,Cash
TX-11505,2024-02-16,CUST-0158,Gel Pens 12-Pack,Office Supplies,5.0,12.99, North ,Corporate,PayPal
TX-13528,2024-08-13,CUST-0038,Pro Laptop,Electronics ,3.0,1200.0,south,Small Business,PayPal
TX-11654,2025-08-18,CUST-0221,Smartwatch,Electronics ,5.0,200.0,East,Corporate,Cash
TX-12905,2025-08-23,CUST-0257,Mechanical Keyboard, accessories,1.0,99.99,West,Small Business,Bank Transfer
TX-11115,2025-12-29,CUST-0204,Laptop Sleeve, accessories,3.0,29.99, North ,Corporate,PayPal
TX-14851,2024-10-12,CUST-0184,USB-C Multi-Hub, accessories,3.0,39.99,West,Small Business,PayPal
TX-11397,2025-10-17,CUST-0155,USB-C Multi-Hub, accessories,1.0,39.99,south,Small Business,Cash
TX-13001,2024-12-29,CUST-0369,Pro Laptop,Electronics ,1.0,1200.0,West,Small Business,Bank Transfer
TX-10031,2025-12-11,,Noise-Cancelling Headphones,Electronics ,2.0,250.0,West,Corporate,Bank Transfer
TX-10937,2025-12-31,CUST-0213,Whiteboard,Office Supplies,3.0,79.99,East,Small Business,Credit Card
TX-11258,2024-06-10,CUST-0016,Noise-Cancelling Headphones,Electronics ,2.0,250.0,East,Consumer,Credit Card
TX-14145,2025-03-31,CUST-0142,Laptop Sleeve, accessories,1.0,24.29,south,Consumer,PayPal
TX-11158,2025-05-15,CUST-0329,Laptop Sleeve, accessories,2.0,29.99,East,Consumer,Credit Card
TX-10309,2025-12-19,CUST-0178,Laptop Sleeve, accessories,3.0,29.99, North ,Consumer,PayPal
TX-12974,2024-08-12,CUST-0378,Mechanical Keyboard, accessories,2.0,99.99, North ,Small Business,Cash
TX-14764,2024-02-08,CUST-0097,Gel Pens 12-Pack,Office Supplies,3.0,12.21, North ,Small Business,Cash
TX-13159,2024-12-24,CUST-0146,Premium Notebook,Office Supplies,8.0,14.26,south,Corporate,Cash
TX-13745,2025-05-27,CUST-0174,Noise-Cancelling Headphones,Electronics ,4.0,250.0,south,Small Business,Bank Transfer
TX-10495,2025-05-14,CUST-0119,Noise-Cancelling Headphones,Electronics ,3.0,230.0,south,Small Business,PayPal
TX-10205,2024-05-26,,Smartwatch,Electronics ,3.0,162.0,West,Consumer,Bank Transfer
TX-14205,2025-04-21,CUST-0356,Gel Pens 12-Pack,Office Supplies,4.0,12.34,West,Consumer,Bank Transfer
TX-13407,10/11/2024,CUST-0001,Whiteboard,Office Supplies,4.0,79.99, North ,Consumer,Credit Card
TX-13885,2025-01-17,CUST-0287,Wireless Mouse, accessories,2.0,49.99,East,Small Business,Cash
TX-10305,2025-02-15,CUST-0275,Laptop Sleeve, accessories,2.0,28.19,West,Small Business,Bank Transfer
TX-14703,2024-07-11,CUST-0295,Premium Tablet,Electronics ,1.0,600.0,West,Small Business,Bank Transfer
TX-12743,2025-05-29,CUST-0390,Ergonomic Chair,Office Supplies,1.0,245.99,south,Small Business,Cash
TX-11061,2025-08-04,CUST-0017,Premium Tablet,Electronics ,7.0,600.0,south,Corporate,Cash
TX-10843,2025-05-24,CUST-0069,Pro Laptop,Electronics ,1.0,1200.0,East,Consumer,Credit Card
TX-12753,2024-03-24,CUST-0148,Premium Notebook,Office Supplies,2.0,12.87,,Small Business,Credit Card
TX-12282,2024-04-02,CUST-0267,Smartwatch,Electronics ,3.0,168.0,West,Consumer,Cash
TX-10211,2024-07-14,CUST-0194,Laptop Sleeve, accessories,,25.19,south,Small Business,Credit Card
TX-14693,2024-07-24,CUST-0236,Noise-Cancelling Headphones,Electronics ,4.0,250.0,south,Consumer,PayPal
TX-10679,2025-06-12,CUST-0347,Premium Tablet,Electronics ,2.0,600.0,West,Corporate,Cash
TX-10565,2024-09-23,CUST-0080,Ergonomic Chair,Office Supplies,2.0,299.99,East,Corporate,PayPal
TX-12194,2025-04-13,CUST-0016,Desk Mat, accessories,2.0,25.0,East,Consumer,PayPal
TX-13633,2025-08-01,CUST-0199,Laptop Sleeve, accessories,4.0,29.99,West,Consumer,Credit Card
TX-10680,2025-06-18,CUST-0060,Noise-Cancelling Headphones,Electronics ,1.0,250.0,south,Small Business,Credit Card
TX-10180,2024-10-23,CUST-0005,Whiteboard,Office Supplies,1.0,79.99, North ,Small Business,Bank Transfer
TX-12699,2024-11-08,CUST-0024,Standing Desk,Office Supplies,3.0,450.0, North ,Small Business,PayPal
TX-12456,2025-01-04,CUST-0161,Smartwatch,Electronics ,4.0,200.0,East,Consumer,Cash
TX-12348,2025-05-28,CUST-0020,USB-C Multi-Hub, accessories,9.0,39.99,East,Corporate,Cash
TX-14299,2025-12-07,CUST-0340,Standing Desk,Office Supplies,2.0,450.0,West,Corporate,Cash
TX-10278,2024-07-30,CUST-0106,4K Monitor,Electronics ,3.0,350.0,south,Small Business,Bank Transfer
TX-14895,2025-12-03,CUST-0030,Premium Tablet,Electronics ,3.0,600.0, North ,Consumer,Credit Card
TX-14403,2024-01-11,CUST-0314,Wireless Mouse, accessories,9.0,49.99, North ,Corporate,Bank Transfer
TX-10432,2024-09-11,CUST-0247,Gel Pens 12-Pack,Office Supplies,2.0,10.52,West,Small Business,Credit Card
TX-10289,2024-03-25,CUST-0191,Mechanical Keyboard, accessories,2.0,99.99,East,Corporate,Cash
TX-11027,2025-09-27,CUST-0125,Pro Laptop,Electronics ,1.0,1200.0,,Consumer,PayPal
TX-10535,2024-07-13,CUST-0103,Premium Tablet,Electronics ,3.0,600.0,East,Consumer,PayPal
TX-13480,2024-07-20,CUST-0328,Pro Laptop,Electronics ,4.0,1200.0, North ,Consumer,Bank Transfer
TX-10188,2025-05-29,CUST-0361,Ergonomic Chair,Office Supplies,3.0,299.99,south,Consumer,Bank Transfer
TX-13422,2024-10-13,CUST-0201,4K Monitor,Electronics ,3.0,308.0,East,Corporate,Cash
TX-13971,2025-05-07,CUST-0245,Noise-Cancelling Headphones,Electronics ,5.0,250.0,West,Corporate,Credit Card
TX-13142,2025-11-19,CUST-0076,Noise-Cancelling Headphones,Electronics ,2.0,250.0,East,Small Business,Cash
TX-10270,2025-05-16,CUST-0148,Premium Tablet,Electronics ,3.0,600.0,south,Small Business,Cash
TX-14325,2024-09-19,CUST-0266,Gel Pens 12-Pack,Office Supplies,3.0,12.99,south,Consumer,Credit Card
TX-14110,2024-03-15,CUST-0275,Premium Tablet,Electronics ,3.0,600.0,West,Small Business,Bank Transfer
TX-12187,2024-10-19,CUST-0366,Premium Notebook,Office Supplies,4.0,15.5,West,Corporate,Cash
TX-13749,2025-05-23,CUST-0246,Ergonomic Chair,Office Supplies,2.0,299.99,south,Small Business,Credit Card
TX-10111,2025-01-18,CUST-0164,Noise-Cancelling Headphones,Electronics ,2.0,202.5,East,Consumer,PayPal
TX-12610,2025-05-23,CUST-0050,Pro Laptop,Electronics ,,1104.0,West,Consumer,Bank Transfer
TX-10220,2025-05-15,CUST-0371,Desk Mat, accessories,9.0,25.0,,Corporate,PayPal
TX-12819,2025-01-02,CUST-0263,Premium Tablet,Electronics ,2.0,600.0,West,Consumer,Cash
TX-10627,2025-06-26,CUST-0157,Gel Pens 12-Pack,Office Supplies,4.0,11.04,East,Consumer,PayPal
TX-11212,2024-12-25,CUST-0127,Ergonomic Chair,Office Supplies,2.0,254.99,south,Consumer,Credit Card
TX-13406,2025-07-19,CUST-0177,Premium Notebook,Office Supplies,6.0,15.5,West,Corporate,Credit Card
TX-14931,2025-09-28,CUST-0202,Smartwatch,Electronics ,4.0,200.0,south,Corporate,Cash
TX-10790,2025-11-29,CUST-0178,Gel Pens 12-Pack,Office Supplies,1.0,12.34, North ,Consumer,Bank Transfer
TX-12025,2025-05-18,CUST-0203,Mechanical Keyboard, accessories,4.0,99.99,south,Small Business,Cash
TX-10461,2025-07-17,CUST-0184,Noise-Cancelling Headphones,Electronics ,2.0,250.0,West,Small Business,PayPal
TX-14428,2025-07-26,CUST-0371,Wireless Mouse, accessories,2.0,49.99,East,Corporate,PayPal
TX-10551,2025-11-26,CUST-0102,Laptop Sleeve, accessories,2.0,29.99, North ,Consumer,Bank Transfer
TX-12389,2025-01-25,CUST-0353,Noise-Cancelling Headphones,Electronics ,7.0,250.0,West,Corporate,Bank Transfer
TX-12445,2025-02-06,CUST-0190,Ergonomic Chair,Office Supplies,1.0,299.99,south,Consumer,PayPal
TX-10198,2025-01-21,CUST-0193,4K Monitor,Electronics ,2.0,280.0,south,Small Business,Bank Transfer
TX-12627,2025-04-18,CUST-0212,Mechanical Keyboard, accessories,8.0,99.99, North ,Corporate,Bank Transfer
TX-11705,2024-09-20,CUST-0066,Whiteboard,Office Supplies,3.0,79.99, North ,Small Business,Credit Card
TX-10402,2025-05-27,CUST-0062,Desk Mat, accessories,10.0,25.0, North ,Corporate,Bank Transfer
TX-14936,2025-01-21,CUST-0230,Ergonomic Chair,Office Supplies,4.0,299.99, North ,Small Business,Cash
TX-14411,2024-08-22,CUST-0368,Ergonomic Chair,Office Supplies,1.0,275.99,East,Consumer,Bank Transfer
TX-14792,2024-05-31,CUST-0372,USB-C Multi-Hub, accessories,8.0,39.99,East,Corporate,PayPal
TX-14988,2025-09-09,CUST-0157,Desk Mat, accessories,4.0,25.0,East,Consumer,PayPal
TX-12242,2024-03-20,CUST-0315,Smartwatch,Electronics ,4.0,200.0,,Small Business,Cash
TX-14919,2024-02-22,CUST-0393,Smartwatch,Electronics ,7.0,200.0,East,Corporate,Credit Card
TX-10650,2025-01-28,CUST-0373,Laptop Sleeve, accessories,4.0,29.99,East,Corporate,Cash
TX-10708,2024-05-19,CUST-0329,Gel Pens 12-Pack,Office Supplies,4.0,12.99,East,Consumer,PayPal
TX-14587,2025-03-18,CUST-0106,Noise-Cancelling Headphones,Electronics ,4.0,250.0,south,Small Business,Cash
TX-14440,2024-06-06,CUST-0212,Premium Notebook,Office Supplies,9.0,15.5, North ,Corporate,PayPal
TX-11912,2024-12-21,CUST-0191,Premium Notebook,Office Supplies,6.0,15.5,East,Corporate,PayPal
TX-13116,2025-05-16,CUST-0254,Premium Tablet,Electronics ,1.0,600.0, North ,Consumer,Cash
TX-11945,2024-04-25,CUST-0269,USB-C Multi-Hub, accessories,10.0,39.99,East,Corporate,Credit Card
TX-10314,2024-09-07,CUST-0187,Standing Desk,Office Supplies,2.0,450.0,south,Small Business,Credit Card
TX-12815,2024-12-02,CUST-0233,Smartwatch,Electronics ,3.0,200.0,West,Corporate,Cash
TX-14500,2024-12-15,CUST-0018,4K Monitor,Electronics ,3.0,350.0, North ,Consumer,Bank Transfer
TX-10113,2024-01-20,CUST-0077,Laptop Sleeve, accessories,4.0,29.99,south,Consumer,Credit Card
TX-10960,2025-06-24,CUST-0313,Smartwatch,Electronics ,9.0,200.0,West,Corporate,PayPal
TX-12952,2025-05-01,CUST-0311,Smartwatch,Electronics ,2.0,200.0,East,Corporate,Bank Transfer
TX-12288,05/03/2024,CUST-0331,Standing Desk,Office Supplies,3.0,450.0,West,Corporate,Cash
TX-13828,2024-10-09,CUST-0092,Mechanical Keyboard, accessories,10.0,99.99,East,Corporate,Bank Transfer
TX-13371,2024-01-05,CUST-0083,Laptop Sleeve, accessories,1.0,27.89,south,Consumer,Bank Transfer
TX-10486,2025-10-18,CUST-0069,USB-C Multi-Hub, accessories,4.0,39.99,East,Consumer,Cash
TX-11614,2025-07-04,CUST-0068,Whiteboard,Office Supplies,1.0,79.99,East,Small Business,Credit Card
TX-14048,2025-05-29,CUST-0185,Ergonomic Chair,Office Supplies,3.0,299.99, North ,Consumer,Credit Card
TX-11323,2025-08-03,CUST-0017,Noise-Cancelling Headphones,Electronics ,7.0,250.0,south,Corporate,Cash
TX-13464,2025-11-27,CUST-0074,Premium Tablet,Electronics ,4.0,600.0,south,Small Business,PayPal
TX-14554,2025-03-11,CUST-0037,Noise-Cancelling Headphones,Electronics ,1.0,250.0, North ,Small Business,Cash
TX-14421,2024-09-26,CUST-0372,4K Monitor,Electronics ,10.0,350.0,East,Corporate,PayPal
TX-11966,2024-11-16,CUST-0390,Pro Laptop,Electronics ,1.0,1044.0,south,Small Business,Bank Transfer
TX-12450,2025-04-15,CUST-0008,Mechanical Keyboard, accessories,4.0,99.99,south,Consumer,Credit Card
TX-14811,2025-03-02,CUST-0213,Pro Laptop,Electronics ,2.0,1200.0,East,Small Business,Credit Card
TX-13377,2024-12-05,CUST-0340,Standing Desk,Office Supplies,8.0,450.0,West,Corporate,Credit Card
TX-14216,2025-06-18,CUST-0226,Pro Laptop,Electronics ,9.0,1200.0,south,Corporate,Credit Card
TX-14901,2025-11-05,CUST-0225,Wireless Mouse, accessories,2.0,49.99,West,Consumer,PayPal
TX-12617,2024-05-28,CUST-0024,Pro Laptop,Electronics ,1.0,1200.0, North ,Small Business,Bank Transfer
TX-14030,2025-04-08,CUST-0399,Gel Pens 12-Pack,Office Supplies,1.0,11.82,West,Consumer,Credit Card
TX-14387,2025-02-19,CUST-0248,Laptop Sleeve, accessories,1.0,29.99,south,Small Business,Cash
TX-14239,2024-06-18,CUST-0040,Noise-Cancelling Headphones,Electronics ,8.0,250.0,West,Corporate,Credit Card
TX-14400,2024-05-15,CUST-0387,Pro Laptop,Electronics ,4.0,1200.0,south,Corporate,Cash
TX-14930,2024-02-14,CUST-0152,Desk Mat, accessories,2.0,25.0,south,Small Business,PayPal
TX-12287,2025-11-04,CUST-0374,Smartwatch,Electronics ,2.0,200.0,West,Corporate,PayPal
TX-13021,2024-04-05,CUST-0045,Mechanical Keyboard, accessories,8.0,99.99,East,Corporate,Credit Card
TX-10789,2025-05-23,CUST-0078,4K Monitor,Electronics ,1.0,350.0,East,Consumer,Bank Transfer
TX-14348,2025-07-11,CUST-0058,USB-C Multi-Hub, accessories,2.0,39.99, North ,Consumer,Cash
TX-11870,2024-07-16,CUST-0395,Standing Desk,Office Supplies,3.0,450.0,East,Consumer,Credit Card
TX-12091,2024-12-15,CUST-0332,Noise-Cancelling Headphones,Electronics ,3.0,250.0,south,Consumer,Cash
TX-10871,2024-10-11,CUST-0091,Wireless Mouse, accessories,4.0,40.99,south,Small Business,Credit Card
TX-11738,2025-10-20,CUST-0295,Pro Laptop,Electronics ,2.0,1200.0,West,Small Business,Bank Transfer
TX-11360,2024-06-03,CUST-0204,Desk Mat, accessories,10.0,22.75, North ,Corporate,Bank Transfer
TX-14466,2025-11-18,CUST-0304,4K Monitor,Electronics ,8.0,311.5, North ,Corporate,Cash
TX-10073,2024-12-25,CUST-0290,Desk Mat, accessories,3.0,25.0,West,Corporate,PayPal
TX-12420,2025-01-31,CUST-0127,Noise-Cancelling Headphones,Electronics ,3.0,215.0,,Consumer,PayPal
TX-12468,2024-05-19,CUST-0038,Whiteboard,Office Supplies,3.0,79.99,south,Small Business,Credit Card
TX-11375,2025-10-17,CUST-0113,Mechanical Keyboard, accessories,3.0,85.99,West,Small Business,Cash
TX-13053,2025-05-01,CUST-0295,USB-C Multi-Hub, accessories,1.0,39.99,West,Small Business,Credit Card
TX-13039,2024-01-04,CUST-0305,Standing Desk,Office Supplies,3.0,450.0, North ,Consumer,Bank Transfer
TX-14601,2024-07-31,CUST-0128,Gel Pens 12-Pack,Office Supplies,10.0,10.52,West,Corporate,Cash
TX-14725,2024-03-07,CUST-0063,Desk Mat, accessories,1.0,21.5,West,Small Business,Credit Card
TX-12275,2024-05-14,CUST-0330,Noise-Cancelling Headphones,Electronics ,7.0,250.0, North ,Corporate,Credit Card
TX-13439,2024-06-12,CUST-0284,Noise-Cancelling Headphones,Electronics ,4.0,250.0,south,Small Business,Credit Card
TX-11767,2024-07-02,CUST-0093,Smartwatch,Electronics ,3.0,162.0,East,Corporate,Bank Transfer
TX-10494,2025-11-06,CUST-0075,Desk Mat, accessories,3.0,25.0, North ,Small Business,Credit Card
TX-13176,09/07/2024,CUST-0329,4K Monitor,Electronics ,2.0,315.0,East,Consumer,PayPal
TX-12220,2025-06-06,CUST-0023,Smartwatch,Electronics ,6.0,200.0, North ,Corporate,Bank Transfer
TX-11295,2025-08-07,CUST-0200,4K Monitor,Electronics ,2.0,350.0,south,Small Business,Credit Card
TX-11164,2025-10-30,CUST-0132,Pro Laptop,Electronics ,3.0,1200.0, North ,Corporate,Bank Transfer
TX-12317,2024-01-09,CUST-0296,USB-C Multi-Hub, accessories,4.0,39.99,south,Corporate,PayPal
TX-11773,2025-07-30,CUST-0192,Premium Tablet,Electronics ,5.0,552.0, North ,Corporate,Cash
TX-13659,2024-09-17,CUST-0253,Standing Desk,Office Supplies,1.0,450.0,south,Consumer,PayPal
TX-14043,2025-05-12,CUST-0210,Laptop Sleeve, accessories,5.0,28.19,,Corporate,Bank Transfer
TX-11744,2025-07-14,CUST-0332,Gel Pens 12-Pack,Office Supplies,3.0,12.99,south,Consumer,PayPal
TX-10618,2024-08-27,CUST-0103,USB-C Multi-Hub, accessories,2.0,37.59,East,Consumer,Credit Card
TX-11740,2025-08-10,CUST-0020,Gel Pens 12-Pack,Office Supplies,2.0,12.99,East,Corporate,PayPal
TX-11729,2025-09-04,CUST-0242,Smartwatch,Electronics ,3.0,200.0,East,Consumer,Credit Card
TX-13161,2025-02-21,CUST-0195,Premium Tablet,Electronics ,8.0,600.0, North ,Corporate,Credit Card
TX-14010,2024-08-16,CUST-0373,Wireless Mouse, accessories,10.0,44.49,East,Corporate,PayPal
TX-12940,2025-01-27,CUST-0010,Noise-Cancelling Headphones,Electronics ,3.0,250.0,south,Small Business,Cash
TX-13460,11/04/2024,CUST-0337,Ergonomic Chair,Office Supplies,2.0,299.99,West,Small Business,PayPal
TX-10869,2024-09-08,CUST-0159,Gel Pens 12-Pack,Office Supplies,4.0,12.99, North ,Consumer,Cash
TX-12758,2024-05-23,CUST-0365,Ergonomic Chair,Office Supplies,4.0,299.99,West,Small Business,Credit Card
TX-11042,2024-12-01,CUST-0065,Laptop Sleeve, accessories,4.0,29.99,East,Small Business,PayPal
TX-13257,2025-02-12,CUST-0349,Premium Tablet,Electronics ,3.0,600.0,East,Corporate,Credit Card
TX-10356,2024-04-13,CUST-0296,Mechanical Keyboard, accessories,4.0,81.99,south,Corporate,Cash
TX-11162,2025-07-05,CUST-0334,Premium Tablet,Electronics ,1.0,600.0,East,Small Business,PayPal
TX-12805,2024-09-12,CUST-0152,4K Monitor,Electronics ,1.0,350.0,south,Small Business,Cash
TX-13690,2025-04-05,CUST-0175,4K Monitor,Electronics ,3.0,350.0,East,Consumer,PayPal
TX-13707,2025-07-03,CUST-0301,Noise-Cancelling Headphones,Electronics ,4.0,250.0,West,Small Business,Credit Card
TX-13496,2024-06-19,CUST-0248,Gel Pens 12-Pack,Office Supplies,4.0,10.91,south,Small Business,Credit Card
TX-11807,2025-12-01,,Wireless Mouse, accessories,4.0,49.99,East,Consumer,Credit Card
TX-13731,2025-03-16,CUST-0324,Wireless Mouse, accessories,1.0,49.99, North ,Small Business,Bank Transfer
TX-13693,2024-11-26,CUST-0241,Premium Notebook,Office Supplies,2.0,15.5, North ,Corporate,Bank Transfer
TX-13918,2025-03-05,CUST-0089,Pro Laptop,Electronics ,8.0,1200.0,south,Corporate,PayPal
TX-12890,2024-01-26,CUST-0055,Wireless Mouse, accessories,7.0,43.99,West,Corporate,PayPal
TX-10332,2025-12-03,CUST-0331,4K Monitor,Electronics ,6.0,329.0,West,Corporate,Credit Card
TX-14394,2025-12-24,CUST-0121,Whiteboard,Office Supplies,3.0,79.99,West,Consumer,PayPal
TX-12776,2025-12-01,CUST-0084,Pro Laptop,Electronics ,4.0,1200.0,south,Small Business,Bank Transfer
TX-12342,2025-03-26,CUST-0131,Gel Pens 12-Pack,Office Supplies,8.0,11.17,south,Corporate,PayPal
TX-13721,2025-02-05,CUST-0228,USB-C Multi-Hub, accessories,1.0,39.99,East,Small Business,Cash
TX-13048,2024-11-11,CUST-0358,Whiteboard,Office Supplies,150.0,79.99,East,Corporate,Credit Card
TX-11116,2024-06-18,CUST-0219,Premium Notebook,Office Supplies,4.0,15.5, North ,Small Business,Bank Transfer
TX-14255,2025-06-24,CUST-0147,Gel Pens 12-Pack,Office Supplies,2.0,12.99, North ,Small Business,Cash
TX-13606,2025-02-13,CUST-0232,Ergonomic Chair,Office Supplies,2.0,299.99,East,Small Business,Credit Card
TX-12554,2024-11-14,CUST-0365,4K Monitor,Electronics ,4.0,350.0,West,Small Business,Bank Transfer
TX-12653,2025-09-30,CUST-0120,Premium Tablet,Electronics ,1.0,600.0,West,Consumer,PayPal
TX-13313,2024-01-16,CUST-0249,Wireless Mouse, accessories,10.0,42.99, North ,Corporate,Cash
TX-13403,2025-05-24,CUST-0287,Wireless Mouse, accessories,2.0,49.99,East,Small Business,Cash
TX-10445,2025-03-19,CUST-0300,Whiteboard,Office Supplies,2.0,79.99,East,Small Business,PayPal
TX-12276,2024-11-27,CUST-0018,Mechanical Keyboard, accessories,4.0,99.99, North ,Consumer,PayPal
TX-10452,2025-03-08,CUST-0268,Pro Laptop,Electronics ,4.0,1128.0,West,Small Business,PayPal
TX-11593,2025-04-16,CUST-0188,4K Monitor,Electronics ,7.0,350.0, North ,Corporate,Bank Transfer
TX-14460,2024-05-14,CUST-0279,Gel Pens 12-Pack,Office Supplies,2.0,12.99,East,Corporate,Credit Card
TX-12997,2025-10-06,CUST-0129,Ergonomic Chair,Office Supplies,2.0,299.99,West,Consumer,Credit Card
TX-10014,2025-02-17,CUST-0264,4K Monitor,Electronics ,4.0,304.5,south,Small Business,Cash
TX-12663,2025-07-13,CUST-0398,Smartwatch,Electronics ,,200.0, North ,Corporate,Bank Transfer
TX-10945,2024-04-13,CUST-0253,Standing Desk,Office Supplies,2.0,450.0,south,Consumer,Credit Card
TX-10247,2025-02-11,CUST-0164,Gel Pens 12-Pack,Office Supplies,2.0,12.99,East,Consumer,Bank Transfer
TX-13265,2024-04-13,CUST-0337,Pro Laptop,Electronics ,3.0,1200.0,West,Small Business,Bank Transfer
TX-10360,2025-02-23,CUST-0370,Laptop Sleeve, accessories,6.0,29.99,south,Corporate,Bank Transfer
TX-14683,2024-07-11,CUST-0096,4K Monitor,Electronics ,10.0,350.0, North ,Corporate,Cash
TX-14176,2024-10-18,CUST-0080,Whiteboard,Office Supplies,2.0,74.39,East,Corporate,PayPal
TX-13725,2025-05-01,CUST-0145,Noise-Cancelling Headphones,Electronics ,2.0,250.0, North ,Small Business,Credit Card
TX-14633,2025-06-03,CUST-0388,Mechanical Keyboard, accessories,2.0,99.99, North ,Consumer,Cash
TX-14210,2024-01-02,CUST-0175,Smartwatch,Electronics ,1.0,178.0,East,Consumer,Cash
TX-14072,2025-01-30,CUST-0368,4K Monitor,Electronics ,4.0,350.0,East,Consumer,Cash
TX-12622,2024-02-04,CUST-0170,Pro Laptop,Electronics ,4.0,1200.0,East,Consumer,PayPal
TX-13542,2025-01-13,CUST-0380,Wireless Mouse, accessories,3.0,49.99,south,Small Business,Credit Card
TX-11595,2025-04-02,CUST-0167,Ergonomic Chair,Office Supplies,1.0,299.99, North ,Small Business,Bank Transfer
TX-14914,2024-12-17,CUST-0035,Premium Notebook,Office Supplies,4.0,14.72,south,Small Business,PayPal
TX-12894,2025-06-05,CUST-0201,Gel Pens 12-Pack,Office Supplies,7.0,12.99,East,Corporate,Cash
TX-10490,2025-07-18,CUST-0134,Laptop Sleeve, accessories,9.0,29.99,East,Corporate,PayPal
TX-10862,2024-11-05,CUST-0154,Whiteboard,Office Supplies,7.0,79.99,East,Corporate,PayPal
TX-12232,2025-04-03,CUST-0054,USB-C Multi-Hub, accessories,,39.99,West,Small Business,PayPal
TX-12304,2024-11-05,CUST-0331,4K Monitor,Electronics ,7.0,350.0,West,Corporate,Credit Card
TX-12458,2024-07-08,CUST-0039,4K Monitor,Electronics ,2.0,294.0,south,Consumer,Bank Transfer
TX-12481,2024-09-04,CUST-0173,Smartwatch,Electronics ,1.0,200.0,East,Small Business,Cash
TX-11662,2024-06-24,CUST-0081,Mechanical Keyboard, accessories,3.0,99.99, North ,Consumer,Cash
TX-10506,2024-08-09,CUST-0230,Desk Mat, accessories,4.0,25.0, North ,Small Business,PayPal
TX-14064,2024-07-25,CUST-0019,Whiteboard,Office Supplies,1.0,79.99,West,Consumer,Credit Card
TX-13126,2024-12-18,CUST-0380,Pro Laptop,Electronics ,3.0,1200.0,south,Small Business,Cash
TX-14105,2024-01-26,CUST-0165,Desk Mat, accessories,4.0,25.0,West,Small Business,Credit Card
TX-11222,2025-06-09,CUST-0039,Smartwatch,Electronics ,4.0,200.0,south,Consumer,Cash
TX-11113,2025-10-08,CUST-0015,Mechanical Keyboard, accessories,6.0,99.99,West,Corporate,Cash
TX-12145,2025-07-19,CUST-0321,Ergonomic Chair,Office Supplies,4.0,299.99, North ,Small Business,PayPal
TX-13473,2024-02-23,CUST-0059,Premium Tablet,Electronics ,3.0,600.0,south,Small Business,Bank Transfer
TX-13012,2024-03-23,CUST-0201,4K Monitor,Electronics ,4.0,315.0,East,Corporate,PayPal
TX-14699,2024-05-27,CUST-0233,USB-C Multi-Hub, accessories,3.0,32.39,West,Corporate,Credit Card
TX-10433,2025-06-01,CUST-0254,Pro Laptop,Electronics ,4.0,1200.0, North ,Consumer,Bank Transfer
TX-12095,2024-03-02,CUST-0269,Standing Desk,Office Supplies,8.0,450.0,East,Corporate,Credit Card
TX-13418,2024-10-15,CUST-0300,Smartwatch,Electronics ,2.0,200.0,East,Small Business,Cash
TX-12877,2024-06-04,CUST-0071,Mechanical Keyboard, accessories,10.0,99.99,south,Corporate,Cash
TX-12121,11/02/2024,CUST-0353,Premium Tablet,Electronics ,9.0,534.0,West,Corporate,Cash
TX-13967,2025-12-28,CUST-0094,Premium Notebook,Office Supplies,1.0,15.5,West,Consumer,Bank Transfer
TX-13209,2025-07-13,CUST-0030,Whiteboard,Office Supplies,3.0,79.99, North ,Consumer,Credit Card
TX-13724,2024-09-16,CUST-0015,Smartwatch,Electronics ,8.0,200.0,West,Corporate,Cash
TX-13849,2025-03-24,CUST-0384,Smartwatch,Electronics ,9.0,200.0,south,Corporate,Bank Transfer
TX-13181,2025-12-27,CUST-0174,Mechanical Keyboard, accessories,1.0,99.99,south,Small Business,PayPal
TX-11102,2025-03-12,CUST-0372,Premium Notebook,Office Supplies,4.0,15.5,East,Corporate,PayPal
TX-11482,2025-06-21,CUST-0219,Premium Notebook,Office Supplies,4.0,15.5, North ,Small Business,Bank Transfer
TX-11491,2024-08-15,CUST-0373,Noise-Cancelling Headphones,Electronics ,4.0,250.0,East,Corporate,Bank Transfer
TX-12168,2024-08-01,CUST-0014,4K Monitor,Electronics ,1.0,350.0,south,Small Business,Bank Transfer
TX-13897,2025-12-17,CUST-0177,Whiteboard,Office Supplies,9.0,79.99,West,Corporate,Credit Card
TX-10156,2025-03-17,CUST-0069,Premium Notebook,Office Supplies,4.0,14.57,East,Consumer,Bank Transfer
TX-13022,2025-03-05,CUST-0011,Mechanical Keyboard, accessories,4.0,99.99,West,Consumer,Cash
TX-14729,2025-11-15,CUST-0239,Gel Pens 12-Pack,Office Supplies,1.0,12.99,south,Small Business,Credit Card
TX-10615,2024-11-27,CUST-0295,Pro Laptop,Electronics ,4.0,1200.0,West,Small Business,Cash
TX-10643,2024-02-13,CUST-0126,Laptop Sleeve, accessories,4.0,29.99, North ,Consumer,Credit Card
TX-14646,2024-12-10,CUST-0187,Standing Desk,Office Supplies,1.0,450.0,south,Small Business,Cash
TX-12715,2024-03-05,CUST-0271,Premium Notebook,Office Supplies,1.0,15.5,West,Consumer,Cash
TX-11068,2025-03-18,CUST-0364,Desk Mat, accessories,2.0,25.0,south,Small Business,Bank Transfer
TX-13580,2025-03-03,CUST-0070,Standing Desk,Office Supplies,10.0,450.0,East,Corporate,Credit Card
TX-12858,2024-02-21,CUST-0207,Laptop Sleeve, accessories,5.0,29.99,West,Corporate,Cash
TX-14265,2025-11-27,CUST-0174,Pro Laptop,Electronics ,2.0,1200.0,south,Small Business,Cash
TX-14471,2024-09-28,CUST-0027,Smartwatch,Electronics ,1.0,200.0,south,Small Business,Cash
TX-10330,2024-06-27,CUST-0016,Gel Pens 12-Pack,Office Supplies,2.0,12.99,East,Consumer,Credit Card
TX-12813,2025-12-12,CUST-0338,Wireless Mouse, accessories,2.0,49.99,East,Consumer,PayPal
TX-12685,2024-04-29,CUST-0037,Gel Pens 12-Pack,Office Supplies,2.0,11.69, North ,Small Business,Credit Card
TX-12222,2024-04-20,CUST-0238,Desk Mat, accessories,2.0,20.5,West,Small Business,PayPal
TX-10622,2025-11-10,CUST-0131,Pro Laptop,Electronics ,6.0,1200.0,south,Corporate,PayPal
TX-13809,2024-07-15,CUST-0020,Noise-Cancelling Headphones,Electronics ,9.0,227.5,East,Corporate,PayPal
TX-12357,2025-07-12,CUST-0043,Noise-Cancelling Headphones,Electronics ,4.0,250.0,East,Consumer,PayPal
TX-13469,2025-07-10,CUST-0105,Premium Tablet,Electronics ,4.0,600.0,West,Consumer,Cash
TX-12943,2025-04-19,CUST-0197,Gel Pens 12-Pack,Office Supplies,2.0,12.99,south,Consumer,Cash
TX-12099,2025-03-24,CUST-0069,Premium Tablet,Electronics ,4.0,600.0,East,Consumer,Cash
TX-13882,2024-03-26,CUST-0206,Noise-Cancelling Headphones,Electronics ,2.0,250.0,,Consumer,Credit Card
TX-12749,2024-07-01,CUST-0095,Pro Laptop,Electronics ,1.0,1200.0,south,Consumer,Bank Transfer
TX-10755,2024-02-11,CUST-0324,Desk Mat, accessories,2.0,25.0, North ,Small Business,Credit Card
TX-10518,2025-05-10,,USB-C Multi-Hub, accessories,8.0,39.99, North ,Corporate,PayPal
TX-13857,2025-09-10,CUST-0240,Standing Desk,Office Supplies,9.0,450.0,East,Corporate,Bank Transfer
TX-10032,2025-03-17,CUST-0075,4K Monitor,Electronics ,4.0,329.0, North ,Small Business,PayPal
TX-13192,2025-01-05,CUST-0194,Noise-Cancelling Headphones,Electronics ,3.0,250.0,south,Small Business,PayPal
TX-11157,2025-10-27,CUST-0324,Desk Mat, accessories,3.0,23.5, North ,Small Business,Credit Card
TX-10744,2025-01-02,CUST-0250,Smartwatch,Electronics ,2.0,190.0,East,Consumer,PayPal
TX-11436,2024-01-16,CUST-0369,Pro Laptop,Electronics ,1.0,1104.0,West,Small Business,Credit Card
TX-14991,2025-09-12,CUST-0025,Pro Laptop,Electronics ,2.0,1200.0,East,Small Business,Cash
TX-14600,2025-01-07,CUST-0307,Laptop Sleeve, accessories,3.0,29.99,West,Consumer,Credit Card
TX-12629,2024-10-15,CUST-0223,Noise-Cancelling Headphones,Electronics ,7.0,250.0,south,Corporate,Bank Transfer
TX-10783,2025-10-25,CUST-0364,Premium Tablet,Electronics ,3.0,600.0,south,Small Business,PayPal
TX-11815,2025-12-30,CUST-0374,Laptop Sleeve, accessories,7.0,29.99,,Corporate,Cash
TX-13075,02/15/2025,CUST-0085,Desk Mat, accessories,2.0,25.0, North ,Consumer,Bank Transfer
TX-10229,2025-10-27,CUST-0048,Gel Pens 12-Pack,Office Supplies,4.0,12.34,East,Consumer,Cash
TX-10857,2025-05-15,CUST-0052,Mechanical Keyboard, accessories,3.0,99.99,south,Small Business,Cash
TX-11532,2024-07-23,CUST-0356,4K Monitor,Electronics ,4.0,301.0,West,Consumer,Bank Transfer
TX-12394,2024-02-27,CUST-0195,Ergonomic Chair,Office Supplies,2.0,299.99, North ,Corporate,Credit Card
TX-10408,2025-06-27,CUST-0098,Pro Laptop,Electronics ,2.0,1200.0,south,Small Business,PayPal
TX-10170,2024-07-15,CUST-0127,Whiteboard,Office Supplies,3.0,79.99,south,Consumer,PayPal
TX-10540,2024-02-03,CUST-0202,Mechanical Keyboard, accessories,9.0,99.99,south,Corporate,Credit Card
TX-13299,2024-05-11,CUST-0035,Laptop Sleeve, accessories,3.0,29.99,south,Small Business,Cash
TX-14181,05/31/2024,CUST-0245,Wireless Mouse, accessories,8.0,41.99,West,Corporate,Bank Transfer
TX-12603,2025-06-04,CUST-0147,Desk Mat, accessories,2.0,25.0, North ,Small Business,Cash
TX-10613,2025-12-15,CUST-0247,Mechanical Keyboard, accessories,4.0,99.99,West,Small Business,Cash
TX-11526,2024-04-26,CUST-0020,Gel Pens 12-Pack,Office Supplies,4.0,10.65,East,Corporate,Cash
TX-14874,2024-04-14,CUST-0206,Laptop Sleeve, accessories,2.0,29.99,south,Consumer,Credit Card
TX-13488,2024-09-09,CUST-0187,Premium Tablet,Electronics ,2.0,534.0,south,Small Business,Bank Transfer
TX-11161,2025-07-04,CUST-0095,Ergonomic Chair,Office Supplies,4.0,245.99,south,Consumer,Cash
TX-14373,2024-09-02,CUST-0021,Whiteboard,Office Supplies,3.0,64.79,East,Consumer,Bank Transfer
TX-12561,2024-09-02,CUST-0224,Whiteboard,Office Supplies,4.0,79.99, North ,Small Business,Bank Transfer
TX-12833,2024-08-08,CUST-0026,Ergonomic Chair,Office Supplies,2.0,299.99,East,Small Business,Cash
TX-13691,2025-07-26,CUST-0268,USB-C Multi-Hub, accessories,3.0,39.99,West,Small Business,Cash
TX-11489,2024-10-29,CUST-0367,Wireless Mouse, accessories,4.0,49.99, North ,Consumer,Cash
TX-12229,2025-02-18,CUST-0266,Pro Laptop,Electronics ,3.0,1200.0,,Consumer,Credit Card
TX-10564,2025-05-08,CUST-0277,Pro Laptop,Electronics ,4.0,1200.0,West,Consumer,Bank Transfer
TX-13624,2024-09-03,CUST-0300,Gel Pens 12-Pack,Office Supplies,1.0,12.99,East,Small Business,PayPal
TX-14273,2024-10-02,CUST-0041,Wireless Mouse, accessories,4.0,49.99,East,Small Business,PayPal
TX-11839,2024-11-22,CUST-0059,Premium Tablet,Electronics ,1.0,534.0,south,Small Business,PayPal
TX-11507,2024-01-22,CUST-0195,Noise-Cancelling Headphones,Electronics ,7.0,250.0, North ,Corporate,Credit Card
TX-13548,2025-04-19,CUST-0321,Pro Laptop,Electronics ,2.0,1116.0, North ,Small Business,PayPal
TX-11434,2025-09-22,CUST-0189,Standing Desk,Office Supplies,7.0,450.0,south,Corporate,Cash
TX-14958,2024-03-22,CUST-0184,Gel Pens 12-Pack,Office Supplies,3.0,12.99,West,Small Business,Credit Card
TX-13527,2025-08-08,CUST-0156,Premium Notebook,Office Supplies,9.0,15.5,East,Corporate,Credit Card
TX-14399,2025-08-23,CUST-0245,USB-C Multi-Hub, accessories,2.0,35.99,West,Corporate,Credit Card
TX-13954,2024-04-23,CUST-0159,Noise-Cancelling Headphones,Electronics ,4.0,250.0, North ,Consumer,PayPal
TX-12519,2024-09-03,CUST-0215,Mechanical Keyboard, accessories,1.0,99.99,East,Consumer,PayPal
TX-11419,2024-05-23,CUST-0003,Gel Pens 12-Pack,Office Supplies,1.0,10.91,south,Consumer,Bank Transfer
TX-11172,2024-11-19,CUST-0223,Ergonomic Chair,Office Supplies,5.0,299.99,south,Corporate,Credit Card
TX-12086,2024-05-07,CUST-0362,Premium Notebook,Office Supplies,4.0,15.5,south,Small Business,Credit Card
TX-10325,2024-05-13,CUST-0122,Premium Notebook,Office Supplies,7.0,15.5,East,Corporate,Cash
TX-11051,2024-10-28,CUST-0263,Wireless Mouse, accessories,3.0,46.99,West,Consumer,PayPal
TX-12988,2024-09-08,CUST-0084,Standing Desk,Office Supplies,4.0,450.0,south,Small Business,PayPal
TX-13425,2024-08-02,CUST-0244,Smartwatch,Electronics ,5.0,200.0,East,Corporate,PayPal
TX-12927,2024-05-01,CUST-0126,USB-C Multi-Hub, accessories,2.0,39.99, North ,Consumer,Credit Card
TX-11480,2025-04-09,CUST-0195,Gel Pens 12-Pack,Office Supplies,4.0,12.99, North ,Corporate,Bank Transfer
TX-13196,2024-01-03,CUST-0221,Pro Laptop,Electronics ,2.0,1200.0,East,Corporate,PayPal
TX-11196,2024-03-27,CUST-0271,Mechanical Keyboard, accessories,4.0,99.99,West,Consumer,Credit Card
TX-10620,2024-01-24,CUST-0170,4K Monitor,Electronics ,2.0,350.0,East,Consumer,PayPal
TX-11551,2024-05-14,CUST-0043,Ergonomic Chair,Office Supplies,1.0,299.99,East,Consumer,Cash
TX-12921,2025-05-17,CUST-0275,Smartwatch,Electronics ,3.0,164.0,West,Small Business,PayPal
TX-11189,2025-11-21,CUST-0392,Mechanical Keyboard, accessories,2.0,99.99, North ,Small Business,Credit Card
TX-10328,2024-05-02,CUST-0047,Noise-Cancelling Headphones,Electronics ,1.0,250.0,south,Small Business,PayPal
TX-10648,2025-12-30,CUST-0233,Noise-Cancelling Headphones,Electronics ,7.0,250.0,West,Corporate,PayPal
TX-10897,2024-11-27,CUST-0204,Mechanical Keyboard, accessories,8.0,99.99, North ,Corporate,Cash
TX-11504,2024-09-23,CUST-0028,Gel Pens 12-Pack,Office Supplies,2.0,12.99, North ,Consumer,Bank Transfer
TX-11123,2024-05-07,CUST-0142,Noise-Cancelling Headphones,Electronics ,,250.0,south,Consumer,PayPal
TX-13375,11/04/2024,CUST-0057,Desk Mat, accessories,1.0,21.25,West,Consumer,Bank Transfer
TX-14670,2025-10-27,CUST-0331,Noise-Cancelling Headphones,Electronics ,8.0,202.5,West,Corporate,Cash
TX-12807,2025-09-30,CUST-0357,Premium Notebook,Office Supplies,5.0,15.5,East,Corporate,Bank Transfer
TX-11433,2025-01-21,CUST-0357,Smartwatch,Electronics ,8.0,186.0,East,Corporate,PayPal
TX-11965,2025-03-13,CUST-0322,Whiteboard,Office Supplies,1.0,79.99,south,Consumer,Cash
TX-11789,2025-10-17,CUST-0024,Standing Desk,Office Supplies,1.0,409.5, North ,Small Business,Bank Transfer
TX-13360,2024-10-07,CUST-0052,Ergonomic Chair,Office Supplies,3.0,299.99,south,Small Business,Credit Card
TX-12177,2025-02-08,CUST-0381,4K Monitor,Electronics ,3.0,350.0,West,Corporate,Credit Card
TX-14594,2024-08-29,CUST-0012,Ergonomic Chair,Office Supplies,3.0,299.99,West,Small Business,Bank Transfer
TX-14442,2025-03-17,CUST-0030,Wireless Mouse, accessories,2.0,44.49, North ,Consumer,Cash
TX-11023,2025-07-26,CUST-0196,Ergonomic Chair,Office Supplies,4.0,299.99,West,Small Business,PayPal
TX-12021,2025-12-15,CUST-0186,Gel Pens 12-Pack,Office Supplies,4.0,12.99, North ,Small Business,Bank Transfer
TX-12423,2025-12-17,CUST-0380,4K Monitor,Electronics ,1.0,350.0,south,Small Business,Cash
TX-12503,2024-09-06,CUST-0192,Laptop Sleeve, accessories,7.0,26.69, North ,Corporate,PayPal
TX-11432,2025-01-23,CUST-0350,Wireless Mouse, accessories,4.0,49.99,south,Consumer,Credit Card
TX-11513,2025-12-21,CUST-0008,Laptop Sleeve, accessories,2.0,29.99,south,Consumer,Credit Card
TX-10809,2025-06-21,CUST-0034,Desk Mat, accessories,3.0,25.0,East,Corporate,Credit Card
TX-12892,2025-07-25,CUST-0216,Smartwatch,Electronics ,8.0,180.0, North ,Corporate,PayPal
TX-10978,2024-11-08,CUST-0111,Smartwatch,Electronics ,2.0,200.0,West,Corporate,Credit Card
TX-13699,2025-09-28,CUST-0043,Pro Laptop,Electronics ,2.0,1200.0,East,Consumer,Bank Transfer
TX-14219,2024-08-18,CUST-0281,USB-C Multi-Hub, accessories,4.0,39.99, North ,Consumer,Cash
TX-11726,2024-09-05,CUST-0201,Smartwatch,Electronics ,8.0,200.0,East,Corporate,PayPal
TX-12526,2025-04-26,CUST-0354,Smartwatch,Electronics ,10.0,200.0, North ,Corporate,Credit Card
TX-12267,2025-06-23,CUST-0286,Gel Pens 12-Pack,Office Supplies,4.0,12.99,West,Corporate,PayPal
TX-12436,2025-01-30,CUST-0237,Gel Pens 12-Pack,Office Supplies,1.0,12.99,West,Small Business,Credit Card
TX-11833,2024-02-23,CUST-0333,Noise-Cancelling Headphones,Electronics ,3.0,250.0,south,Consumer,Cash
TX-12024,2024-02-01,CUST-0171,Ergonomic Chair,Office Supplies,3.0,299.99, North ,Small Business,PayPal
TX-12197,2024-12-18,CUST-0340,Premium Tablet,Electronics ,8.0,498.0,West,Corporate,Bank Transfer
TX-10174,2025-11-02,CUST-0104,USB-C Multi-Hub, accessories,10.0,34.39,south,Corporate,Bank Transfer
TX-11592,2025-09-21,CUST-0233,Ergonomic Chair,Office Supplies,9.0,245.99,West,Corporate,Bank Transfer
TX-13893,2025-01-21,CUST-0294,Noise-Cancelling Headphones,Electronics ,3.0,250.0,East,Corporate,Credit Card
TX-14016,2024-12-25,CUST-0188,Standing Desk,Office Supplies,6.0,450.0, North ,Corporate,PayPal
TX-14487,2025-12-09,CUST-0135,Gel Pens 12-Pack,Office Supplies,4.0,12.99,West,Consumer,PayPal
TX-10217,2025-07-30,CUST-0114,Mechanical Keyboard, accessories,1.0,99.99, North ,Small Business,Bank Transfer
TX-13970,2024-11-09,CUST-0125,USB-C Multi-Hub, accessories,4.0,39.99, North ,Consumer,Cash
TX-13774,2025-05-23,CUST-0294,Wireless Mouse, accessories,2.0,49.99,East,Corporate,Credit Card
TX-10690,2024-05-27,CUST-0316,Premium Notebook,Office Supplies,8.0,15.5, North ,Corporate,PayPal
TX-12615,2025-10-14,CUST-0324,Laptop Sleeve, accessories,3.0,28.19, North ,Small Business,PayPal
TX-12264,2025-10-20,CUST-0146,Pro Laptop,Electronics ,7.0,1200.0,south,Corporate,PayPal
TX-12269,08/20/2025,CUST-0260,Gel Pens 12-Pack,Office Supplies,4.0,12.99,West,Consumer,Bank Transfer
TX-11106,2025-03-13,CUST-0043,Whiteboard,Office Supplies,2.0,79.99,East,Consumer,PayPal
TX-12110,2024-02-14,CUST-0105,Gel Pens 12-Pack,Office Supplies,1.0,12.99,West,Consumer,Credit Card
TX-12683,2025-08-03,CUST-0215,Smartwatch,Electronics ,3.0,172.0,East,Consumer,Credit Card
TX-11566,2024-09-21,CUST-0134,Pro Laptop,Electronics ,10.0,1200.0,East,Corporate,PayPal
TX-10611,2025-02-07,CUST-0076,Noise-Cancelling Headphones,Electronics ,1.0,250.0,East,Small Business,Cash
TX-13289,2024-01-31,CUST-0295,Laptop Sleeve, accessories,4.0,24.59,West,Small Business,PayPal
TX-13765,2025-07-16,CUST-0156,USB-C Multi-Hub, accessories,7.0,39.99,East,Corporate,Cash
TX-10576,2025-03-29,CUST-0018,Smartwatch,Electronics ,1.0,200.0, North ,Consumer,PayPal
TX-12092,2025-06-15,CUST-0228,Mechanical Keyboard, accessories,2.0,99.99,East,Small Business,PayPal
TX-14461,2025-06-11,CUST-0161,Ergonomic Chair,Office Supplies,1.0,299.99,East,Consumer,PayPal
TX-11180,2024-09-30,CUST-0028,USB-C Multi-Hub, accessories,2.0,39.99, North ,Consumer,Cash
TX-10888,2024-05-16,CUST-0134,4K Monitor,Electronics ,7.0,311.5,East,Corporate,Bank Transfer
TX-14122,2024-01-24,CUST-0282,Standing Desk,Office Supplies,4.0,450.0,south,Consumer,Bank Transfer
TX-12986,2024-08-19,CUST-0173,Premium Notebook,Office Supplies,1.0,15.5,East,Small Business,PayPal
TX-12702,2025-06-10,CUST-0358,Pro Laptop,Electronics ,10.0,984.0,East,Corporate,Credit Card
TX-10817,2024-12-30,CUST-0272,Wireless Mouse, accessories,10.0,49.99,West,Corporate,PayPal
TX-14161,2025-08-05,CUST-0005,Wireless Mouse, accessories,4.0,49.99, North ,Small Business,PayPal
TX-11907,2024-01-14,CUST-0023,Wireless Mouse, accessories,6.0,49.99, North ,Corporate,Bank Transfer
TX-10208,2024-07-07,CUST-0243,Premium Tablet,Electronics ,3.0,600.0,West,Small Business,PayPal
TX-10293,2024-04-01,CUST-0375,Pro Laptop,Electronics ,7.0,1200.0,East,Corporate,Bank Transfer
TX-11119,2024-01-02,CUST-0050,Smartwatch,Electronics ,4.0,200.0,West,Consumer,Bank Transfer
TX-12244,2024-05-12,CUST-0296,Smartwatch,Electronics ,2.0,200.0,south,Corporate,Bank Transfer
TX-11650,2024-03-06,CUST-0068,USB-C Multi-Hub, accessories,1.0,39.99,East,Small Business,PayPal
TX-11264,2025-02-14,CUST-0317,Premium Tablet,Electronics ,4.0,600.0,south,Small Business,PayPal
TX-10990,2025-07-08,CUST-0087,Standing Desk,Office Supplies,2.0,450.0,south,Consumer,Bank Transfer
TX-12305,2024-12-21,CUST-0108,Laptop Sleeve, accessories,3.0,29.99,West,Corporate,Credit Card
TX-14222,2025-05-23,CUST-0285,USB-C Multi-Hub, accessories,1.0,37.59,south,Consumer,PayPal
TX-12409,2025-10-15,CUST-0039,Pro Laptop,Electronics ,2.0,1200.0,south,Consumer,Credit Card
TX-10353,2024-08-31,CUST-0164,Pro Laptop,Electronics ,3.0,1104.0,East,Consumer,Cash
TX-12550,2024-05-17,CUST-0223,Pro Laptop,Electronics ,6.0,1200.0,,Corporate,PayPal
TX-13833,2025-07-31,CUST-0090,Pro Laptop,Electronics ,3.0,1200.0,West,Consumer,Credit Card
TX-14324,2024-09-11,CUST-0140,Whiteboard,Office Supplies,3.0,70.39, North ,Small Business,Cash
TX-12591,2024-05-03,CUST-0392,Mechanical Keyboard, accessories,2.0,94.99, North ,Small Business,Cash
TX-10333,2025-10-23,CUST-0066,Noise-Cancelling Headphones,Electronics ,1.0,250.0,,Small Business,Credit Card
TX-11228,2025-02-22,CUST-0151,Ergonomic Chair,Office Supplies,2.0,299.99,East,Corporate,Bank Transfer
TX-10259,2024-07-30,,Premium Notebook,Office Supplies,4.0,15.5,West,Consumer,Credit Card
TX-11697,2025-08-01,CUST-0005,4K Monitor,Electronics ,2.0,350.0, North ,Small Business,PayPal
TX-11876,2024-05-31,CUST-0229,Desk Mat, accessories,2.0,25.0,East,Small Business,Cash
TX-14768,2024-01-05,CUST-0251,Smartwatch,Electronics ,2.0,200.0,south,Small Business,Bank Transfer
TX-11813,2025-02-19,CUST-0216,Gel Pens 12-Pack,Office Supplies,9.0,12.99, North ,Corporate,Cash
TX-14992,2025-09-13,CUST-0348,USB-C Multi-Hub, accessories,2.0,32.39,West,Small Business,Credit Card
TX-10052,2024-08-29,CUST-0186,Noise-Cancelling Headphones,Electronics ,3.0,250.0, North ,Small Business,Credit Card
TX-12227,2025-04-05,,Whiteboard,Office Supplies,4.0,79.99,West,Small Business,Cash
TX-11888,2025-11-16,CUST-0035,Premium Tablet,Electronics ,1.0,600.0,south,Small Business,PayPal
TX-12224,2025-03-05,CUST-0088,Laptop Sleeve, accessories,3.0,29.99,West,Small Business,Cash
TX-12441,2025-08-25,CUST-0162,Wireless Mouse, accessories,1.0,41.49,East,Consumer,Credit Card
TX-13252,2025-07-11,CUST-0277,Wireless Mouse, accessories,4.0,49.99,West,Consumer,PayPal
TX-14271,2025-12-20,CUST-0242,4K Monitor,Electronics ,4.0,350.0,,Consumer,Cash
TX-11479,2025-08-26,CUST-0261,Premium Tablet,Electronics ,1.0,600.0,south,Small Business,Bank Transfer
TX-11033,2025-04-22,CUST-0320,Premium Tablet,Electronics ,4.0,600.0,south,Consumer,Bank Transfer
TX-11097,2024-12-02,CUST-0330,4K Monitor,Electronics ,8.0,350.0, North ,Corporate,Bank Transfer
TX-11469,2024-12-26,CUST-0040,Gel Pens 12-Pack,Office Supplies,5.0,12.99,West,Corporate,Cash
TX-10543,2025-04-27,CUST-0176,Standing Desk,Office Supplies,4.0,450.0,East,Small Business,Cash
TX-11046,2024-07-26,CUST-0232,Smartwatch,Electronics ,2.0,200.0,East,Small Business,Bank Transfer
TX-11942,2024-07-10,CUST-0341,Smartwatch,Electronics ,10.0,200.0, North ,Corporate,Bank Transfer
TX-11612,2025-04-23,CUST-0016,4K Monitor,Electronics ,2.0,350.0,East,Consumer,Bank Transfer
TX-10030,2024-10-21,CUST-0383,Smartwatch,Electronics ,3.0,200.0,south,Corporate,Credit Card
TX-10725,2024-11-19,CUST-0350,Pro Laptop,Electronics ,3.0,1200.0,south,Consumer,Cash
TX-13200,2025-09-04,CUST-0040,Whiteboard,Office Supplies,10.0,67.19,West,Corporate,Cash
TX-14144,2025-04-19,CUST-0279,Laptop Sleeve, accessories,4.0,28.19,East,Corporate,Cash
TX-13959,2025-01-20,CUST-0186,Ergonomic Chair,Office Supplies,3.0,299.99, North ,Small Business,Cash
TX-11426,2024-02-03,CUST-0134,Noise-Cancelling Headphones,Electronics ,2.0,250.0,East,Corporate,PayPal
TX-13414,2025-04-15,CUST-0397,Standing Desk,Office Supplies,3.0,450.0,West,Consumer,Credit Card
TX-10436,2024-01-19,CUST-0053,Gel Pens 12-Pack,Office Supplies,1.0,12.99,East,Small Business,Credit Card
TX-12505,2025-03-14,CUST-0281,Pro Laptop,Electronics ,4.0,1200.0, North ,Consumer,Cash
TX-10912,2024-06-06,CUST-0015,Smartwatch,Electronics ,9.0,200.0,West,Corporate,Cash
TX-14247,2025-04-14,CUST-0094,Premium Notebook,Office Supplies,1.0,15.5,West,Consumer,Bank Transfer
TX-14189,2025-01-21,CUST-0370,Mechanical Keyboard, accessories,8.0,84.99,south,Corporate,Credit Card
TX-14538,2025-04-05,CUST-0368,Premium Tablet,Electronics ,2.0,600.0,East,Consumer,Credit Card
TX-13379,2025-05-23,CUST-0379,Ergonomic Chair,Office Supplies,1.0,299.99,south,Consumer,PayPal
TX-12319,2024-03-08,CUST-0380,Wireless Mouse, accessories,2.0,42.49,south,Small Business,Bank Transfer
TX-13007,2024-02-28,,Gel Pens 12-Pack,Office Supplies,3.0,12.99, North ,Consumer,Cash
TX-11238,2024-03-28,CUST-0104,Smartwatch,Electronics ,9.0,200.0,south,Corporate,PayPal
TX-10903,2024-11-16,CUST-0144,USB-C Multi-Hub, accessories,4.0,39.99, North ,Small Business,Bank Transfer
TX-13773,2025-08-05,CUST-0399,Standing Desk,Office Supplies,1.0,450.0,West,Consumer,PayPal
TX-14603,2025-02-18,CUST-0329,Ergonomic Chair,Office Supplies,1.0,299.99,East,Consumer,Cash
TX-11543,2025-07-27,,Ergonomic Chair,Office Supplies,4.0,245.99,West,Consumer,Bank Transfer
TX-10507,2025-02-24,CUST-0308,4K Monitor,Electronics ,4.0,297.5, North ,Corporate,Bank Transfer
TX-13269,2024-11-11,CUST-0027,Wireless Mouse, accessories,2.0,49.99,south,Small Business,PayPal
TX-10183,2025-08-04,CUST-0346,Premium Tablet,Electronics ,4.0,600.0,East,Small Business,Cash
TX-12991,2025-09-04,CUST-0202,Whiteboard,Office Supplies,4.0,72.79,south,Corporate,Credit Card
TX-11497,2025-09-20,CUST-0299,Noise-Cancelling Headphones,Electronics ,9.0,250.0, North ,Corporate,PayPal
TX-11873,2025-09-03,CUST-0310,Noise-Cancelling Headphones,Electronics ,2.0,250.0,south,Corporate,PayPal
TX-10321,2025-01-20,,USB-C Multi-Hub, accessories,1.0,39.99, North ,Small Business,PayPal
TX-11831,2025-05-21,CUST-0009,Laptop Sleeve, accessories,4.0,29.99,,Small Business,PayPal
TX-13501,2025-08-19,CUST-0324,Ergonomic Chair,Office Supplies,4.0,299.99, North ,Small Business,Bank Transfer
TX-11803,2025-10-21,CUST-0079,Whiteboard,Office Supplies,1.0,73.59, North ,Small Business,PayPal
TX-14801,2025-04-18,CUST-0071,Premium Notebook,Office Supplies,4.0,15.5,south,Corporate,Cash
TX-14415,2025-03-26,CUST-0052,Laptop Sleeve, accessories,3.0,29.99,south,Small Business,Credit Card
TX-13470,2025-01-25,CUST-0261,4K Monitor,Electronics ,4.0,350.0,south,Small Business,Cash
TX-12144,2024-11-25,CUST-0026,Premium Notebook,Office Supplies,2.0,15.5,East,Small Business,Cash
TX-14463,12/28/2024,CUST-0278,Noise-Cancelling Headphones,Electronics ,1.0,250.0,East,Consumer,Cash
TX-11146,2024-06-05,CUST-0367,Premium Tablet,Electronics ,1.0,600.0, North ,Consumer,PayPal
TX-12098,2025-04-05,CUST-0142,Gel Pens 12-Pack,Office Supplies,3.0,12.99,south,Consumer,PayPal
TX-10044,2024-05-24,CUST-0387,Smartwatch,Electronics ,10.0,178.0,south,Corporate,Bank Transfer
TX-14080,2025-12-15,CUST-0286,Mechanical Keyboard, accessories,7.0,99.99,West,Corporate,Bank Transfer
TX-11862,2025-05-21,CUST-0111,Gel Pens 12-Pack,Office Supplies,,12.99,West,Corporate,Bank Transfer
TX-11869,2024-03-24,CUST-0237,USB-C Multi-Hub, accessories,1.0,39.99,West,Small Business,Cash
TX-11378,2025-02-04,CUST-0302,Premium Notebook,Office Supplies,6.0,13.48,south,Corporate,PayPal
TX-11808,2025-10-05,CUST-0333,Whiteboard,Office Supplies,4.0,79.99,south,Consumer,Bank Transfer
TX-13592,2024-08-31,CUST-0131,Smartwatch,Electronics ,7.0,200.0,south,Corporate,Bank Transfer
TX-10413,2025-08-26,CUST-0259,Pro Laptop,Electronics ,7.0,1200.0,West,Corporate,Credit Card
TX-13919,06/16/2024,CUST-0351,Pro Laptop,Electronics ,4.0,1200.0,East,Corporate,PayPal
TX-11407,2024-06-11,CUST-0184,Laptop Sleeve, accessories,2.0,29.99,West,Small Business,Bank Transfer
TX-13911,2024-08-03,CUST-0173,Ergonomic Chair,Office Supplies,2.0,299.99,East,Small Business,Credit Card
TX-10801,2024-02-11,CUST-0283,Noise-Cancelling Headphones,Electronics ,1.0,250.0,West,Small Business,Cash
TX-11288,2025-05-12,CUST-0109,Desk Mat, accessories,1.0,25.0,south,Consumer,Bank Transfer
TX-13320,2024-09-19,CUST-0164,Laptop Sleeve, accessories,2.0,24.59,East,Consumer,Credit Card
TX-12829,2024-09-18,CUST-0295,Standing Desk,Office Supplies,2.0,450.0,West,Small Business,PayPal
TX-14544,2025-02-14,CUST-0338,Ergonomic Chair,Office Supplies,3.0,299.99,East,Consumer,Bank Transfer
TX-13408,2025-01-02,CUST-0079,Laptop Sleeve, accessories,4.0,29.99, North ,Small Business,Credit Card
TX-10256,2025-06-15,CUST-0353,Mechanical Keyboard, accessories,9.0,99.99,West,Corporate,Bank Transfer
TX-14856,2024-03-10,CUST-0089,Gel Pens 12-Pack,Office Supplies,3.0,12.99,south,Corporate,Cash
TX-13676,2024-12-25,CUST-0318,Wireless Mouse, accessories,2.0,44.99, North ,Small Business,Cash
TX-11151,2025-03-28,CUST-0357,Premium Notebook,Office Supplies,4.0,15.5,East,Corporate,PayPal
TX-12333,2024-04-12,CUST-0231,Premium Notebook,Office Supplies,1.0,9999.99,East,Small Business,Cash
TX-10647,2025-12-13,,Ergonomic Chair,Office Supplies,2.0,299.99,East,Small Business,Cash
TX-14707,2025-02-26,CUST-0384,USB-C Multi-Hub, accessories,7.0,39.99,south,Corporate,Credit Card
TX-13429,2025-05-16,CUST-0310,Ergonomic Chair,Office Supplies,2.0,284.99,south,Corporate,Credit Card
TX-14589,2024-05-19,CUST-0101,Laptop Sleeve, accessories,4.0,25.79, North ,Consumer,Bank Transfer
TX-13822,2025-07-16,CUST-0072,Premium Tablet,Electronics ,4.0,600.0, North ,Small Business,PayPal
TX-11315,2024-07-27,CUST-0014,Ergonomic Chair,Office Supplies,2.0,299.99,south,Small Business,Credit Card
TX-11088,2024-05-03,CUST-0119,Pro Laptop,Electronics ,3.0,1068.0,south,Small Business,Bank Transfer
TX-12016,2024-12-16,CUST-0191,Premium Notebook,Office Supplies,10.0,15.5,East,Corporate,Bank Transfer
TX-13519,2024-05-26,CUST-0059,Standing Desk,Office Supplies,1.0,450.0,south,Small Business,PayPal
TX-11743,2024-02-18,CUST-0358,USB-C Multi-Hub, accessories,4.0,39.99,East,Corporate,PayPal
TX-11350,2025-02-27,CUST-0327,Ergonomic Chair,Office Supplies,2.0,299.99,south,Small Business,Cash
TX-12535,2024-05-14,CUST-0067,Desk Mat, accessories,4.0,25.0, North ,Small Business,Bank Transfer
TX-10112,2025-04-28,CUST-0357,Smartwatch,Electronics ,9.0,200.0,East,Corporate,Credit Card
TX-13179,2024-05-16,CUST-0165,Premium Tablet,Electronics ,4.0,600.0,West,Small Business,Cash
TX-10263,2025-03-18,CUST-0203,4K Monitor,Electronics ,2.0,350.0,south,Small Business,Cash
TX-11393,2025-08-02,CUST-0028,Standing Desk,Office Supplies,4.0,450.0, North ,Consumer,Credit Card
TX-11926,2024-02-02,CUST-0256,Premium Notebook,Office Supplies,2.0,15.5, North ,Corporate,Bank Transfer
TX-11186,2025-11-24,CUST-0358,Smartwatch,Electronics ,2.0,200.0,East,Corporate,PayPal
TX-12384,03/07/2024,CUST-0396,Mechanical Keyboard, accessories,6.0,99.99, North ,Corporate,Credit Card
TX-10056,2024-05-28,CUST-0067,USB-C Multi-Hub, accessories,2.0,39.99, North ,Small Business,Credit Card
TX-11309,2024-08-17,,USB-C Multi-Hub, accessories,3.0,39.99, North ,Small Business,Cash
TX-10695,2024-12-14,CUST-0223,USB-C Multi-Hub, accessories,10.0,33.99,south,Corporate,PayPal
TX-14228,2024-12-23,CUST-0109,Premium Notebook,Office Supplies,1.0,12.71,south,Consumer,Bank Transfer
TX-13453,2024-10-13,CUST-0128,Premium Notebook,Office Supplies,8.0,15.5,West,Corporate,Bank Transfer
TX-11769,2024-04-08,CUST-0160,Standing Desk,Office Supplies,4.0,450.0,south,Small Business,Bank Transfer
TX-11962,2025-02-05,CUST-0248,USB-C Multi-Hub, accessories,4.0,34.39,south,Small Business,Bank Transfer
TX-13630,2024-04-09,CUST-0351,Standing Desk,Office Supplies,3.0,391.5,East,Corporate,Bank Transfer
TX-10319,2025-05-20,CUST-0396,4K Monitor,Electronics ,5.0,311.5, North ,Corporate,PayPal
TX-12318,2025-01-19,CUST-0303,Noise-Cancelling Headphones,Electronics ,3.0,250.0,south,Small Business,Cash
TX-11589,2024-09-21,CUST-0060,Desk Mat, accessories,3.0,25.0,south,Small Business,Cash
TX-10682,2024-08-02,CUST-0165,Premium Tablet,Electronics ,3.0,600.0,West,Small Business,Bank Transfer
TX-12347,2024-11-18,CUST-0034,Standing Desk,Office Supplies,2.0,450.0,East,Corporate,Bank Transfer
TX-14691,2025-01-10,CUST-0064,Pro Laptop,Electronics ,4.0,1008.0,West,Small Business,Credit Card
TX-10479,2025-07-04,CUST-0281,Noise-Cancelling Headphones,Electronics ,2.0,250.0, North ,Consumer,Bank Transfer
TX-13559,2025-06-10,CUST-0102,USB-C Multi-Hub, accessories,2.0,39.99, North ,Consumer,Bank Transfer
TX-12895,2024-05-13,CUST-0142,4K Monitor,Electronics ,4.0,350.0,south,Consumer,Cash
TX-10286,2024-05-13,CUST-0290,Premium Notebook,Office Supplies,2.0,12.87,West,Corporate,Credit Card
TX-13036,2024-01-12,CUST-0085,Premium Notebook,Office Supplies,3.0,15.5, North ,Consumer,PayPal
TX-12154,2024-11-13,CUST-0129,Smartwatch,Electronics ,1.0,200.0,West,Consumer,Cash
TX-12447,2025-08-28,CUST-0138,Desk Mat, accessories,1.0,25.0, North ,Small Business,Credit Card
TX-12295,2024-09-10,CUST-0011,USB-C Multi-Hub, accessories,3.0,39.99,West,Consumer,Bank Transfer
TX-12366,02/21/2024,CUST-0137,4K Monitor,Electronics ,3.0,350.0,south,Consumer,PayPal
TX-13551,2024-06-14,CUST-0117,Smartwatch,Electronics ,2.0,200.0,East,Consumer,Credit Card
TX-11598,2025-06-20,CUST-0292,Ergonomic Chair,Office Supplies,3.0,299.99,West,Corporate,Bank Transfer
TX-14128,2024-05-12,,4K Monitor,Electronics ,5.0,350.0,East,Corporate,Credit Card
TX-13137,2025-09-11,CUST-0286,Ergonomic Chair,Office Supplies,4.0,299.99,West,Corporate,Credit Card
TX-10736,2024-08-11,CUST-0055,Premium Notebook,Office Supplies,3.0,13.33,West,Corporate,Credit Card
TX-11777,2025-09-09,CUST-0080,USB-C Multi-Hub, accessories,9.0,39.99,East,Corporate,Cash
TX-10336,2024-06-01,CUST-0318,Mechanical Keyboard, accessories,3.0,99.99,,Small Business,Cash
TX-12417,2025-02-11,CUST-0392,Premium Tablet,Electronics ,3.0,600.0,,Small Business,PayPal
TX-14478,2025-08-20,CUST-0382,Desk Mat, accessories,2.0,25.0,East,Consumer,Credit Card
TX-12680,2024-11-16,CUST-0132,Mechanical Keyboard, accessories,8.0,99.99, North ,Corporate,Cash
TX-14430,2025-08-02,CUST-0124,Desk Mat, accessories,3.0,25.0,West,Small Business,PayPal
TX-11071,2025-05-17,CUST-0295,Pro Laptop,Electronics ,3.0,1200.0,West,Small Business,Cash
TX-13810,2024-05-09,CUST-0269,Whiteboard,Office Supplies,5.0,79.99,East,Corporate,Bank Transfer
TX-11714,2024-04-30,CUST-0382,Whiteboard,Office Supplies,3.0,79.99,East,Consumer,Bank Transfer
TX-12323,2024-02-25,CUST-0186,Mechanical Keyboard, accessories,4.0,99.99, North ,Small Business,PayPal
TX-12633,2025-11-23,CUST-0088,Premium Tablet,Electronics ,1.0,600.0,West,Small Business,Bank Transfer
TX-14374,2024-10-22,CUST-0327,Noise-Cancelling Headphones,Electronics ,3.0,250.0,south,Small Business,PayPal
TX-14397,2025-02-08,CUST-0069,Gel Pens 12-Pack,Office Supplies,4.0,12.99,East,Consumer,Bank Transfer
TX-14230,2025-02-08,CUST-0395,Laptop Sleeve, accessories,4.0,29.99,East,Consumer,Cash
TX-11488,2024-01-27,CUST-0145,Desk Mat, accessories,4.0,25.0, North ,Small Business,PayPal
TX-10498,2025-01-22,CUST-0188,Wireless Mouse, accessories,10.0,49.99, North ,Corporate,Bank Transfer
TX-14370,2024-06-15,CUST-0375,Laptop Sleeve, accessories,9.0,29.99,East,Corporate,Credit Card
TX-14826,2025-06-29,CUST-0010,Smartwatch,Electronics ,3.0,200.0,south,Small Business,Bank Transfer
TX-14351,2024-01-23,CUST-0171,Premium Notebook,Office Supplies,3.0,15.5, North ,Small Business,Cash
TX-12372,2024-09-28,CUST-0220,Noise-Cancelling Headphones,Electronics ,9.0,220.0,West,Corporate,Bank Transfer
TX-14135,2024-10-24,CUST-0170,Wireless Mouse, accessories,1.0,49.99,East,Consumer,Bank Transfer
TX-14550,2024-12-12,CUST-0186,Laptop Sleeve, accessories,3.0,25.79, North ,Small Business,Bank Transfer
TX-13323,2024-02-18,CUST-0072,Wireless Mouse, accessories,1.0,49.99, North ,Small Business,Credit Card
TX-11610,2024-09-18,CUST-0207,4K Monitor,Electronics ,3.0,350.0,West,Corporate,Cash
TX-12186,2025-12-08,CUST-0311,4K Monitor,Electronics ,7.0,350.0,East,Corporate,Credit Card
TX-13914,2025-02-23,CUST-0244,4K Monitor,Electronics ,9.0,350.0,East,Corporate,Cash
TX-14634,2024-12-03,CUST-0394,Gel Pens 12-Pack,Office Supplies,9.0,12.99,West,Corporate,Bank Transfer
TX-11022,2025-12-11,CUST-0032,Ergonomic Chair,Office Supplies,6.0,254.99,East,Corporate,Cash
TX-12314,2025-03-17,CUST-0195,Standing Desk,Office Supplies,10.0,450.0, North ,Corporate,Credit Card
TX-14916,2024-08-15,CUST-0016,Laptop Sleeve, accessories,3.0,29.99,East,Consumer,Credit Card
TX-12036,2024-11-12,CUST-0108,Smartwatch,Electronics ,4.0,188.0,West,Corporate,PayPal
TX-14812,2025-08-15,CUST-0184,4K Monitor,Electronics ,3.0,350.0,West,Small Business,Bank Transfer
TX-12059,2024-11-12,CUST-0355,Wireless Mouse, accessories,1.0,49.99,East,Consumer,PayPal
TX-10665,2024-11-20,CUST-0295,USB-C Multi-Hub, accessories,2.0,39.99,West,Small Business,Cash
TX-13988,2025-12-16,CUST-0078,USB-C Multi-Hub, accessories,3.0,39.99,East,Consumer,Cash
TX-12677,2025-10-23,CUST-0099,Pro Laptop,Electronics ,2.0,1200.0,south,Consumer,PayPal
TX-14541,2024-09-24,CUST-0391,Standing Desk,Office Supplies,4.0,450.0,West,Consumer,Bank Transfer
TX-14291,2025-07-16,CUST-0320,Noise-Cancelling Headphones,Electronics ,1.0,250.0,south,Consumer,Credit Card
TX-14579,2024-06-22,CUST-0003,USB-C Multi-Hub, accessories,4.0,39.99,south,Consumer,Bank Transfer
TX-11017,2024-01-26,CUST-0378,Smartwatch,Electronics ,1.0,180.0, North ,Small Business,PayPal
TX-10557,2024-05-08,CUST-0373,Noise-Cancelling Headphones,Electronics ,3.0,232.5,East,Corporate,PayPal
TX-13973,2024-01-11,CUST-0022,Mechanical Keyboard, accessories,2.0,99.99,West,Small Business,Credit Card
TX-11207,2024-04-15,CUST-0359,Laptop Sleeve, accessories,2.0,29.99,East,Small Business,PayPal
TX-12052,2025-06-27,CUST-0118,Premium Tablet,Electronics ,4.0,600.0,south,Consumer,PayPal
TX-14623,2024-04-17,CUST-0192,4K Monitor,Electronics ,4.0,297.5, North ,Corporate,Cash
TX-12164,2024-05-06,CUST-0279,4K Monitor,Electronics ,5.0,350.0,East,Corporate,PayPal
TX-11510,2024-02-06,CUST-0011,Wireless Mouse, accessories,4.0,45.49,West,Consumer,Cash
TX-11779,2024-09-02,CUST-0252,Smartwatch,Electronics ,1.0,160.0,East,Consumer,Bank Transfer
TX-10245,2025-02-09,CUST-0318,Premium Notebook,Office Supplies,4.0,15.5, North ,Small Business,Bank Transfer
TX-11163,2025-12-12,CUST-0229,Ergonomic Chair,Office Supplies,1.0,299.99,East,Small Business,PayPal
TX-12370,2025-04-16,CUST-0298,Desk Mat, accessories,4.0,25.0,,Corporate,Bank Transfer
TX-10266,2025-05-16,CUST-0271,USB-C Multi-Hub, accessories,4.0,39.99,West,Consumer,Cash
TX-12714,2025-06-04,CUST-0375,Noise-Cancelling Headphones,Electronics ,4.0,250.0,East,Corporate,Cash
TX-11114,2024-05-30,CUST-0131,4K Monitor,Electronics ,-2.0,329.0,,Corporate,Credit Card
TX-10063,2025-08-22,CUST-0281,USB-C Multi-Hub, accessories,4.0,39.99, North ,Consumer,Bank Transfer
TX-12630,2024-10-26,CUST-0132,Noise-Cancelling Headphones,Electronics ,3.0,250.0, North ,Corporate,Cash
TX-13412,2025-07-19,CUST-0184,Pro Laptop,Electronics ,3.0,1200.0,West,Small Business,PayPal
TX-14328,2025-05-24,CUST-0258,Wireless Mouse, accessories,1.0,49.99,south,Small Business,Credit Card
TX-13055,2024-12-03,CUST-0024,Gel Pens 12-Pack,Office Supplies,2.0,12.99, North ,Small Business,Cash
TX-13121,2025-07-01,CUST-0213,Premium Tablet,Electronics ,3.0,600.0,East,Small Business,Credit Card
TX-12642,2025-10-05,CUST-0002,Desk Mat, accessories,1.0,25.0,East,Consumer,PayPal
TX-12856,2024-01-25,CUST-0262,Mechanical Keyboard, accessories,4.0,99.99, North ,Consumer,Credit Card
TX-12290,2024-06-25,CUST-0080,Laptop Sleeve, accessories,5.0,29.99,East,Corporate,Cash
TX-14995,2024-10-04,CUST-0094,Pro Laptop,Electronics ,1.0,1200.0,West,Consumer,Cash
TX-11703,08/16/2024,CUST-0048,Ergonomic Chair,Office Supplies,1.0,299.99,East,Consumer,Cash
TX-11237,2024-10-01,CUST-0308,Pro Laptop,Electronics ,3.0,1200.0, North ,Corporate,Bank Transfer
TX-10103,2025-09-24,CUST-0068,Desk Mat, accessories,2.0,21.25,East,Small Business,PayPal
TX-13591,2024-09-05,CUST-0206,Premium Notebook,Office Supplies,1.0,15.5,south,Consumer,PayPal
TX-10272,2025-06-01,CUST-0210,Desk Mat, accessories,8.0,25.0,south,Corporate,Cash
TX-10508,2025-04-09,CUST-0306,Wireless Mouse, accessories,2.0,49.99,West,Consumer,Cash
TX-13455,2025-08-25,CUST-0219,Premium Tablet,Electronics ,3.0,600.0, North ,Small Business,Bank Transfer
TX-14963,2025-08-13,CUST-0300,Mechanical Keyboard, accessories,1.0,99.99,East,Small Business,Bank Transfer
TX-13319,2024-04-07,CUST-0079,Smartwatch,Electronics ,4.0,180.0, North ,Small Business,Cash
TX-10865,2025-10-15,CUST-0315,Whiteboard,Office Supplies,1.0,79.99, North ,Small Business,PayPal
TX-12873,2025-11-11,CUST-0105,Standing Desk,Office Supplies,3.0,450.0,West,Consumer,Cash
TX-10908,2024-05-31,CUST-0064,Ergonomic Chair,Office Supplies,2.0,275.99,West,Small Business,Bank Transfer
TX-14012,2024-12-20,CUST-0312,Mechanical Keyboard, accessories,8.0,99.99,West,Corporate,Cash
TX-12899,2024-05-08,CUST-0121,Premium Notebook,Office Supplies,2.0,13.02,West,Consumer,Bank Transfer
TX-14770,2024-02-20,CUST-0370,Wireless Mouse, accessories,8.0,49.99,south,Corporate,Credit Card
TX-11627,2024-06-12,CUST-0126,Ergonomic Chair,Office Supplies,1.0,299.99, North ,Consumer,Credit Card
TX-12915,2024-04-17,CUST-0323,Standing Desk,Office Supplies,7.0,9999.99,south,Corporate,Credit Card
TX-11522,2024-09-15,CUST-0380,Standing Desk,Office Supplies,1.0,450.0,south,Small Business,Bank Transfer
TX-10835,2025-12-22,CUST-0370,Pro Laptop,Electronics ,7.0,1092.0,south,Corporate,Cash
TX-10358,2024-04-05,CUST-0174,Laptop Sleeve, accessories,4.0,29.99,south,Small Business,Credit Card
TX-10138,2024-05-22,CUST-0122,Ergonomic Chair,Office Supplies,7.0,299.99,East,Corporate,Bank Transfer
TX-10299,06/05/2025,CUST-0097,Desk Mat, accessories,3.0,25.0, North ,Small Business,Credit Card
TX-11556,2024-10-09,CUST-0353,Desk Mat, accessories,4.0,25.0,West,Corporate,Credit Card
TX-11003,2025-11-09,CUST-0236,USB-C Multi-Hub, accessories,1.0,39.99,south,Consumer,PayPal
TX-10382,06/11/2024,CUST-0034,Whiteboard,Office Supplies,8.0,79.99,East,Corporate,PayPal
TX-10941,2024-07-15,CUST-0241,Gel Pens 12-Pack,Office Supplies,5.0,12.99, North ,Corporate,PayPal
TX-11961,2024-10-25,CUST-0106,USB-C Multi-Hub, accessories,2.0,39.99,south,Small Business,Cash
TX-13802,2025-05-01,CUST-0172,Pro Laptop,Electronics ,5.0,1200.0,south,Corporate,Bank Transfer
TX-10761,2025-10-03,CUST-0142,Premium Tablet,Electronics ,1.0,600.0,south,Consumer,PayPal
TX-13786,2025-01-25,CUST-0357,Laptop Sleeve, accessories,5.0,29.99,East,Corporate,Credit Card
TX-11921,2024-07-11,CUST-0367,4K Monitor,Electronics ,1.0,329.0, North ,Consumer,Cash
TX-12586,2024-12-18,CUST-0316,Standing Desk,Office Supplies,5.0,382.5, North ,Corporate,PayPal
TX-12115,2024-10-10,CUST-0337,Wireless Mouse, accessories,4.0,49.99,West,Small Business,PayPal
TX-12228,2024-05-01,CUST-0233,Ergonomic Chair,Office Supplies,8.0,299.99,West,Corporate,Cash
TX-10898,2024-09-19,CUST-0038,4K Monitor,Electronics ,1.0,350.0,south,Small Business,Credit Card
TX-14056,2024-08-17,CUST-0389,Premium Notebook,Office Supplies,2.0,15.5,East,Small Business,Credit Card
TX-14214,2025-01-04,CUST-0192,USB-C Multi-Hub, accessories,3.0,39.99, North ,Corporate,Cash
TX-11402,2024-09-03,CUST-0088,Laptop Sleeve, accessories,2.0,29.99,West,Small Business,Cash
TX-12080,2024-02-13,CUST-0241,Gel Pens 12-Pack,Office Supplies,10.0,12.99, North ,Corporate,Credit Card
TX-13839,2025-09-26,CUST-0341,Standing Desk,Office Supplies,5.0,450.0, North ,Corporate,PayPal
TX-14412,2024-02-04,CUST-0229,Noise-Cancelling Headphones,Electronics ,2.0,250.0,East,Small Business,PayPal
TX-12998,2025-03-11,CUST-0062,Standing Desk,Office Supplies,2.0,450.0, North ,Corporate,Credit Card
TX-11512,2025-01-21,CUST-0336,Standing Desk,Office Supplies,6.0,391.5, North ,Corporate,Credit Card
TX-11188,2025-11-08,CUST-0271,Laptop Sleeve, accessories,1.0,29.99,West,Consumer,Cash
TX-14694,2024-06-07,CUST-0023,Standing Desk,Office Supplies,3.0,450.0, North ,Corporate,PayPal
TX-12598,2025-02-18,CUST-0030,Standing Desk,Office Supplies,3.0,450.0, North ,Consumer,PayPal
TX-13932,2025-08-29,CUST-0398,Mechanical Keyboard, accessories,10.0,99.99, North ,Corporate,Cash
TX-13706,2024-09-27,CUST-0092,Desk Mat, accessories,3.0,25.0,East,Corporate,Cash
TX-10108,2025-01-15,CUST-0284,4K Monitor,Electronics ,1.0,325.5,south,Small Business,Bank Transfer
TX-12907,2024-01-19,CUST-0178,Pro Laptop,Electronics ,1.0,996.0, North ,Consumer,PayPal
TX-13169,2024-02-27,CUST-0364,Premium Notebook,Office Supplies,3.0,12.87,south,Small Business,PayPal
TX-13947,2024-10-01,CUST-0273,Whiteboard,Office Supplies,1.0,71.99,East,Consumer,Cash
TX-10058,2025-03-07,CUST-0270,Pro Laptop,Electronics ,4.0,1200.0,West,Small Business,Cash
TX-10076,2024-02-20,CUST-0346,Noise-Cancelling Headphones,Electronics ,4.0,250.0,East,Small Business,Cash
TX-10796,2024-05-09,CUST-0226,Premium Notebook,Office Supplies,4.0,15.5,south,Corporate,PayPal
TX-10368,2025-06-19,CUST-0215,Desk Mat, accessories,2.0,25.0,East,Consumer,Cash
TX-14935,2025-09-11,CUST-0104,USB-C Multi-Hub, accessories,3.0,39.99,south,Corporate,Cash
TX-10785,2024-09-30,CUST-0258,Desk Mat, accessories,3.0,22.5,south,Small Business,Credit Card
TX-12077,2025-07-17,CUST-0387,Wireless Mouse, accessories,10.0,49.99,south,Corporate,Bank Transfer
TX-12117,2024-12-23,CUST-0386,Whiteboard,Office Supplies,2.0,79.99, North ,Small Business,Credit Card
TX-12005,2025-07-18,CUST-0245,Smartwatch,Electronics ,3.0,200.0,West,Corporate,Bank Transfer
TX-12053,2025-03-16,CUST-0039,Whiteboard,Office Supplies,4.0,79.99,south,Consumer,Credit Card
TX-12929,2024-01-10,CUST-0112,Noise-Cancelling Headphones,Electronics ,2.0,250.0,West,Corporate,Bank Transfer
TX-13585,2024-01-15,CUST-0302,Wireless Mouse, accessories,8.0,41.49,south,Corporate,PayPal
TX-13940,2025-11-05,CUST-0035,Noise-Cancelling Headphones,Electronics ,4.0,220.0,south,Small Business,Cash
TX-11746,2024-04-13,CUST-0047,Desk Mat, accessories,3.0,25.0,south,Small Business,Cash
TX-10121,2025-04-13,CUST-0104,Premium Tablet,Electronics ,2.0,600.0,south,Corporate,Bank Transfer
TX-11891,2025-06-07,CUST-0104,USB-C Multi-Hub, accessories,7.0,39.99,south,Corporate,PayPal
TX-14401,2025-02-10,CUST-0314,Pro Laptop,Electronics ,5.0,1200.0, North ,Corporate,PayPal
TX-14868,2024-09-10,CUST-0043,Premium Notebook,Office Supplies,4.0,12.87,East,Consumer,Bank Transfer
TX-10910,2025-08-07,CUST-0093,Ergonomic Chair,Office Supplies,5.0,299.99,East,Corporate,Cash
TX-10124,2025-03-23,CUST-0381,Gel Pens 12-Pack,Office Supplies,7.0,12.99,West,Corporate,PayPal
TX-14619,2024-02-26,CUST-0155,Wireless Mouse, accessories,1.0,49.99,south,Small Business,PayPal
TX-11586,2025-06-13,CUST-0055,Ergonomic Chair,Office Supplies,7.0,299.99,West,Corporate,Credit Card
TX-11257,2025-03-10,CUST-0191,Pro Laptop,Electronics ,3.0,1200.0,East,Corporate,Cash
TX-13491,2024-07-26,CUST-0004,4K Monitor,Electronics ,3.0,290.5, North ,Small Business,PayPal
TX-13532,2025-05-12,CUST-0219,Ergonomic Chair,Office Supplies,4.0,299.99, North ,Small Business,Cash
TX-13433,2024-12-18,CUST-0112,Premium Tablet,Electronics ,3.0,600.0,West,Corporate,Cash
TX-11178,2025-11-25,CUST-0273,Laptop Sleeve, accessories,4.0,29.99,East,Consumer,Cash
TX-12759,2024-12-01,CUST-0230,Pro Laptop,Electronics ,3.0,1200.0, North ,Small Business,Credit Card
TX-13717,2025-09-04,CUST-0194,Mechanical Keyboard, accessories,2.0,99.99,south,Small Business,Credit Card
TX-12367,2024-09-21,CUST-0046,Desk Mat, accessories,1.0,25.0,East,Consumer,Bank Transfer
TX-13958,2025-10-06,CUST-0156,Desk Mat, accessories,10.0,20.0,East,Corporate,Cash
TX-10442,2024-07-11,CUST-0062,Standing Desk,Office Supplies,9.0,450.0, North ,Corporate,PayPal
TX-13311,2025-07-02,CUST-0246,Pro Laptop,Electronics ,3.0,1200.0,south,Small Business,PayPal
TX-13197,2024-07-14,CUST-0340,Gel Pens 12-Pack,Office Supplies,6.0,12.99,West,Corporate,Cash
TX-10925,2025-08-05,CUST-0130,Premium Notebook,Office Supplies,1.0,13.17,,Consumer,Credit Card
TX-12364,2025-11-15,CUST-0256,Laptop Sleeve, accessories,6.0,29.99, North ,Corporate,PayPal
TX-12174,2024-06-10,CUST-0111,Laptop Sleeve, accessories,10.0,26.39,West,Corporate,PayPal
TX-14799,2024-12-12,CUST-0353,Pro Laptop,Electronics ,5.0,1200.0,West,Corporate,PayPal
TX-11411,2025-08-25,CUST-0298,Whiteboard,Office Supplies,8.0,65.59,West,Corporate,Credit Card
TX-13518,2025-01-21,CUST-0009,Ergonomic Chair,Office Supplies,1.0,299.99, North ,Small Business,Bank Transfer
TX-11878,2024-01-18,CUST-0064,Noise-Cancelling Headphones,Electronics ,4.0,207.5,West,Small Business,Bank Transfer
TX-11509,2024-06-14,CUST-0192,Gel Pens 12-Pack,Office Supplies,5.0,12.99, North ,Corporate,PayPal
TX-11227,09/11/2025,CUST-0189,Ergonomic Chair,Office Supplies,10.0,299.99,south,Corporate,Bank Transfer
TX-13654,2024-02-16,CUST-0159,Laptop Sleeve, accessories,1.0,29.99, North ,Consumer,PayPal
TX-12387,2025-10-03,CUST-0136,Desk Mat, accessories,10.0,25.0,south,Corporate,PayPal
TX-13638,2025-09-04,CUST-0115,Ergonomic Chair,Office Supplies,1.0,251.99, North ,Consumer,Bank Transfer
TX-13130,2024-09-11,CUST-0310,Laptop Sleeve, accessories,4.0,26.09,south,Corporate,PayPal
TX-14423,2025-11-24,CUST-0112,Mechanical Keyboard, accessories,3.0,92.99,West,Corporate,Bank Transfer
TX-10324,2025-06-01,CUST-0202,4K Monitor,Electronics ,2.0,350.0,south,Corporate,Cash
TX-14685,2024-05-11,CUST-0281,Pro Laptop,Electronics ,4.0,1200.0, North ,Consumer,Credit Card
TX-14195,2025-09-16,CUST-0076,Pro Laptop,Electronics ,,1128.0,East,Small Business,PayPal
TX-14876,2025-03-10,CUST-0225,Mechanical Keyboard, accessories,3.0,99.99,West,Consumer,PayPal
TX-13346,2025-04-27,CUST-0397,Pro Laptop,Electronics ,3.0,1200.0,West,Consumer,Cash
TX-14034,12/27/2025,CUST-0093,4K Monitor,Electronics ,4.0,350.0,East,Corporate,Cash
TX-11498,2024-08-25,CUST-0343,Gel Pens 12-Pack,Office Supplies,4.0,12.99,West,Small Business,Bank Transfer
TX-11502,2024-01-30,CUST-0149,Whiteboard,Office Supplies,2.0,66.39, North ,Small Business,Cash
TX-11006,2025-11-18,CUST-0064,Gel Pens 12-Pack,Office Supplies,3.0,10.78,West,Small Business,Cash
TX-12223,2025-10-16,CUST-0302,Mechanical Keyboard, accessories,3.0,99.99,south,Corporate,PayPal
TX-13977,2025-05-19,CUST-0307,Pro Laptop,Electronics ,4.0,1200.0,West,Consumer,Cash
TX-13568,2025-05-16,CUST-0073,USB-C Multi-Hub, accessories,3.0,39.99,East,Small Business,Bank Transfer
TX-11467,2025-08-12,CUST-0151,Noise-Cancelling Headphones,Electronics ,5.0,250.0,East,Corporate,Bank Transfer
TX-11225,2025-06-30,CUST-0122,Ergonomic Chair,Office Supplies,4.0,299.99,East,Corporate,Bank Transfer
TX-14944,2024-07-01,CUST-0222,Laptop Sleeve, accessories,4.0,29.99, North ,Corporate,Credit Card
TX-12298,2025-09-02,CUST-0240,Desk Mat, accessories,3.0,25.0,East,Corporate,PayPal
TX-13661,2024-09-24,CUST-0184,Ergonomic Chair,Office Supplies,2.0,299.99,West,Small Business,Bank Transfer
TX-11216,2024-08-03,CUST-0045,Premium Tablet,Electronics ,3.0,600.0,East,Corporate,Credit Card
TX-14201,2025-08-13,CUST-0284,Noise-Cancelling Headphones,Electronics ,3.0,250.0,south,Small Business,Cash
TX-13550,2024-06-24,CUST-0293,Smartwatch,Electronics ,7.0,200.0, North ,Corporate,PayPal
TX-10420,2025-02-23,CUST-0021,Desk Mat, accessories,2.0,25.0,East,Consumer,Cash
TX-13889,2024-01-26,CUST-0282,Laptop Sleeve, accessories,4.0,29.99,south,Consumer,Bank Transfer
TX-10006,2025-07-11,CUST-0116,Mechanical Keyboard, accessories,3.0,92.99,West,Small Business,PayPal
TX-10932,2024-04-24,CUST-0009,Mechanical Keyboard, accessories,1.0,99.99, North ,Small Business,PayPal
TX-11691,2025-08-27,CUST-0064,Premium Tablet,Electronics ,1.0,600.0,West,Small Business,PayPal
TX-10439,2025-01-07,CUST-0367,Ergonomic Chair,Office Supplies,1.0,269.99, North ,Consumer,PayPal
TX-11313,06/26/2024,CUST-0207,Whiteboard,Office Supplies,4.0,79.99,West,Corporate,Cash
TX-10678,2024-06-06,CUST-0098,Gel Pens 12-Pack,Office Supplies,3.0,10.65,,Small Business,Bank Transfer
TX-12521,2024-04-27,CUST-0177,Premium Tablet,Electronics ,10.0,534.0,West,Corporate,Credit Card
TX-14637,2025-09-22,CUST-0020,Smartwatch,Electronics ,2.0,200.0,East,Corporate,Bank Transfer
TX-11871,2024-08-16,CUST-0325,Noise-Cancelling Headphones,Electronics ,7.0,250.0,south,Corporate,Cash
TX-12299,2024-11-30,CUST-0266,Premium Tablet,Electronics ,2.0,600.0,south,Consumer,Credit Card
TX-14660,2024-04-04,CUST-0096,Standing Desk,Office Supplies,8.0,450.0, North ,Corporate,Cash
TX-14198,2025-09-27,CUST-0252,Laptop Sleeve, accessories,4.0,29.99,East,Consumer,PayPal
TX-13883,2024-09-13,CUST-0292,4K Monitor,Electronics ,9.0,350.0,West,Corporate,Credit Card
TX-12835,2025-02-28,CUST-0370,Pro Laptop,Electronics ,,1200.0,south,Corporate,PayPal
TX-14094,2025-06-27,CUST-0281,Premium Tablet,Electronics ,1.0,600.0, North ,Consumer,Cash
TX-11941,2025-11-11,CUST-0206,Mechanical Keyboard, accessories,2.0,93.99,south,Consumer,Credit Card
TX-14270,2025-01-25,CUST-0151,Smartwatch,Electronics ,9.0,162.0,East,Corporate,Cash
TX-12817,2024-10-04,CUST-0393,Premium Tablet,Electronics ,6.0,600.0,East,Corporate,PayPal
TX-13948,2024-04-19,CUST-0290,Gel Pens 12-Pack,Office Supplies,9.0,12.08,West,Corporate,PayPal
TX-10194,2025-06-09,CUST-0213,Whiteboard,Office Supplies,1.0,79.99,East,Small Business,Cash
TX-11474,2025-03-17,CUST-0013,Mechanical Keyboard, accessories,1.0,99.99,East,Consumer,PayPal
TX-12170,2024-12-07,CUST-0136,USB-C Multi-Hub, accessories,3.0,39.99,south,Corporate,Cash
TX-11211,2025-05-05,CUST-0032,Desk Mat, accessories,2.0,22.5,East,Corporate,Bank Transfer
TX-12470,2024-01-02,CUST-0313,Smartwatch,Electronics ,3.0,200.0,West,Corporate,Credit Card
TX-11657,2025-11-25,CUST-0159,Desk Mat, accessories,1.0,25.0, North ,Consumer,PayPal
TX-14304,2024-01-27,CUST-0397,Mechanical Keyboard, accessories,3.0,83.99,West,Consumer,Credit Card
TX-13063,2025-04-13,CUST-0004,Desk Mat, accessories,3.0,21.5, North ,Small Business,Bank Transfer
TX-14648,2025-09-19,CUST-0183,Noise-Cancelling Headphones,Electronics ,1.0,250.0,West,Small Business,Credit Card
TX-12585,2025-06-14,CUST-0091,Wireless Mouse, accessories,2.0,49.99,south,Small Business,Cash
TX-11893,2025-10-29,CUST-0395,Standing Desk,Office Supplies,2.0,373.5,East,Consumer,Credit Card
TX-14752,2024-03-16,CUST-0343,Standing Desk,Office Supplies,3.0,450.0,West,Small Business,Bank Transfer
TX-11130,2024-01-04,CUST-0327,Ergonomic Chair,Office Supplies,3.0,299.99,south,Small Business,Credit Card
TX-11461,2024-05-26,CUST-0311,Premium Notebook,Office Supplies,8.0,15.5,East,Corporate,Bank Transfer
TX-10276,2024-04-14,CUST-0335,Noise-Cancelling Headphones,Electronics ,1.0,250.0, North ,Small Business,Cash
TX-14772,2025-01-01,CUST-0056,Standing Desk,Office Supplies,3.0,387.0,south,Consumer,PayPal
TX-14013,2024-09-23,CUST-0199,Premium Notebook,Office Supplies,1.0,15.5,West,Consumer,Cash
TX-14989,2025-02-06,CUST-0351,USB-C Multi-Hub, accessories,4.0,39.99,East,Corporate,Cash
TX-12328,2024-01-18,CUST-0316,Gel Pens 12-Pack,Office Supplies,9.0,12.99, North ,Corporate,Cash
TX-11302,2025-04-11,CUST-0212,Premium Notebook,Office Supplies,7.0,15.5, North ,Corporate,Cash
TX-12552,2024-06-03,CUST-0052,Laptop Sleeve, accessories,1.0,29.99,south,Small Business,Cash
TX-10222,2024-03-17,CUST-0343,Pro Laptop,Electronics ,4.0,1200.0,West,Small Business,PayPal
TX-14667,2025-10-03,CUST-0299,4K Monitor,Electronics ,8.0,350.0, North ,Corporate,Bank Transfer
TX-11972,2024-10-03,CUST-0064,Premium Tablet,Electronics ,4.0,600.0,West,Small Business,PayPal
TX-10573,2025-03-06,CUST-0160,Premium Notebook,Office Supplies,4.0,15.5,south,Small Business,Credit Card
TX-11236,2025-01-21,CUST-0197,Pro Laptop,Electronics ,1.0,996.0,south,Consumer,Credit Card
TX-14317,2025-09-08,CUST-0026,Laptop Sleeve, accessories,1.0,29.99,East,Small Business,Cash
TX-13553,2024-01-21,CUST-0134,Smartwatch,Electronics ,8.0,200.0,East,Corporate,PayPal
TX-12311,2024-05-22,CUST-0028,4K Monitor,Electronics ,1.0,311.5, North ,Consumer,Credit Card
TX-11334,2024-04-27,CUST-0166,Standing Desk,Office Supplies,3.0,382.5,East,Small Business,PayPal
TX-12492,2024-10-01,CUST-0043,Mechanical Keyboard, accessories,1.0,99.99,East,Consumer,Credit Card
TX-10418,2024-04-17,CUST-0262,Laptop Sleeve, accessories,1.0,27.89, North ,Consumer,Bank Transfer
TX-10267,2024-12-22,CUST-0089,USB-C Multi-Hub, accessories,3.0,39.99,south,Corporate,PayPal
TX-11104,2025-05-07,CUST-0041,Gel Pens 12-Pack,Office Supplies,4.0,12.99,East,Small Business,PayPal
TX-10257,2025-11-26,CUST-0257,Noise-Cancelling Headphones,Electronics ,1.0,222.5,West,Small Business,Cash
TX-10295,2024-06-17,CUST-0226,Standing Desk,Office Supplies,4.0,450.0,south,Corporate,Cash
TX-14353,2024-08-25,CUST-0046,Ergonomic Chair,Office Supplies,2.0,299.99,East,Consumer,Bank Transfer
TX-10386,2025-04-01,CUST-0091,Whiteboard,Office Supplies,3.0,65.59,south,Small Business,Bank Transfer
TX-13431,2025-11-24,CUST-0253,4K Monitor,Electronics ,3.0,350.0,south,Consumer,Bank Transfer
TX-13135,2024-12-16,CUST-0068,Pro Laptop,Electronics ,2.0,1200.0,East,Small Business,Cash
TX-14085,2025-09-28,CUST-0200,Pro Laptop,Electronics ,1.0,1200.0,south,Small Business,Credit Card
TX-12451,2025-11-29,CUST-0315,Noise-Cancelling Headphones,Electronics ,1.0,250.0, North ,Small Business,Bank Transfer
TX-14361,2025-01-04,CUST-0059,Premium Tablet,Electronics ,4.0,600.0,south,Small Business,Bank Transfer
TX-13567,2025-09-09,CUST-0389,4K Monitor,Electronics ,1.0,350.0,East,Small Business,Cash
TX-11886,2025-12-15,,Premium Tablet,Electronics ,2.0,600.0,West,Small Business,PayPal
TX-14410,2024-07-09,CUST-0173,Mechanical Keyboard, accessories,1.0,99.99,East,Small Business,Credit Card
TX-11563,2024-09-27,CUST-0048,Premium Notebook,Office Supplies,3.0,15.5,East,Consumer,Bank Transfer
TX-13682,2025-01-27,CUST-0048,USB-C Multi-Hub, accessories,1.0,39.99,East,Consumer,Credit Card
TX-11400,2024-05-04,CUST-0248,Premium Tablet,Electronics ,3.0,600.0,south,Small Business,Cash
TX-10712,2025-12-08,CUST-0375,USB-C Multi-Hub, accessories,9.0,39.99,East,Corporate,Credit Card
TX-14489,2024-03-21,,4K Monitor,Electronics ,,350.0,East,Consumer,Bank Transfer
TX-14748,2024-06-18,CUST-0066,4K Monitor,Electronics ,2.0,350.0, North ,Small Business,Credit Card
TX-10209,2024-02-29,CUST-0288,Gel Pens 12-Pack,Office Supplies,10.0,12.99,West,Corporate,PayPal
TX-13999,2025-03-06,CUST-0305,Gel Pens 12-Pack,Office Supplies,1.0,11.95, North ,Consumer,Bank Transfer
TX-11289,2025-07-12,CUST-0241,Premium Tablet,Electronics ,7.0,600.0, North ,Corporate,Credit Card
TX-12763,2025-12-20,CUST-0103,Premium Notebook,Office Supplies,2.0,15.5,East,Consumer,Credit Card
TX-12031,2024-07-15,CUST-0088,Gel Pens 12-Pack,Office Supplies,1.0,12.99,West,Small Business,Bank Transfer
TX-10449,2025-07-20,CUST-0103,4K Monitor,Electronics ,3.0,350.0,East,Consumer,Bank Transfer
TX-14118,2024-02-02,CUST-0381,Mechanical Keyboard, accessories,4.0,99.99,West,Corporate,Bank Transfer
TX-12605,2024-09-14,CUST-0090,Wireless Mouse, accessories,3.0,49.99,West,Consumer,Credit Card
TX-11820,2025-08-11,CUST-0102,Smartwatch,Electronics ,3.0,200.0, North ,Consumer,Cash
TX-10958,2025-10-18,CUST-0324,Laptop Sleeve, accessories,3.0,29.99, North ,Small Business,Cash
TX-11793,2024-07-13,CUST-0250,Whiteboard,Office Supplies,1.0,66.39,East,Consumer,Cash
TX-12078,2025-11-04,CUST-0207,Noise-Cancelling Headphones,Electronics ,8.0,250.0,West,Corporate,Credit Card
TX-10654,2024-01-04,CUST-0319,Ergonomic Chair,Office Supplies,4.0,299.99, North ,Consumer,Cash
TX-12439,2025-10-27,CUST-0302,Wireless Mouse, accessories,9.0,49.99,south,Corporate,Bank Transfer
TX-13908,2025-02-27,CUST-0061,Pro Laptop,Electronics ,1.0,1200.0,West,Small Business,Cash
TX-12045,2025-10-08,CUST-0176,USB-C Multi-Hub, accessories,3.0,33.19,East,Small Business,Credit Card
TX-11760,2024-02-24,CUST-0225,Whiteboard,Office Supplies,4.0,79.99,West,Consumer,Credit Card
TX-14525,2024-07-28,CUST-0305,Desk Mat, accessories,1.0,25.0, North ,Consumer,Credit Card
TX-13364,2024-02-09,CUST-0078,Laptop Sleeve, accessories,4.0,29.99,East,Consumer,Cash
TX-12142,2025-10-13,CUST-0186,Laptop Sleeve, accessories,3.0,29.99, North ,Small Business,PayPal
TX-10411,2024-05-17,CUST-0176,Premium Notebook,Office Supplies,2.0,15.5,East,Small Business,PayPal
TX-11774,2024-12-19,CUST-0080,USB-C Multi-Hub, accessories,4.0,39.99,East,Corporate,Cash
TX-11935,2024-01-06,CUST-0382,Mechanical Keyboard, accessories,4.0,99.99,East,Consumer,Credit Card
TX-13888,2024-12-15,CUST-0002,Premium Tablet,Electronics ,1.0,600.0,East,Consumer,Cash
TX-12968,2025-04-06,CUST-0389,Premium Tablet,Electronics ,1.0,600.0,East,Small Business,Cash
TX-12802,2024-04-28,CUST-0149,Smartwatch,Electronics ,1.0,200.0, North ,Small Business,PayPal
TX-14337,2024-01-06,CUST-0253,Premium Tablet,Electronics ,3.0,600.0,south,Consumer,PayPal
TX-14803,2025-03-20,CUST-0386,Mechanical Keyboard, accessories,3.0,99.99, North ,Small Business,PayPal
TX-14169,2025-06-22,CUST-0112,Ergonomic Chair,Office Supplies,9.0,263.99,West,Corporate,PayPal
TX-14362,2024-01-20,CUST-0271,USB-C Multi-Hub, accessories,3.0,39.99,West,Consumer,PayPal
TX-12705,2024-01-04,CUST-0165,Wireless Mouse, accessories,3.0,49.99,West,Small Business,PayPal
TX-13610,2025-07-16,,Smartwatch,Electronics ,4.0,168.0, North ,Corporate,Credit Card
TX-11978,2025-12-16,CUST-0087,Standing Desk,Office Supplies,2.0,450.0,south,Consumer,Bank Transfer
TX-14129,2024-07-13,CUST-0350,Noise-Cancelling Headphones,Electronics ,2.0,250.0,south,Consumer,Cash
TX-13404,04/28/2024,CUST-0050,4K Monitor,Electronics ,4.0,350.0,West,Consumer,Bank Transfer
TX-13622,2024-12-18,CUST-0059,Mechanical Keyboard, accessories,4.0,99.99,south,Small Business,Cash
TX-10430,2024-02-17,CUST-0336,Ergonomic Chair,Office Supplies,10.0,299.99, North ,Corporate,PayPal
TX-14225,2025-11-21,CUST-0340,Standing Desk,Office Supplies,8.0,450.0,West,Corporate,Bank Transfer
TX-13091,2025-08-06,CUST-0232,Standing Desk,Office Supplies,3.0,450.0,East,Small Business,Bank Transfer
TX-11366,2025-10-14,CUST-0306,Ergonomic Chair,Office Supplies,1.0,299.99,West,Consumer,PayPal
TX-12042,2025-12-25,CUST-0162,Mechanical Keyboard, accessories,1.0,99.99,East,Consumer,PayPal
TX-12893,2024-04-13,CUST-0065,Standing Desk,Office Supplies,4.0,450.0,East,Small Business,Cash
TX-11176,2025-05-16,CUST-0049,USB-C Multi-Hub, accessories,6.0,39.99,West,Corporate,Bank Transfer
TX-13381,2025-01-02,CUST-0219,Whiteboard,Office Supplies,3.0,79.99, North ,Small Business,PayPal
TX-11476,2024-09-04,CUST-0365,Ergonomic Chair,Office Supplies,3.0,299.99,West,Small Business,Bank Transfer
TX-13199,2025-08-24,CUST-0293,Desk Mat, accessories,10.0,25.0, North ,Corporate,Bank Transfer
TX-13307,2025-08-25,CUST-0235,Laptop Sleeve, accessories,4.0,29.99,East,Small Business,Bank Transfer
TX-10102,2024-04-13,CUST-0277,Laptop Sleeve, accessories,1.0,29.99,West,Consumer,Bank Transfer
TX-12995,2024-07-04,CUST-0203,Ergonomic Chair,Office Supplies,2.0,299.99,south,Small Business,Credit Card
TX-14065,2024-03-16,CUST-0294,Desk Mat, accessories,2.0,25.0,East,Corporate,Credit Card
TX-11263,2025-03-09,CUST-0140,4K Monitor,Electronics ,4.0,350.0, North ,Small Business,PayPal
TX-14510,2025-08-02,CUST-0382,Wireless Mouse, accessories,1.0,49.99,,Consumer,Credit Card
TX-13184,2025-05-21,CUST-0338,4K Monitor,Electronics ,2.0,350.0,East,Consumer,Credit Card
TX-13509,2024-06-04,CUST-0215,Pro Laptop,Electronics ,1.0,1200.0,East,Consumer,PayPal
TX-13106,2025-08-11,CUST-0254,Standing Desk,Office Supplies,4.0,387.0, North ,Consumer,PayPal
TX-13208,2025-05-28,CUST-0270,Premium Tablet,Electronics ,,600.0,West,Small Business,Cash
TX-13347,2025-07-21,CUST-0365,4K Monitor,Electronics ,2.0,350.0,West,Small Business,Cash
TX-13243,2025-02-16,CUST-0303,Pro Laptop,Electronics ,3.0,1200.0,south,Small Business,Credit Card
TX-13016,2025-09-12,CUST-0360,Desk Mat, accessories,4.0,25.0, North ,Small Business,PayPal
TX-11643,2024-01-15,CUST-0343,Noise-Cancelling Headphones,Electronics ,2.0,250.0,West,Small Business,Bank Transfer
TX-14531,2024-05-13,CUST-0060,Whiteboard,Office Supplies,2.0,79.99,south,Small Business,Cash
TX-10000,2024-06-01,CUST-0156,Premium Tablet,Electronics ,3.0,600.0,East,Corporate,Cash
TX-11580,2024-10-16,CUST-0374,Whiteboard,Office Supplies,8.0,79.99,West,Corporate,Credit Card
TX-14448,2025-07-06,CUST-0228,Standing Desk,Office Supplies,3.0,373.5,East,Small Business,Bank Transfer
TX-14141,2025-10-13,CUST-0180,Ergonomic Chair,Office Supplies,3.0,299.99, North ,Consumer,Cash
TX-11356,2025-06-09,CUST-0104,Standing Desk,Office Supplies,3.0,450.0,south,Corporate,Bank Transfer
TX-13441,2025-05-04,CUST-0349,Ergonomic Chair,Office Supplies,8.0,299.99,East,Corporate,Cash
TX-12111,2025-07-15,CUST-0226,Mechanical Keyboard, accessories,5.0,99.99,south,Corporate,PayPal
TX-13632,2025-03-01,CUST-0014,Gel Pens 12-Pack,Office Supplies,3.0,12.99,south,Small Business,Cash
TX-13554,2025-08-10,CUST-0123,Premium Notebook,Office Supplies,1.0,15.5,south,Consumer,Bank Transfer
TX-12422,2024-08-22,CUST-0170,Noise-Cancelling Headphones,Electronics ,1.0,250.0,East,Consumer,Credit Card
TX-10396,2024-09-22,CUST-0208,Ergonomic Chair,Office Supplies,2.0,299.99,East,Consumer,Bank Transfer
TX-13692,2024-01-09,CUST-0128,Desk Mat, accessories,8.0,25.0,West,Corporate,Bank Transfer
TX-11064,2024-06-30,CUST-0353,Desk Mat, accessories,,20.25,West,Corporate,PayPal
TX-14900,2024-04-28,CUST-0372,Pro Laptop,Electronics ,9.0,1200.0,East,Corporate,Bank Transfer
TX-12465,2024-02-24,CUST-0109,Noise-Cancelling Headphones,Electronics ,4.0,250.0,south,Consumer,PayPal
TX-10818,2024-07-06,CUST-0307,4K Monitor,Electronics ,3.0,350.0,West,Consumer,Bank Transfer
TX-11812,2024-11-03,CUST-0278,Smartwatch,Electronics ,2.0,200.0,East,Consumer,Bank Transfer
TX-12588,2025-04-30,CUST-0354,Mechanical Keyboard, accessories,7.0,88.99, North ,Corporate,PayPal
TX-11552,2024-03-04,CUST-0161,4K Monitor,Electronics ,3.0,350.0,East,Consumer,PayPal
TX-13166,2025-10-12,CUST-0049,Gel Pens 12-Pack,Office Supplies,2.0,12.99,West,Corporate,Bank Transfer
TX-10816,2024-11-23,CUST-0183,Pro Laptop,Electronics ,3.0,1200.0,West,Small Business,Bank Transfer
TX-11572,2024-11-03,CUST-0260,Smartwatch,Electronics ,4.0,200.0,West,Consumer,Bank Transfer
TX-13010,2024-06-25,CUST-0010,Laptop Sleeve, accessories,3.0,29.99,south,Small Business,Cash
TX-11800,2025-09-22,CUST-0190,Standing Desk,Office Supplies,4.0,450.0,south,Consumer,Credit Card
TX-14313,2025-09-07,CUST-0320,Standing Desk,Office Supplies,4.0,450.0,south,Consumer,Cash
TX-10381,2025-02-20,CUST-0380,Whiteboard,Office Supplies,3.0,79.99,south,Small Business,Credit Card
TX-12916,2024-09-21,CUST-0332,Gel Pens 12-Pack,Office Supplies,3.0,12.99,south,Consumer,Bank Transfer
TX-13878,2024-03-08,CUST-0326,Standing Desk,Office Supplies,3.0,409.5,East,Corporate,Cash
TX-14567,2025-01-06,CUST-0318,Ergonomic Chair,Office Supplies,3.0,299.99, North ,Small Business,Bank Transfer
TX-13555,2025-12-07,CUST-0157,Whiteboard,Office Supplies,3.0,79.99,East,Consumer,Cash
TX-13830,2024-11-22,CUST-0019,Ergonomic Chair,Office Supplies,3.0,299.99,West,Consumer,Bank Transfer
TX-11780,2025-05-06,CUST-0338,Laptop Sleeve, accessories,1.0,29.99,East,Consumer,Credit Card
TX-14339,2024-04-25,CUST-0109,Wireless Mouse, accessories,4.0,49.99,south,Consumer,Credit Card
TX-13525,2024-09-05,CUST-0395,Gel Pens 12-Pack,Office Supplies,2.0,12.99,East,Consumer,Credit Card
TX-13165,2024-07-22,CUST-0349,Pro Laptop,Electronics ,9.0,1200.0,East,Corporate,PayPal
TX-10864,2025-06-12,CUST-0096,Desk Mat, accessories,5.0,25.0, North ,Corporate,Cash
TX-13064,2024-06-10,CUST-0016,4K Monitor,Electronics ,2.0,350.0,East,Consumer,Credit Card
TX-13799,2025-03-23,CUST-0264,Gel Pens 12-Pack,Office Supplies,3.0,12.99,south,Small Business,Cash
TX-10554,2024-03-14,CUST-0041,Noise-Cancelling Headphones,Electronics ,2.0,250.0,East,Small Business,Bank Transfer
TX-11159,2025-08-09,CUST-0356,Wireless Mouse, accessories,2.0,49.99,West,Consumer,Cash
TX-11213,2024-11-25,CUST-0144,Wireless Mouse, accessories,4.0,49.99, North ,Small Business,PayPal
TX-13742,2024-10-19,CUST-0247,Mechanical Keyboard, accessories,4.0,99.99,West,Small Business,PayPal
TX-13652,2025-03-12,CUST-0253,Standing Desk,Office Supplies,2.0,450.0,south,Consumer,Credit Card
TX-10048,2024-11-05,CUST-0060,Pro Laptop,Electronics ,1.0,1200.0,south,Small Business,Bank Transfer
TX-12399,11/11/2024,CUST-0114,4K Monitor,Electronics ,1.0,287.0, North ,Small Business,Cash
TX-10700,2025-02-03,CUST-0316,Desk Mat, accessories,5.0,25.0, North ,Corporate,PayPal
TX-10652,2024-07-02,CUST-0394,Wireless Mouse, accessories,8.0,49.99,West,Corporate,Bank Transfer
TX-13203,2025-07-15,CUST-0300,Laptop Sleeve, accessories,1.0,29.99,East,Small Business,Credit Card
TX-13113,2025-02-22,CUST-0270,Whiteboard,Office Supplies,3.0,67.19,West,Small Business,Cash
TX-13778,2024-07-14,CUST-0063,4K Monitor,Electronics ,3.0,350.0,West,Small Business,Credit Card
TX-10748,2024-08-26,CUST-0037,Premium Tablet,Electronics ,4.0,600.0, North ,Small Business,Credit Card
TX-11455,2024-10-10,CUST-0283,Ergonomic Chair,Office Supplies,4.0,299.99,West,Small Business,PayPal
TX-14220,2024-06-04,CUST-0332,Gel Pens 12-Pack,Office Supplies,1.0,12.99,south,Consumer,Credit Card
TX-12114,2024-04-05,CUST-0129,Laptop Sleeve, accessories,2.0,29.99,West,Consumer,Credit Card
TX-13609,2025-03-10,CUST-0278,Wireless Mouse, accessories,1.0,49.99,East,Consumer,Credit Card
TX-10866,2024-05-31,CUST-0124,Noise-Cancelling Headphones,Electronics ,4.0,250.0,West,Small Business,Cash
TX-10752,2025-11-25,CUST-0062,Laptop Sleeve, accessories,10.0,29.99, North ,Corporate,PayPal
TX-11644,2024-06-02,CUST-0399,Wireless Mouse, accessories,2.0,49.99,West,Consumer,Bank Transfer
TX-10092,2024-04-02,CUST-0315,Laptop Sleeve, accessories,4.0,29.99, North ,Small Business,Cash
TX-12865,2025-09-18,CUST-0003,4K Monitor,Electronics ,1.0,350.0,south,Consumer,Credit Card
TX-14586,2024-11-17,CUST-0209,Whiteboard,Office Supplies,2.0,79.99,south,Consumer,Cash
TX-12464,2024-02-20,CUST-0033,Desk Mat, accessories,2.0,25.0,East,Consumer,Bank Transfer
TX-12847,2025-04-01,CUST-0243,Smartwatch,Electronics ,1.0,200.0,West,Small Business,PayPal
TX-11490,2024-03-29,CUST-0071,Ergonomic Chair,Office Supplies,7.0,299.99,south,Corporate,Credit Card
TX-12937,2024-12-11,CUST-0392,Premium Tablet,Electronics ,1.0,600.0, North ,Small Business,Cash
TX-12658,2025-01-14,CUST-0108,Pro Laptop,Electronics ,4.0,1200.0,West,Corporate,PayPal
TX-10729,2024-04-16,CUST-0351,Premium Notebook,Office Supplies,5.0,15.5,East,Corporate,Bank Transfer
TX-12757,2025-12-30,CUST-0284,Standing Desk,Office Supplies,2.0,369.0,south,Small Business,Bank Transfer
TX-12857,2024-04-22,CUST-0293,Smartwatch,Electronics ,6.0,180.0, North ,Corporate,PayPal
TX-13647,2024-09-06,CUST-0049,Standing Desk,Office Supplies,3.0,450.0,West,Corporate,PayPal
TX-11936,2024-08-16,CUST-0175,Laptop Sleeve, accessories,4.0,29.99,East,Consumer,PayPal
TX-11745,2024-04-01,CUST-0171,Whiteboard,Office Supplies,2.0,79.99, North ,Small Business,Bank Transfer
TX-12520,2024-12-28,CUST-0237,Ergonomic Chair,Office Supplies,2.0,299.99,West,Small Business,Credit Card
TX-13326,2024-04-29,,Premium Tablet,Electronics ,3.0,600.0, North ,Small Business,Bank Transfer
TX-13543,2025-12-28,CUST-0396,Ergonomic Chair,Office Supplies,8.0,299.99, North ,Corporate,Bank Transfer
TX-11957,2024-10-04,CUST-0305,Mechanical Keyboard, accessories,3.0,99.99, North ,Consumer,Bank Transfer
TX-11110,2025-08-25,CUST-0037,Ergonomic Chair,Office Supplies,1.0,299.99, North ,Small Business,Cash
TX-13565,2024-11-08,CUST-0031,Ergonomic Chair,Office Supplies,4.0,299.99, North ,Corporate,Bank Transfer
TX-14089,2024-01-02,CUST-0025,Laptop Sleeve, accessories,2.0,29.99,East,Small Business,PayPal
TX-14497,2024-02-17,CUST-0190,Standing Desk,Office Supplies,4.0,450.0,south,Consumer,Cash
TX-14182,2024-04-15,CUST-0079,Premium Tablet,Electronics ,2.0,600.0, North ,Small Business,Credit Card
TX-10346,2024-08-12,CUST-0011,Desk Mat, accessories,1.0,25.0,West,Consumer,Bank Transfer
TX-11185,03/10/2025,CUST-0347,Mechanical Keyboard, accessories,9.0,99.99,West,Corporate,Cash
TX-14889,2025-05-23,CUST-0237,Mechanical Keyboard, accessories,3.0,99.99,West,Small Business,Bank Transfer
TX-14063,2025-03-31,CUST-0249,Smartwatch,Electronics ,7.0,200.0, North ,Corporate,Bank Transfer
TX-11515,2024-01-24,CUST-0155,Gel Pens 12-Pack,Office Supplies,2.0,12.99,south,Small Business,Credit Card
TX-14696,2024-02-14,CUST-0090,Premium Tablet,Electronics ,4.0,600.0,West,Consumer,Credit Card
TX-10578,2024-11-01,CUST-0342,Pro Laptop,Electronics ,2.0,1200.0,East,Small Business,Cash
TX-11964,2025-05-21,CUST-0233,Laptop Sleeve, accessories,6.0,28.19,West,Corporate,Cash
TX-10075,2024-12-15,CUST-0398,Laptop Sleeve, accessories,3.0,25.19, North ,Corporate,Credit Card
TX-11429,2025-09-04,CUST-0379,Wireless Mouse, accessories,4.0,49.99,south,Consumer,PayPal
TX-14342,2025-06-28,CUST-0133,Mechanical Keyboard, accessories,8.0,99.99,East,Corporate,Bank Transfer
TX-14456,2025-03-27,CUST-0142,Gel Pens 12-Pack,Office Supplies,1.0,12.99,south,Consumer,Credit Card
TX-13909,2025-08-12,CUST-0243,Premium Notebook,Office Supplies,4.0,15.5,West,Small Business,Bank Transfer
TX-14982,2025-04-13,CUST-0178,Whiteboard,Office Supplies,2.0,70.39, North ,Consumer,Bank Transfer
TX-11846,2025-08-29,CUST-0032,Standing Desk,Office Supplies,10.0,360.0,East,Corporate,Credit Card
TX-10131,2025-10-22,CUST-0197,Wireless Mouse, accessories,2.0,49.99,south,Consumer,Cash
TX-10178,2024-03-01,CUST-0394,4K Monitor,Electronics ,5.0,350.0,West,Corporate,Credit Card
TX-13718,2025-11-21,CUST-0101,Noise-Cancelling Headphones,Electronics ,4.0,210.0, North ,Consumer,Cash
TX-14561,2024-09-13,CUST-0236,Laptop Sleeve, accessories,1.0,29.99,south,Consumer,Bank Transfer
TX-12882,2025-07-27,CUST-0283,USB-C Multi-Hub, accessories,1.0,39.99,West,Small Business,Credit Card
TX-12619,2025-12-29,CUST-0216,Desk Mat, accessories,8.0,25.0, North ,Corporate,Bank Transfer
TX-11842,2024-02-27,CUST-0361,Premium Tablet,Electronics ,1.0,486.0,south,Consumer,PayPal
TX-12127,2024-04-28,CUST-0065,Premium Tablet,Electronics ,1.0,600.0,East,Small Business,Cash
TX-12574,2025-11-04,CUST-0091,Whiteboard,Office Supplies,4.0,79.99,south,Small Business,Bank Transfer
TX-12405,2025-05-30,CUST-0129,Laptop Sleeve, accessories,4.0,24.29,West,Consumer,Credit Card
TX-10604,2024-06-08,CUST-0188,Mechanical Keyboard, accessories,5.0,99.99, North ,Corporate,Bank Transfer
TX-12962,2025-04-20,CUST-0334,Gel Pens 12-Pack,Office Supplies,1.0,12.08,East,Small Business,Cash
TX-10025,2025-01-25,CUST-0340,Mechanical Keyboard, accessories,9.0,80.99,,Corporate,Credit Card
TX-10658,2024-12-23,CUST-0342,Laptop Sleeve, accessories,3.0,29.99,East,Small Business,Bank Transfer
TX-11896,2024-08-09,,Standing Desk,Office Supplies,9.0,450.0,East,Corporate,Cash
TX-13366,2024-05-04,CUST-0395,Noise-Cancelling Headphones,Electronics ,3.0,250.0,East,Consumer,Bank Transfer
TX-14509,2024-11-07,CUST-0050,Smartwatch,Electronics ,2.0,176.0,West,Consumer,PayPal
TX-10173,2024-05-29,CUST-0149,Noise-Cancelling Headphones,Electronics ,1.0,250.0, North ,Small Business,Bank Transfer
TX-11611,2024-12-19,CUST-0272,Premium Notebook,Office Supplies,6.0,15.5,West,Corporate,Bank Transfer
TX-10437,2025-09-10,CUST-0317,USB-C Multi-Hub, accessories,2.0,39.99,south,Small Business,Cash
TX-10331,2024-05-23,CUST-0063,Pro Laptop,Electronics ,2.0,1068.0,West,Small Business,PayPal
TX-13145,03/06/2024,CUST-0149,Ergonomic Chair,Office Supplies,3.0,299.99, North ,Small Business,PayPal
TX-11454,2025-01-02,CUST-0246,Laptop Sleeve, accessories,2.0,24.29,south,Small Business,Cash
TX-10342,2024-02-27,CUST-0392,4K Monitor,Electronics ,4.0,350.0, North ,Small Business,Bank Transfer
TX-14288,2024-01-25,CUST-0326,Laptop Sleeve, accessories,7.0,27.89,East,Corporate,PayPal
TX-10727,2025-02-04,CUST-0237,Mechanical Keyboard, accessories,2.0,99.99,West,Small Business,Bank Transfer
TX-13837,2025-01-09,CUST-0240,USB-C Multi-Hub, accessories,8.0,35.99,East,Corporate,Bank Transfer
TX-10976,2024-10-23,CUST-0061,Premium Notebook,Office Supplies,3.0,15.5,West,Small Business,Bank Transfer
TX-12067,2025-10-19,CUST-0019,Standing Desk,Office Supplies,1.0,382.5,West,Consumer,Bank Transfer
TX-13563,2025-09-15,CUST-0149,Premium Tablet,Electronics ,4.0,600.0, North ,Small Business,PayPal
TX-11928,2025-12-02,CUST-0014,Ergonomic Chair,Office Supplies,4.0,299.99,south,Small Business,Credit Card
TX-12651,2025-01-10,CUST-0025,Premium Tablet,Electronics ,3.0,600.0,East,Small Business,Cash
TX-14480,2025-12-05,CUST-0310,Pro Laptop,Electronics ,8.0,1200.0,south,Corporate,Credit Card
TX-11299,2024-07-11,CUST-0216,Laptop Sleeve, accessories,4.0,29.99, North ,Corporate,Cash
TX-13034,2024-09-30,CUST-0040,Standing Desk,Office Supplies,5.0,450.0,West,Corporate,Bank Transfer
TX-14626,2025-12-03,CUST-0271,Wireless Mouse, accessories,3.0,49.99,West,Consumer,Bank Transfer
TX-10660,2025-12-09,CUST-0294,Mechanical Keyboard, accessories,9.0,99.99,East,Corporate,Bank Transfer
TX-14026,2025-11-18,CUST-0298,Noise-Cancelling Headphones,Electronics ,5.0,225.0,West,Corporate,Bank Transfer
TX-12426,2025-01-05,CUST-0244,Laptop Sleeve, accessories,5.0,29.99,East,Corporate,Cash
TX-14243,2024-10-30,CUST-0084,Laptop Sleeve, accessories,4.0,29.99,south,Small Business,Credit Card
TX-13127,2025-09-26,CUST-0201,USB-C Multi-Hub, accessories,5.0,39.99,East,Corporate,Credit Card
TX-12221,2024-08-30,CUST-0232,Noise-Cancelling Headphones,Electronics ,1.0,250.0,East,Small Business,Cash
TX-13095,2024-09-19,CUST-0096,Laptop Sleeve, accessories,8.0,26.69, North ,Corporate,PayPal
TX-12742,2024-07-15,CUST-0225,USB-C Multi-Hub, accessories,4.0,39.99,West,Consumer,Cash
TX-13649,2024-11-08,CUST-0112,Whiteboard,Office Supplies,10.0,65.59,West,Corporate,Credit Card
TX-13238,2025-12-04,CUST-0082,Pro Laptop,Electronics ,10.0,1200.0,East,Corporate,PayPal
TX-11278,2024-05-26,CUST-0159,Wireless Mouse, accessories,4.0,49.99, North ,Consumer,Credit Card
TX-13808,2024-01-09,CUST-0026,Mechanical Keyboard, accessories,3.0,92.99,East,Small Business,PayPal
TX-11621,2024-08-17,CUST-0318,Wireless Mouse, accessories,4.0,49.99, North ,Small Business,Credit Card
TX-13058,2024-05-22,CUST-0061,Desk Mat, accessories,1.0,25.0,West,Small Business,Bank Transfer
TX-14125,2024-12-01,CUST-0364,Pro Laptop,Electronics ,3.0,1116.0,south,Small Business,Credit Card
TX-10067,2024-04-05,CUST-0222,Noise-Cancelling Headphones,Electronics ,4.0,250.0, North ,Corporate,Credit Card
TX-13536,2025-03-11,CUST-0222,Gel Pens 12-Pack,Office Supplies,10.0,12.99, North ,Corporate,Credit Card
TX-14638,2025-01-07,CUST-0308,Whiteboard,Office Supplies,6.0,79.99, North ,Corporate,Cash
TX-13844,2025-08-30,CUST-0228,Wireless Mouse, accessories,3.0,49.99,East,Small Business,Cash
TX-10820,2024-01-14,CUST-0145,Gel Pens 12-Pack,Office Supplies,4.0,12.99, North ,Small Business,Bank Transfer
TX-11226,2024-10-03,CUST-0027,Mechanical Keyboard, accessories,2.0,89.99,south,Small Business,Credit Card
TX-13035,2024-12-09,CUST-0257,Whiteboard,Office Supplies,3.0,79.99,West,Small Business,Cash
TX-12463,2024-05-24,CUST-0065,Gel Pens 12-Pack,Office Supplies,1.0,12.99,East,Small Business,Credit Card
TX-14678,2024-09-18,CUST-0223,Standing Desk,Office Supplies,6.0,423.0,south,Corporate,Bank Transfer
TX-14483,2024-10-07,CUST-0353,Wireless Mouse, accessories,6.0,49.99,West,Corporate,Bank Transfer
TX-14295,2025-08-18,CUST-0342,Premium Notebook,Office Supplies,4.0,15.5,East,Small Business,Bank Transfer
TX-13399,2025-09-28,CUST-0365,Standing Desk,Office Supplies,3.0,450.0,West,Small Business,Credit Card
TX-11143,2025-07-05,CUST-0162,Noise-Cancelling Headphones,Electronics ,2.0,250.0,East,Consumer,Cash
TX-10397,2024-08-15,CUST-0352,Desk Mat, accessories,7.0,25.0,south,Corporate,Bank Transfer
TX-12948,2024-11-03,CUST-0220,Standing Desk,Office Supplies,2.0,450.0,West,Corporate,Cash
TX-14327,2025-01-21,CUST-0388,Mechanical Keyboard, accessories,1.0,91.99, North ,Consumer,Cash
TX-14140,2024-06-15,CUST-0283,Noise-Cancelling Headphones,Electronics ,2.0,250.0,West,Small Business,Cash
TX-11398,2024-07-24,CUST-0059,Pro Laptop,Electronics ,2.0,1200.0,south,Small Business,Credit Card
TX-11659,2024-11-07,CUST-0176,Laptop Sleeve, accessories,2.0,29.99,East,Small Business,PayPal
TX-10979,2024-03-10,CUST-0214,Whiteboard,Office Supplies,3.0,79.99,West,Small Business,Cash
TX-11298,2024-01-04,CUST-0231,Smartwatch,Electronics ,1.0,200.0,East,Small Business,Credit Card
TX-14653,2024-02-04,CUST-0391,Mechanical Keyboard, accessories,1.0,81.99,West,Consumer,Credit Card
TX-10082,2024-02-13,CUST-0224,Smartwatch,Electronics ,1.0,200.0, North ,Small Business,Bank Transfer
TX-12213,2024-09-26,CUST-0012,Whiteboard,Office Supplies,3.0,79.99,West,Small Business,Credit Card
TX-12801,2025-01-30,CUST-0193,4K Monitor,Electronics ,4.0,350.0,south,Small Business,PayPal
TX-13793,2024-05-11,CUST-0302,Ergonomic Chair,Office Supplies,8.0,299.99,south,Corporate,Cash
TX-13835,2024-02-18,CUST-0171,USB-C Multi-Hub, accessories,4.0,39.99,,Small Business,Cash
TX-12416,2025-07-04,CUST-0315,Desk Mat, accessories,1.0,25.0, North ,Small Business,Cash
TX-10423,2024-10-30,CUST-0026,Premium Tablet,Electronics ,1.0,600.0,East,Small Business,Bank Transfer
TX-14365,2024-07-04,CUST-0305,Premium Notebook,Office Supplies,3.0,15.5, North ,Consumer,Cash
TX-11904,2024-08-28,CUST-0234,Laptop Sleeve, accessories,3.0,26.09,West,Small Business,Bank Transfer
TX-14564,2024-02-07,CUST-0300,Desk Mat, accessories,1.0,25.0,East,Small Business,Credit Card
TX-13402,2025-07-22,CUST-0313,Pro Laptop,Electronics ,8.0,1200.0,West,Corporate,PayPal
TX-14652,2025-11-15,CUST-0295,Laptop Sleeve, accessories,3.0,29.99,West,Small Business,Credit Card
TX-11565,2025-12-20,CUST-0350,Standing Desk,Office Supplies,3.0,373.5,south,Consumer,Bank Transfer
TX-13405,2024-09-02,CUST-0369,Whiteboard,Office Supplies,1.0,79.99,West,Small Business,Bank Transfer
TX-10839,2025-12-12,CUST-0053,Mechanical Keyboard, accessories,1.0,99.99,East,Small Business,Bank Transfer
TX-10500,2025-09-10,CUST-0004,Mechanical Keyboard, accessories,4.0,99.99, North ,Small Business,PayPal
TX-10141,2025-10-19,CUST-0177,4K Monitor,Electronics ,4.0,350.0,West,Corporate,PayPal
TX-11377,2025-10-03,CUST-0231,Mechanical Keyboard, accessories,3.0,99.99,East,Small Business,Bank Transfer
TX-13751,2025-01-17,CUST-0101,Gel Pens 12-Pack,Office Supplies,3.0,12.99, North ,Consumer,Credit Card
TX-12173,2024-08-24,CUST-0245,Ergonomic Chair,Office Supplies,4.0,248.99,West,Corporate,Cash
TX-11138,2025-10-10,CUST-0047,USB-C Multi-Hub, accessories,2.0,39.99,south,Small Business,Credit Card
TX-12581,11/29/2025,CUST-0096,Gel Pens 12-Pack,Office Supplies,5.0,12.99, North ,Corporate,Credit Card
TX-11787,2025-06-20,CUST-0092,USB-C Multi-Hub, accessories,2.0,32.39,East,Corporate,PayPal
TX-12602,2024-11-27,CUST-0037,Smartwatch,Electronics ,2.0,200.0, North ,Small Business,Cash
TX-10550,2025-07-27,CUST-0132,Ergonomic Chair,Office Supplies,8.0,299.99, North ,Corporate,Credit Card
TX-13279,2024-03-31,CUST-0189,USB-C Multi-Hub, accessories,4.0,39.99,south,Corporate,PayPal
TX-12019,2025-02-18,CUST-0027,USB-C Multi-Hub, accessories,3.0,39.99,south,Small Business,Credit Card
TX-10948,2024-12-14,CUST-0395,USB-C Multi-Hub, accessories,2.0,39.99,East,Consumer,Credit Card
TX-12291,2024-04-13,CUST-0168,Laptop Sleeve, accessories,1.0,29.99,East,Small Business,Bank Transfer
TX-10532,2025-10-10,,Mechanical Keyboard, accessories,3.0,99.99,West,Small Business,Cash
TX-11829,2025-01-13,CUST-0036,Premium Tablet,Electronics ,3.0,600.0,East,Small Business,Cash
TX-14640,2024-12-15,CUST-0251,Premium Tablet,Electronics ,3.0,600.0,south,Small Business,Bank Transfer
TX-14444,2025-05-17,CUST-0367,Gel Pens 12-Pack,Office Supplies,4.0,12.99, North ,Consumer,Bank Transfer
TX-13927,2024-11-14,CUST-0272,Noise-Cancelling Headphones,Electronics ,5.0,250.0,West,Corporate,Cash
TX-11602,2025-07-06,CUST-0125,Wireless Mouse, accessories,3.0,49.99, North ,Consumer,Cash
TX-10639,2025-02-22,CUST-0008,Gel Pens 12-Pack,Office Supplies,2.0,12.99,south,Consumer,PayPal
TX-14861,2024-04-30,CUST-0258,Gel Pens 12-Pack,Office Supplies,1.0,12.99,south,Small Business,PayPal
TX-10967,2024-08-29,CUST-0382,Laptop Sleeve, accessories,2.0,29.99,East,Consumer,Bank Transfer
TX-14263,2024-11-01,CUST-0262,Whiteboard,Office Supplies,4.0,79.99, North ,Consumer,Cash
TX-12664,02/27/2025,CUST-0055,Laptop Sleeve, accessories,4.0,26.99,West,Corporate,Bank Transfer
TX-11683,2024-01-07,CUST-0200,Pro Laptop,Electronics ,2.0,1200.0,south,Small Business,Bank Transfer
TX-14776,2024-07-20,CUST-0185,Wireless Mouse, accessories,2.0,49.99, North ,Consumer,Bank Transfer
TX-12374,2025-08-16,CUST-0323,Premium Notebook,Office Supplies,10.0,12.4,south,Corporate,PayPal
TX-10155,2025-09-03,CUST-0335,Desk Mat, accessories,3.0,25.0, North ,Small Business,Credit Card
TX-12522,2024-06-21,CUST-0051,Laptop Sleeve, accessories,2.0,29.99,East,Consumer,Credit Card
TX-12880,2025-01-02,CUST-0327,Smartwatch,Electronics ,3.0,200.0,south,Small Business,PayPal
TX-11089,2024-11-19,CUST-0235,Pro Laptop,Electronics ,3.0,984.0,East,Small Business,Bank Transfer
TX-12694,2024-02-29,CUST-0200,Premium Notebook,Office Supplies,2.0,13.79,,Small Business,Credit Card
TX-14266,2024-02-12,CUST-0162,USB-C Multi-Hub, accessories,4.0,34.79,East,Consumer,Bank Transfer
TX-10288,2024-07-26,CUST-0353,Noise-Cancelling Headphones,Electronics ,4.0,225.0,West,Corporate,Bank Transfer
TX-10930,2025-04-16,CUST-0355,Whiteboard,Office Supplies,4.0,79.99,East,Consumer,Bank Transfer
TX-13463,2024-02-23,CUST-0235,Premium Tablet,Electronics ,2.0,528.0,East,Small Business,PayPal
TX-12644,2024-12-01,CUST-0038,4K Monitor,Electronics ,3.0,350.0,south,Small Business,Credit Card
TX-14289,2024-02-18,CUST-0126,Laptop Sleeve, accessories,1.0,29.99, North ,Consumer,Credit Card
TX-13537,2025-12-05,CUST-0204,Smartwatch,Electronics ,7.0,162.0, North ,Corporate,PayPal
TX-13339,2025-12-25,CUST-0199,Whiteboard,Office Supplies,2.0,70.39,West,Consumer,Bank Transfer
TX-10942,2025-12-02,CUST-0309,Desk Mat, accessories,4.0,25.0,West,Corporate,Bank Transfer
TX-13915,2025-03-25,CUST-0306,Gel Pens 12-Pack,Office Supplies,1.0,12.99,West,Consumer,PayPal
TX-14689,2025-04-29,CUST-0010,Mechanical Keyboard, accessories,3.0,92.99,south,Small Business,Cash
TX-11698,2024-02-09,CUST-0032,Mechanical Keyboard, accessories,6.0,99.99,East,Corporate,Bank Transfer
TX-14823,2025-05-24,CUST-0112,Pro Laptop,Electronics ,,1200.0,West,Corporate,PayPal
TX-14867,2024-07-15,CUST-0031,4K Monitor,Electronics ,8.0,350.0, North ,Corporate,Bank Transfer
TX-12942,2025-03-28,CUST-0053,Smartwatch,Electronics ,2.0,200.0,East,Small Business,Credit Card
TX-12874,2025-04-02,CUST-0165,Whiteboard,Office Supplies,3.0,79.99,West,Small Business,Bank Transfer
TX-10985,2025-07-08,CUST-0296,4K Monitor,Electronics ,10.0,350.0,south,Corporate,PayPal
TX-12812,2025-08-12,CUST-0211,Wireless Mouse, accessories,8.0,49.99,East,Corporate,Cash
TX-14251,2024-08-29,CUST-0143,Pro Laptop,Electronics ,2.0,1200.0, North ,Consumer,PayPal
TX-13388,2025-03-31,CUST-0399,Pro Laptop,Electronics ,1.0,1200.0,West,Consumer,Cash
TX-14806,2024-02-10,CUST-0334,Noise-Cancelling Headphones,Electronics ,4.0,215.0,East,Small Business,PayPal
TX-10981,2025-04-16,CUST-0390,Gel Pens 12-Pack,Office Supplies,2.0,11.17,south,Small Business,Bank Transfer
TX-12527,2024-12-13,CUST-0246,Laptop Sleeve, accessories,2.0,29.99,south,Small Business,Credit Card
TX-12462,2024-02-16,CUST-0164,Whiteboard,Office Supplies,2.0,79.99,East,Consumer,Credit Card
TX-13207,2025-10-14,CUST-0367,Whiteboard,Office Supplies,4.0,79.99, North ,Consumer,Credit Card
TX-12984,2024-09-10,CUST-0106,Pro Laptop,Electronics ,2.0,1200.0,south,Small Business,PayPal
TX-14607,2025-09-27,CUST-0095,Wireless Mouse, accessories,1.0,43.99,south,Consumer,PayPal
TX-14355,2024-01-30,CUST-0005,Pro Laptop,Electronics ,1.0,1200.0, North ,Small Business,Credit Card
TX-11457,2025-11-02,CUST-0095,Laptop Sleeve, accessories,4.0,25.19,south,Consumer,Bank Transfer
TX-11395,2024-04-09,CUST-0149,Desk Mat, accessories,3.0,21.5, North ,Small Business,Credit Card
TX-10264,2025-02-02,CUST-0110,Noise-Cancelling Headphones,Electronics ,1.0,250.0, North ,Small Business,Credit Card
TX-14302,2025-01-18,CUST-0364,Premium Notebook,Office Supplies,2.0,15.5,south,Small Business,Credit Card
TX-10929,2024-01-19,CUST-0003,Ergonomic Chair,Office Supplies,1.0,299.99,south,Consumer,PayPal
TX-13105,2025-11-08,CUST-0375,Wireless Mouse, accessories,5.0,45.99,East,Corporate,Bank Transfer
TX-12178,2025-03-12,CUST-0400,Pro Laptop,Electronics ,2.0,1200.0, North ,Consumer,Credit Card
TX-14928,2025-07-13,CUST-0333,Whiteboard,Office Supplies,4.0,79.99,south,Consumer,Bank Transfer
TX-10246,2025-10-28,CUST-0070,Premium Notebook,Office Supplies,5.0,15.5,East,Corporate,Cash
TX-14224,2024-06-25,CUST-0318,Premium Notebook,Office Supplies,4.0,15.5, North ,Small Business,Bank Transfer
TX-11758,2025-06-03,CUST-0363,Whiteboard,Office Supplies,7.0,79.99,West,Corporate,Credit Card
TX-14894,2024-05-26,CUST-0070,Ergonomic Chair,Office Supplies,9.0,299.99,East,Corporate,Bank Transfer
TX-12851,2024-12-25,CUST-0068,Pro Laptop,Electronics ,1.0,1200.0,East,Small Business,Bank Transfer
TX-10923,2025-06-19,CUST-0219,Whiteboard,Office Supplies,1.0,79.99, North ,Small Business,Credit Card
TX-12377,2024-03-10,CUST-0320,Pro Laptop,Electronics ,3.0,1200.0,south,Consumer,Credit Card
TX-10268,2024-09-01,CUST-0094,Standing Desk,Office Supplies,4.0,450.0,West,Consumer,Cash
TX-10669,2025-06-02,CUST-0282,Ergonomic Chair,Office Supplies,1.0,299.99,south,Consumer,Bank Transfer
TX-12775,2025-07-21,CUST-0175,Standing Desk,Office Supplies,1.0,450.0,,Consumer,PayPal
TX-11910,2024-02-18,CUST-0046,USB-C Multi-Hub, accessories,4.0,39.99,East,Consumer,Cash
TX-13727,2024-12-25,CUST-0039,Gel Pens 12-Pack,Office Supplies,2.0,11.17,south,Consumer,PayPal
TX-11152,2024-07-19,CUST-0377,Wireless Mouse, accessories,7.0,49.99,south,Corporate,Credit Card
TX-14846,2025-08-05,CUST-0055,USB-C Multi-Hub, accessories,5.0,39.99,West,Corporate,Cash
TX-13505,2024-10-15,CUST-0346,Premium Notebook,Office Supplies,2.0,15.5,East,Small Business,Cash
TX-14267,2024-06-09,CUST-0273,Gel Pens 12-Pack,Office Supplies,1.0,11.82,East,Consumer,Bank Transfer
TX-13933,2025-05-10,CUST-0266,Standing Desk,Office Supplies,1.0,450.0,south,Consumer,Bank Transfer
TX-12656,2025-03-14,CUST-0234,Ergonomic Chair,Office Supplies,4.0,263.99,West,Small Business,Cash
TX-13026,2024-08-16,CUST-0345,Premium Tablet,Electronics ,2.0,510.0,south,Small Business,Cash
TX-11915,2024-12-17,CUST-0321,4K Monitor,Electronics ,3.0,350.0, North ,Small Business,PayPal
TX-10612,2024-02-20,CUST-0281,Premium Notebook,Office Supplies,1.0,15.5, North ,Consumer,Cash
TX-12438,2024-10-29,CUST-0048,Ergonomic Chair,Office Supplies,2.0,299.99,East,Consumer,Bank Transfer
TX-14845,2024-04-19,CUST-0179,Premium Notebook,Office Supplies,10.0,15.5,West,Corporate,Bank Transfer
TX-11898,2025-11-14,CUST-0128,4K Monitor,Electronics ,3.0,350.0,West,Corporate,Credit Card
TX-11649,2025-04-12,CUST-0312,Whiteboard,Office Supplies,6.0,79.99,West,Corporate,Credit Card
TX-12486,2025-09-26,CUST-0172,Ergonomic Chair,Office Supplies,7.0,260.99,south,Corporate,Cash
TX-10258,2024-03-28,CUST-0060,Mechanical Keyboard, accessories,3.0,99.99,south,Small Business,Bank Transfer
TX-10847,2024-05-01,CUST-0197,Premium Notebook,Office Supplies,4.0,15.5,south,Consumer,Cash
TX-14277,2025-12-23,CUST-0112,Premium Tablet,Electronics ,9.0,600.0,West,Corporate,PayPal
TX-11233,2024-07-03,CUST-0332,Ergonomic Chair,Office Supplies,3.0,299.99,south,Consumer,PayPal
TX-11127,2025-11-12,CUST-0313,Noise-Cancelling Headphones,Electronics ,7.0,205.0,West,Corporate,Credit Card
TX-11967,2024-05-10,CUST-0050,Desk Mat, accessories,2.0,25.0,West,Consumer,Credit Card
TX-10558,2024-03-06,CUST-0243,Wireless Mouse, accessories,1.0,49.99,West,Small Business,Cash
TX-13961,2025-06-30,CUST-0332,Noise-Cancelling Headphones,Electronics ,2.0,250.0,south,Consumer,Bank Transfer
TX-10484,2025-04-06,CUST-0338,Whiteboard,Office Supplies,2.0,79.99,East,Consumer,Bank Transfer
TX-12211,2025-02-16,CUST-0211,Mechanical Keyboard, accessories,4.0,82.99,East,Corporate,Bank Transfer
TX-11320,2024-07-03,CUST-0048,Smartwatch,Electronics ,3.0,200.0,East,Consumer,PayPal
TX-12634,2024-05-11,CUST-0245,Mechanical Keyboard, accessories,10.0,92.99,West,Corporate,Bank Transfer
TX-10007,2024-11-10,CUST-0148,Ergonomic Chair,Office Supplies,4.0,299.99,south,Small Business,Bank Transfer
TX-14733,2024-05-03,CUST-0105,Gel Pens 12-Pack,Office Supplies,2.0,12.99,West,Consumer,Cash
TX-14526,2025-01-06,CUST-0117,Premium Tablet,Electronics ,3.0,534.0,East,Consumer,Cash
TX-11450,2025-04-23,CUST-0382,Premium Tablet,Electronics ,1.0,600.0,East,Consumer,Bank Transfer
TX-14037,2024-09-22,CUST-0077,Whiteboard,Office Supplies,4.0,79.99,south,Consumer,PayPal
TX-11814,2025-04-19,CUST-0167,Desk Mat, accessories,2.0,25.0, North ,Small Business,PayPal
TX-10773,09/09/2024,CUST-0127,Gel Pens 12-Pack,Office Supplies,2.0,12.99,south,Consumer,PayPal
TX-11011,2025-05-20,CUST-0088,Mechanical Keyboard, accessories,2.0,99.99,West,Small Business,Credit Card
TX-12859,2025-10-02,CUST-0167,Noise-Cancelling Headphones,Electronics ,3.0,250.0, North ,Small Business,Cash
TX-14084,2025-08-20,CUST-0078,Premium Notebook,Office Supplies,2.0,15.5,East,Consumer,Credit Card
TX-11991,2024-10-05,CUST-0259,Smartwatch,Electronics ,4.0,186.0,West,Corporate,PayPal
TX-11277,09/17/2025,CUST-0311,Premium Tablet,Electronics ,9.0,600.0,East,Corporate,Credit Card
TX-11783,2025-05-17,CUST-0054,Whiteboard,Office Supplies,4.0,79.99,West,Small Business,Cash
TX-13150,2024-02-23,CUST-0202,Pro Laptop,Electronics ,8.0,1200.0,south,Corporate,Cash
TX-10446,2024-05-11,CUST-0337,Laptop Sleeve, accessories,3.0,29.99,West,Small Business,Cash
TX-10880,2024-11-12,CUST-0359,Ergonomic Chair,Office Supplies,2.0,299.99,East,Small Business,Cash
TX-14485,2025-07-19,CUST-0140,Whiteboard,Office Supplies,3.0,79.99, North ,Small Business,Bank Transfer
TX-10781,2024-03-23,CUST-0172,Wireless Mouse, accessories,10.0,49.99,south,Corporate,Bank Transfer
TX-11749,2025-06-02,CUST-0359,Laptop Sleeve, accessories,3.0,29.99,East,Small Business,PayPal
TX-13438,2025-04-27,CUST-0389,Ergonomic Chair,Office Supplies,2.0,299.99,East,Small Business,Credit Card
TX-14962,2024-09-21,CUST-0089,Premium Tablet,Electronics ,4.0,600.0,south,Corporate,PayPal
TX-10883,2024-03-23,CUST-0252,Gel Pens 12-Pack,Office Supplies,3.0,12.99,East,Consumer,Cash
TX-12407,2025-07-26,CUST-0041,4K Monitor,Electronics ,3.0,350.0,East,Small Business,Cash
TX-11091,2024-04-07,CUST-0324,Desk Mat, accessories,2.0,21.0, North ,Small Business,Bank Transfer
TX-12980,2025-03-04,CUST-0384,Premium Notebook,Office Supplies,8.0,13.48,south,Corporate,Credit Card
TX-10531,2024-12-13,CUST-0235,Desk Mat, accessories,1.0,23.5,East,Small Business,Cash
TX-14575,2025-05-19,CUST-0337,Premium Notebook,Office Supplies,4.0,15.5,West,Small Business,Bank Transfer
TX-14604,2025-05-22,CUST-0019,Whiteboard,Office Supplies,2.0,79.99,West,Consumer,Bank Transfer
TX-14334,2024-02-19,CUST-0287,Standing Desk,Office Supplies,2.0,450.0,East,Small Business,PayPal
TX-11727,2024-12-24,CUST-0072,Ergonomic Chair,Office Supplies,2.0,299.99, North ,Small Business,PayPal
TX-10610,2025-02-06,CUST-0229,Laptop Sleeve, accessories,1.0,29.99,East,Small Business,PayPal
TX-10570,2024-03-11,CUST-0094,Noise-Cancelling Headphones,Electronics ,1.0,250.0,West,Consumer,Cash
TX-12710,2025-05-10,CUST-0383,4K Monitor,Electronics ,7.0,350.0,south,Corporate,Credit Card
TX-13097,2025-08-05,CUST-0299,Standing Desk,Office Supplies,5.0,450.0, North ,Corporate,Bank Transfer
TX-10343,2024-06-26,CUST-0091,4K Monitor,Electronics ,3.0,350.0,south,Small Business,Bank Transfer
TX-13044,2024-03-25,CUST-0278,Premium Notebook,Office Supplies,4.0,15.5,East,Consumer,Bank Transfer
TX-13185,2025-05-09,CUST-0170,Ergonomic Chair,Office Supplies,3.0,299.99,East,Consumer,Bank Transfer
TX-10434,2024-10-11,CUST-0282,Desk Mat, accessories,4.0,22.0,south,Consumer,PayPal
TX-11903,2024-07-28,CUST-0326,Wireless Mouse, accessories,9.0,46.99,East,Corporate,PayPal
TX-13858,2024-08-20,CUST-0222,Standing Desk,Office Supplies,7.0,450.0,,Corporate,Cash
TX-12418,2024-02-01,CUST-0099,Laptop Sleeve, accessories,4.0,29.99,south,Consumer,PayPal
TX-12069,2024-03-28,CUST-0069,4K Monitor,Electronics ,1.0,350.0,East,Consumer,PayPal
TX-11537,2025-08-29,CUST-0310,Whiteboard,Office Supplies,9.0,66.39,south,Corporate,PayPal
TX-12498,2024-02-20,CUST-0182,Laptop Sleeve, accessories,3.0,29.99,East,Consumer,Credit Card
TX-12378,2024-04-25,CUST-0301,Mechanical Keyboard, accessories,3.0,99.99,West,Small Business,PayPal
TX-11517,2025-12-20,CUST-0009,Gel Pens 12-Pack,Office Supplies,3.0,12.99, North ,Small Business,Credit Card
TX-10965,2025-06-01,CUST-0031,Premium Notebook,Office Supplies,10.0,13.02, North ,Corporate,Bank Transfer
TX-14432,2024-10-22,CUST-0289,Premium Notebook,Office Supplies,3.0,15.5, North ,Consumer,Cash
TX-10528,2024-10-10,CUST-0233,Whiteboard,Office Supplies,2.0,69.59,West,Corporate,Bank Transfer
TX-10176,2025-04-28,CUST-0052,Mechanical Keyboard, accessories,1.0,99.99,south,Small Business,PayPal
TX-13534,2025-03-18,CUST-0279,USB-C Multi-Hub, accessories,2.0,39.99,East,Corporate,Credit Card
TX-13206,2025-08-28,CUST-0272,USB-C Multi-Hub, accessories,9.0,32.79,West,Corporate,Bank Transfer
TX-14323,2024-01-31,CUST-0058,Premium Tablet,Electronics ,2.0,600.0, North ,Consumer,Credit Card
TX-10572,2024-10-02,CUST-0373,Premium Tablet,Electronics ,3.0,552.0,East,Corporate,PayPal
TX-12331,2024-09-14,CUST-0002,Pro Laptop,Electronics ,1.0,1200.0,East,Consumer,Credit Card
TX-13560,2024-08-22,CUST-0339,Whiteboard,Office Supplies,4.0,79.99,East,Consumer,PayPal
TX-14468,05/31/2024,CUST-0306,Premium Tablet,Electronics ,3.0,600.0,West,Consumer,Credit Card
TX-13259,2024-05-17,CUST-0014,Desk Mat, accessories,1.0,25.0,south,Small Business,Cash
TX-12620,2025-11-12,CUST-0255,Premium Notebook,Office Supplies,9.0,15.5,south,Corporate,Cash
TX-12208,2025-10-06,CUST-0299,Gel Pens 12-Pack,Office Supplies,4.0,12.99, North ,Corporate,Credit Card
TX-12607,08/06/2025,CUST-0344,4K Monitor,Electronics ,8.0,350.0,south,Corporate,PayPal
TX-13411,2024-08-16,CUST-0215,Laptop Sleeve, accessories,1.0,29.99,East,Consumer,Bank Transfer
TX-10383,2025-06-20,CUST-0292,Premium Tablet,Electronics ,5.0,600.0,West,Corporate,PayPal
TX-10852,2025-08-20,CUST-0014,USB-C Multi-Hub, accessories,4.0,39.99,south,Small Business,Credit Card
TX-11880,2024-02-05,CUST-0330,Premium Notebook,Office Supplies,2.0,15.5, North ,Corporate,Credit Card
TX-10370,2024-06-26,CUST-0086,Premium Tablet,Electronics ,2.0,600.0,West,Consumer,Credit Card
TX-13513,2024-04-03,CUST-0130,Standing Desk,Office Supplies,4.0,450.0,West,Consumer,Cash
TX-14349,2024-03-15,CUST-0213,Desk Mat, accessories,1.0,25.0,East,Small Business,Credit Card
TX-11105,2025-03-08,CUST-0377,Standing Desk,Office Supplies,9.0,450.0,south,Corporate,Credit Card
TX-14244,2024-05-24,CUST-0033,Gel Pens 12-Pack,Office Supplies,3.0,12.99,East,Consumer,Bank Transfer
TX-14002,2025-06-09,CUST-0269,Laptop Sleeve, accessories,3.0,24.89,East,Corporate,PayPal
TX-11336,2024-12-02,CUST-0165,4K Monitor,Electronics ,1.0,350.0,West,Small Business,Cash
TX-12189,2025-10-19,CUST-0374,Desk Mat, accessories,3.0,20.75,West,Corporate,Bank Transfer
TX-14620,2024-02-27,CUST-0178,Whiteboard,Office Supplies,3.0,79.99, North ,Consumer,Cash
TX-12351,2024-04-11,CUST-0077,Smartwatch,Electronics ,3.0,200.0,south,Consumer,Credit Card
TX-14076,2025-02-01,CUST-0340,Noise-Cancelling Headphones,Electronics ,3.0,250.0,West,Corporate,PayPal
TX-14051,2025-02-03,CUST-0140,Gel Pens 12-Pack,Office Supplies,2.0,12.99, North ,Small Business,PayPal
TX-14877,2025-11-16,CUST-0210,Noise-Cancelling Headphones,Electronics ,6.0,250.0,,Corporate,Bank Transfer
TX-11171,2025-10-10,CUST-0099,USB-C Multi-Hub, accessories,2.0,39.99,south,Consumer,Cash
TX-12897,2024-03-23,CUST-0297,Premium Tablet,Electronics ,7.0,480.0,south,Corporate,Credit Card
TX-14726,2024-08-13,CUST-0224,4K Monitor,Electronics ,1.0,350.0, North ,Small Business,Bank Transfer
TX-11422,2024-05-10,CUST-0265,Ergonomic Chair,Office Supplies,1.0,299.99,West,Consumer,Cash
TX-12373,2024-06-05,CUST-0288,Ergonomic Chair,Office Supplies,8.0,242.99,West,Corporate,PayPal
TX-14925,2025-04-01,CUST-0318,Premium Tablet,Electronics ,2.0,486.0, North ,Small Business,PayPal
TX-14180,2025-02-05,CUST-0057,Pro Laptop,Electronics ,2.0,1200.0,,Consumer,Credit Card
TX-11464,2025-08-19,CUST-0017,Mechanical Keyboard, accessories,8.0,99.99,south,Corporate,Credit Card
TX-10874,2024-04-02,CUST-0122,Wireless Mouse, accessories,7.0,49.99,East,Corporate,Bank Transfer
TX-12297,2025-03-26,CUST-0036,Pro Laptop,Electronics ,3.0,1200.0,East,Small Business,PayPal
TX-13539,2025-08-20,CUST-0124,Whiteboard,Office Supplies,1.0,79.99,West,Small Business,PayPal
TX-14366,2024-12-03,CUST-0044,Desk Mat, accessories,3.0,22.5,south,Consumer,Cash
TX-11251,2025-07-16,CUST-0255,Laptop Sleeve, accessories,9.0,29.99,south,Corporate,PayPal
TX-12380,2024-12-15,CUST-0131,Whiteboard,Office Supplies,10.0,79.99,south,Corporate,Credit Card
TX-10840,2024-12-12,CUST-0063,Smartwatch,Electronics ,4.0,200.0,West,Small Business,Bank Transfer
TX-13114,2025-10-19,CUST-0004,Standing Desk,Office Supplies,3.0,450.0, North ,Small Business,Cash
TX-10581,2025-09-25,CUST-0174,Wireless Mouse, accessories,1.0,49.99,south,Small Business,Bank Transfer
TX-10204,2025-08-12,CUST-0164,Laptop Sleeve, accessories,3.0,29.99,East,Consumer,PayPal
TX-11641,2024-06-23,CUST-0330,4K Monitor,Electronics ,10.0,350.0, North ,Corporate,Bank Transfer
TX-12014,2024-02-08,CUST-0136,Desk Mat, accessories,3.0,25.0,south,Corporate,PayPal
TX-10905,2024-11-19,CUST-0252,4K Monitor,Electronics ,4.0,329.0,East,Consumer,Credit Card
TX-10631,2024-06-05,CUST-0219,Whiteboard,Office Supplies,3.0,79.99, North ,Small Business,Cash
TX-13138,2024-04-30,CUST-0307,Laptop Sleeve, accessories,1.0,29.99,West,Consumer,Bank Transfer
TX-11974,2025-03-21,CUST-0297,Desk Mat, accessories,9.0,25.0,south,Corporate,PayPal
TX-10162,2024-11-02,CUST-0261,Desk Mat, accessories,3.0,25.0,south,Small Business,Cash
TX-13846,2025-12-31,CUST-0175,4K Monitor,Electronics ,2.0,350.0,East,Consumer,Cash
TX-12906,2025-03-05,CUST-0275,Smartwatch,Electronics ,4.0,200.0,West,Small Business,Bank Transfer
TX-14521,2024-08-08,CUST-0367,Whiteboard,Office Supplies,3.0,66.39, North ,Consumer,PayPal
TX-10617,2025-09-23,CUST-0227,Mechanical Keyboard, accessories,4.0,99.99,West,Consumer,Credit Card
TX-10875,2025-02-03,CUST-0384,Mechanical Keyboard, accessories,8.0,91.99,south,Corporate,PayPal
TX-11431,2024-11-06,CUST-0117,Pro Laptop,Electronics ,1.0,1200.0,East,Consumer,PayPal
TX-10547,2024-05-17,CUST-0323,Laptop Sleeve, accessories,7.0,29.99,south,Corporate,Cash
TX-13384,07/07/2024,CUST-0371,Smartwatch,Electronics ,4.0,200.0,East,Corporate,Cash
TX-14572,2024-12-17,CUST-0243,Noise-Cancelling Headphones,Electronics ,4.0,250.0,West,Small Business,Cash
TX-14248,2024-05-27,CUST-0319,Smartwatch,Electronics ,4.0,200.0, North ,Consumer,Cash
TX-13755,2025-06-15,CUST-0057,Gel Pens 12-Pack,Office Supplies,3.0,12.99,West,Consumer,PayPal
TX-12704,2024-06-14,CUST-0277,Standing Desk,Office Supplies,4.0,450.0,West,Consumer,PayPal
TX-12512,2025-08-09,,Premium Tablet,Electronics ,3.0,600.0,south,Consumer,Bank Transfer
TX-14162,2024-10-18,CUST-0314,USB-C Multi-Hub, accessories,6.0,39.99, North ,Corporate,Bank Transfer
TX-11861,2024-04-18,CUST-0035,Gel Pens 12-Pack,Office Supplies,3.0,12.99,south,Small Business,PayPal
TX-10640,03/08/2024,CUST-0091,Whiteboard,Office Supplies,4.0,79.99,south,Small Business,Bank Transfer
TX-14379,2025-04-24,CUST-0020,Laptop Sleeve, accessories,6.0,29.99,East,Corporate,Credit Card
TX-10637,2024-08-24,CUST-0184,Smartwatch,Electronics ,2.0,200.0,West,Small Business,Cash
TX-13819,2024-06-05,CUST-0364,USB-C Multi-Hub, accessories,4.0,39.99,south,Small Business,Cash
TX-13966,2024-03-27,CUST-0368,Ergonomic Chair,Office Supplies,1.0,272.99,East,Consumer,Bank Transfer
TX-13734,2025-09-04,CUST-0257,Laptop Sleeve, accessories,4.0,29.99,West,Small Business,Bank Transfer
TX-12096,2024-05-24,CUST-0146,Standing Desk,Office Supplies,8.0,450.0,south,Corporate,Credit Card
TX-12587,2025-03-29,CUST-0316,4K Monitor,Electronics ,4.0,350.0, North ,Corporate,Credit Card
TX-14101,2024-09-03,CUST-0237,USB-C Multi-Hub, accessories,3.0,39.99,West,Small Business,PayPal
TX-13728,2024-02-03,CUST-0024,USB-C Multi-Hub, accessories,1.0,39.99,,Small Business,Cash
TX-12883,2024-03-12,CUST-0322,Noise-Cancelling Headphones,Electronics ,3.0,250.0,south,Consumer,Credit Card
TX-10921,2025-04-19,CUST-0332,Mechanical Keyboard, accessories,4.0,99.99,south,Consumer,Credit Card
TX-10546,2025-01-25,CUST-0379,Smartwatch,Electronics ,1.0,200.0,south,Consumer,PayPal
TX-13720,2025-04-17,CUST-0237,Standing Desk,Office Supplies,4.0,450.0,West,Small Business,PayPal
TX-11900,2025-08-04,,Pro Laptop,Electronics ,7.0,1200.0,East,Corporate,PayPal
TX-12028,2025-12-15,CUST-0027,Smartwatch,Electronics ,2.0,160.0,south,Small Business,Credit Card
TX-12301,2024-09-28,CUST-0251,Desk Mat, accessories,4.0,25.0,south,Small Business,Bank Transfer
TX-11885,2024-09-24,CUST-0117,Pro Laptop,Electronics ,1.0,1200.0,East,Consumer,Credit Card
TX-11642,2025-01-22,CUST-0249,Mechanical Keyboard, accessories,10.0,81.99, North ,Corporate,Cash
TX-13613,2024-06-26,CUST-0017,Mechanical Keyboard, accessories,3.0,99.99,south,Corporate,Cash
TX-14838,2025-09-06,CUST-0287,Laptop Sleeve, accessories,4.0,29.99,,Small Business,Cash
TX-12097,2025-06-26,CUST-0034,Desk Mat, accessories,7.0,25.0,East,Corporate,Bank Transfer
TX-14383,2024-11-06,CUST-0251,4K Monitor,Electronics ,3.0,350.0,south,Small Business,PayPal
TX-13615,2025-01-24,CUST-0308,Smartwatch,Electronics ,10.0,200.0, North ,Corporate,Bank Transfer
TX-14520,2024-02-26,CUST-0321,Premium Notebook,Office Supplies,2.0,15.5, North ,Small Business,Credit Card
TX-14997,2024-07-12,CUST-0375,Smartwatch,Electronics ,4.0,200.0,East,Corporate,Bank Transfer
TX-10836,2025-09-06,CUST-0352,Standing Desk,Office Supplies,10.0,450.0,south,Corporate,Cash
TX-10601,2025-07-30,CUST-0280,Smartwatch,Electronics ,3.0,200.0,East,Small Business,Bank Transfer
TX-12184,2024-12-16,CUST-0245,Laptop Sleeve, accessories,10.0,29.99,West,Corporate,PayPal
TX-13921,2024-01-29,CUST-0194,USB-C Multi-Hub, accessories,2.0,39.99,south,Small Business,Credit Card
TX-14789,2024-04-26,CUST-0287,Wireless Mouse, accessories,1.0,43.49,East,Small Business,Credit Card
TX-14333,11/28/2025,CUST-0005,4K Monitor,Electronics ,4.0,350.0,,Small Business,Credit Card
TX-11582,05/28/2025,CUST-0001,Laptop Sleeve, accessories,4.0,29.99, North ,Consumer,Credit Card
TX-14292,2024-01-18,CUST-0060,Standing Desk,Office Supplies,2.0,450.0,south,Small Business,Cash
TX-12569,06/10/2024,CUST-0213,Noise-Cancelling Headphones,Electronics ,3.0,250.0,East,Small Business,Bank Transfer
TX-12765,2024-03-26,CUST-0036,Mechanical Keyboard, accessories,2.0,99.99,East,Small Business,PayPal
TX-11070,2024-03-06,CUST-0205,Mechanical Keyboard, accessories,10.0,99.99, North ,Corporate,Bank Transfer
TX-11775,2024-06-30,CUST-0228,4K Monitor,Electronics ,1.0,350.0,East,Small Business,Credit Card
TX-14837,2025-12-10,CUST-0337,Smartwatch,Electronics ,4.0,200.0,West,Small Business,Credit Card
TX-11283,2025-11-29,CUST-0350,4K Monitor,Electronics ,1.0,350.0,south,Consumer,PayPal
TX-13094,2024-05-12,CUST-0159,Desk Mat, accessories,2.0,25.0, North ,Consumer,PayPal
TX-14782,2025-02-10,CUST-0296,Mechanical Keyboard, accessories,3.0,99.99,south,Corporate,Bank Transfer
TX-11836,2025-04-26,CUST-0019,USB-C Multi-Hub, accessories,4.0,39.99,West,Consumer,Bank Transfer
TX-14503,2024-07-11,CUST-0369,4K Monitor,Electronics ,3.0,350.0,West,Small Business,Bank Transfer
TX-11019,2024-01-25,CUST-0304,USB-C Multi-Hub, accessories,6.0,36.39, North ,Corporate,PayPal
TX-13253,2024-03-08,CUST-0181,Wireless Mouse, accessories,3.0,49.99,East,Consumer,Cash
TX-11326,2024-04-27,CUST-0016,Standing Desk,Office Supplies,2.0,450.0,East,Consumer,Credit Card
TX-10475,2024-04-18,CUST-0149,USB-C Multi-Hub, accessories,1.0,39.99, North ,Small Business,Bank Transfer
TX-14610,2024-09-30,CUST-0022,Laptop Sleeve, accessories,3.0,23.99,West,Small Business,PayPal
TX-11651,2025-08-22,CUST-0390,Desk Mat, accessories,4.0,25.0,south,Small Business,Credit Card
TX-14055,2025-09-21,CUST-0096,Desk Mat, accessories,6.0,22.25, North ,Corporate,Credit Card
TX-14311,2024-03-29,CUST-0284,Wireless Mouse, accessories,1.0,49.99,south,Small Business,PayPal
TX-12648,2025-07-07,,4K Monitor,Electronics ,7.0,350.0,West,Corporate,PayPal
TX-14839,2025-05-02,CUST-0377,Premium Notebook,Office Supplies,3.0,15.5,south,Corporate,PayPal
TX-14217,2025-12-02,CUST-0053,Standing Desk,Office Supplies,1.0,450.0,East,Small Business,Cash
TX-11373,2024-12-09,CUST-0377,Whiteboard,Office Supplies,6.0,79.99,south,Corporate,Cash
TX-10739,2025-02-04,CUST-0295,4K Monitor,Electronics ,4.0,350.0,West,Small Business,Cash
TX-14873,2024-09-21,CUST-0035,4K Monitor,Electronics ,1.0,332.5,south,Small Business,PayPal
TX-12473,2025-03-16,CUST-0349,Pro Laptop,Electronics ,9.0,1200.0,East,Corporate,Bank Transfer
TX-10867,2024-03-06,CUST-0325,Smartwatch,Electronics ,6.0,200.0,south,Corporate,Bank Transfer
TX-11140,2024-04-28,CUST-0058,Noise-Cancelling Headphones,Electronics ,2.0,250.0, North ,Consumer,Credit Card
TX-10997,2025-10-13,CUST-0073,Whiteboard,Office Supplies,2.0,79.99,East,Small Business,PayPal
TX-11337,2024-08-05,CUST-0270,Pro Laptop,Electronics ,3.0,1200.0,West,Small Business,Credit Card
TX-10541,2025-04-16,CUST-0162,Wireless Mouse, accessories,1.0,49.99,East,Consumer,PayPal
TX-11099,2025-11-11,CUST-0352,Mechanical Keyboard, accessories,8.0,85.99,south,Corporate,Bank Transfer
TX-11132,2025-05-02,CUST-0338,Wireless Mouse, accessories,4.0,49.99,East,Consumer,Bank Transfer
TX-14881,2024-07-18,CUST-0178,USB-C Multi-Hub, accessories,2.0,39.99, North ,Consumer,Bank Transfer
TX-12755,2024-04-03,CUST-0035,Desk Mat, accessories,2.0,25.0,south,Small Business,PayPal
TX-12258,2025-09-30,CUST-0062,Laptop Sleeve, accessories,3.0,29.99, North ,Corporate,Credit Card
TX-14044,2024-09-25,CUST-0041,Ergonomic Chair,Office Supplies,2.0,299.99,East,Small Business,Credit Card
TX-10059,2025-06-09,CUST-0304,Smartwatch,Electronics ,10.0,200.0, North ,Corporate,PayPal
TX-12925,2025-01-28,CUST-0309,Desk Mat, accessories,10.0,25.0,West,Corporate,Bank Transfer
TX-11938,2025-09-11,CUST-0289,Smartwatch,Electronics ,4.0,200.0, North ,Consumer,Bank Transfer
TX-12614,2024-01-29,CUST-0236,Whiteboard,Office Supplies,4.0,79.99,south,Consumer,Cash
TX-14966,2025-05-09,CUST-0037,Premium Notebook,Office Supplies,1.0,15.5, North ,Small Business,Cash
TX-11078,2025-02-12,CUST-0100,Ergonomic Chair,Office Supplies,1.0,242.99, North ,Small Business,Bank Transfer
TX-12960,2024-05-13,CUST-0234,Mechanical Keyboard, accessories,2.0,99.99,West,Small Business,Credit Card
TX-13173,2024-07-18,CUST-0166,Laptop Sleeve, accessories,4.0,29.99,East,Small Business,Bank Transfer
TX-14095,2024-03-24,CUST-0204,Ergonomic Chair,Office Supplies,9.0,257.99, North ,Corporate,Cash
TX-10940,2025-10-25,CUST-0254,USB-C Multi-Hub, accessories,4.0,36.39, North ,Consumer,Cash
TX-11080,2024-06-14,CUST-0088,4K Monitor,Electronics ,1.0,350.0,West,Small Business,PayPal
TX-10187,2024-03-04,CUST-0342,Smartwatch,Electronics ,3.0,200.0,East,Small Business,PayPal
TX-12673,2025-09-24,CUST-0129,USB-C Multi-Hub, accessories,2.0,39.99,West,Consumer,Bank Transfer
TX-12085,2025-02-18,,Whiteboard,Office Supplies,3.0,79.99,south,Small Business,Bank Transfer
TX-12249,2025-02-06,CUST-0236,Desk Mat, accessories,2.0,25.0,south,Consumer,PayPal
TX-14920,2025-02-25,CUST-0279,Wireless Mouse, accessories,2.0,49.99,East,Corporate,Credit Card
TX-12023,2024-02-28,CUST-0224,Gel Pens 12-Pack,Office Supplies,2.0,12.99, North ,Small Business,Cash
TX-12721,2024-07-01,CUST-0377,Wireless Mouse, accessories,4.0,49.99,south,Corporate,Cash
TX-11492,2025-10-07,CUST-0345,Noise-Cancelling Headphones,Electronics ,1.0,210.0,south,Small Business,Cash
TX-13660,2025-02-19,CUST-0020,4K Monitor,Electronics ,8.0,350.0,East,Corporate,PayPal
TX-10226,2025-11-21,CUST-0092,Pro Laptop,Electronics ,10.0,1200.0,East,Corporate,PayPal
TX-13352,2025-08-22,,USB-C Multi-Hub, accessories,,39.99,south,Corporate,PayPal
TX-11929,2025-07-10,CUST-0048,Premium Tablet,Electronics ,1.0,600.0,East,Consumer,Cash
TX-13100,2024-07-10,CUST-0191,Ergonomic Chair,Office Supplies,6.0,299.99,East,Corporate,Credit Card
TX-14515,2024-07-09,CUST-0066,USB-C Multi-Hub, accessories,2.0,32.79, North ,Small Business,Bank Transfer
TX-11404,2024-04-19,CUST-0238,Gel Pens 12-Pack,Office Supplies,2.0,12.99,West,Small Business,Credit Card
TX-12179,2024-07-27,CUST-0204,Wireless Mouse, accessories,2.0,43.99, North ,Corporate,Cash
TX-10697,2025-03-31,CUST-0091,Gel Pens 12-Pack,Office Supplies,1.0,12.99,south,Small Business,Credit Card
TX-11124,2025-11-19,CUST-0005,Noise-Cancelling Headphones,Electronics ,1.0,217.5, North ,Small Business,Credit Card
TX-12836,2025-07-10,CUST-0299,Pro Laptop,Electronics ,7.0,1200.0, North ,Corporate,Cash
TX-13396,2025-03-29,CUST-0085,Laptop Sleeve, accessories,2.0,29.99, North ,Consumer,Credit Card
TX-11778,2024-04-29,CUST-0343,Wireless Mouse, accessories,3.0,49.99,West,Small Business,PayPal
TX-12900,2025-01-22,CUST-0281,Pro Laptop,Electronics ,2.0,1200.0, North ,Consumer,Credit Card
TX-11037,2024-06-27,CUST-0174,Mechanical Keyboard, accessories,2.0,81.99,south,Small Business,PayPal
TX-14200,2025-06-14,CUST-0383,Wireless Mouse, accessories,3.0,49.99,south,Corporate,PayPal
TX-12256,2025-05-16,CUST-0266,Gel Pens 12-Pack,Office Supplies,3.0,12.99,south,Consumer,Credit Card
TX-10313,2024-04-15,CUST-0294,Wireless Mouse, accessories,5.0,40.99,East,Corporate,Credit Card
TX-12281,2024-07-23,CUST-0311,Pro Laptop,Electronics ,6.0,1008.0,East,Corporate,Credit Card
TX-11416,2025-12-16,CUST-0069,Laptop Sleeve, accessories,2.0,29.99,East,Consumer,PayPal
TX-11036,2025-01-03,CUST-0023,Premium Tablet,Electronics ,5.0,492.0, North ,Corporate,Bank Transfer
TX-12159,2025-07-23,CUST-0358,Laptop Sleeve, accessories,4.0,29.99,East,Corporate,Bank Transfer
TX-14557,2024-01-14,CUST-0251,Ergonomic Chair,Office Supplies,3.0,281.99,south,Small Business,Credit Card
TX-11754,2024-01-22,CUST-0314,Gel Pens 12-Pack,Office Supplies,8.0,12.99, North ,Corporate,PayPal
TX-13158,2024-12-03,CUST-0064,Wireless Mouse, accessories,1.0,49.99,West,Small Business,Cash
TX-13862,2025-03-01,CUST-0374,Whiteboard,Office Supplies,6.0,69.59,West,Corporate,Credit Card
TX-13611,2024-04-12,CUST-0125,Noise-Cancelling Headphones,Electronics ,4.0,225.0, North ,Consumer,Credit Card
TX-14854,2024-04-18,CUST-0391,Pro Laptop,Electronics ,4.0,1200.0,West,Consumer,PayPal
TX-13467,2025-11-18,CUST-0219,Pro Laptop,Electronics ,1.0,1200.0, North ,Small Business,Credit Card
TX-13481,2025-04-03,CUST-0057,Gel Pens 12-Pack,Office Supplies,3.0,10.52,West,Consumer,Credit Card
TX-11506,2025-10-02,CUST-0313,Standing Desk,Office Supplies,150.0,450.0,West,Corporate,Credit Card
TX-11923,2024-07-31,CUST-0096,Wireless Mouse, accessories,3.0,49.99, North ,Corporate,Bank Transfer
TX-10448,2025-04-08,CUST-0069,Smartwatch,Electronics ,3.0,200.0,East,Consumer,Bank Transfer
TX-12476,2025-09-01,CUST-0132,Gel Pens 12-Pack,Office Supplies,3.0,12.99, North ,Corporate,Cash
TX-14290,2025-05-31,CUST-0389,Standing Desk,Office Supplies,2.0,450.0,East,Small Business,PayPal
TX-14999,2025-09-01,CUST-0388,USB-C Multi-Hub, accessories,1.0,39.99, North ,Consumer,Bank Transfer
TX-12600,2024-04-27,CUST-0140,Gel Pens 12-Pack,Office Supplies,3.0,12.99, North ,Small Business,Credit Card
TX-10361,2024-04-08,CUST-0026,Whiteboard,Office Supplies,4.0,75.99,East,Small Business,PayPal
TX-12183,2024-02-11,CUST-0156,Wireless Mouse, accessories,10.0,49.99,East,Corporate,Cash
TX-11134,2024-03-30,CUST-0345,Desk Mat, accessories,2.0,25.0,south,Small Business,Cash
TX-13936,2024-07-06,CUST-0260,Smartwatch,Electronics ,1.0,200.0,West,Consumer,Credit Card
TX-12155,2025-10-08,CUST-0182,Premium Notebook,Office Supplies,1.0,15.5,East,Consumer,PayPal
TX-11830,2024-04-23,CUST-0343,Noise-Cancelling Headphones,Electronics ,3.0,250.0,West,Small Business,Credit Card
TX-11053,2025-11-30,CUST-0310,4K Monitor,Electronics ,6.0,350.0,south,Corporate,Credit Card
TX-12460,2025-05-03,CUST-0301,Smartwatch,Electronics ,1.0,200.0,,Small Business,Bank Transfer
TX-10022,2025-08-24,CUST-0338,Standing Desk,Office Supplies,4.0,450.0,East,Consumer,Cash
TX-12066,2025-08-23,CUST-0035,Mechanical Keyboard, accessories,4.0,99.99,south,Small Business,Cash
TX-11653,2024-07-21,CUST-0302,4K Monitor,Electronics ,9.0,350.0,south,Corporate,Bank Transfer
TX-13621,2024-11-07,CUST-0187,Whiteboard,Office Supplies,4.0,79.99,south,Small Business,PayPal
TX-13258,2024-12-07,CUST-0280,Premium Tablet,Electronics ,4.0,600.0,East,Small Business,Credit Card
TX-14668,2025-08-26,CUST-0199,Gel Pens 12-Pack,Office Supplies,,12.99,West,Consumer,Credit Card
TX-14093,2025-03-05,CUST-0036,Mechanical Keyboard, accessories,2.0,99.99,East,Small Business,Credit Card
TX-12468,2024-05-19,CUST-0038,Whiteboard,Office Supplies,3.0,79.99,south,Small Business,Credit Card
TX-12325,2025-08-27,CUST-0012,Standing Desk,Office Supplies,2.0,450.0,West,Small Business,PayPal
TX-10460,2025-12-27,CUST-0166,Wireless Mouse, accessories,3.0,49.99,East,Small Business,Cash
TX-11067,2024-05-12,CUST-0245,Wireless Mouse, accessories,8.0,45.99,,Corporate,PayPal
TX-10087,2024-12-23,CUST-0331,Premium Tablet,Electronics ,3.0,600.0,West,Corporate,PayPal
TX-11430,2024-02-12,CUST-0054,Smartwatch,Electronics ,2.0,200.0,West,Small Business,Bank Transfer
TX-12686,2025-11-11,CUST-0206,Smartwatch,Electronics ,2.0,200.0,south,Consumer,Cash
TX-10282,2025-10-04,CUST-0325,Smartwatch,Electronics ,10.0,200.0,south,Corporate,Bank Transfer
TX-12483,2024-09-14,CUST-0278,Mechanical Keyboard, accessories,3.0,99.99,,Consumer,PayPal
TX-10462,2025-06-01,CUST-0279,Desk Mat, accessories,3.0,25.0,East,Corporate,Bank Transfer
TX-10212,2025-11-18,CUST-0246,Noise-Cancelling Headphones,Electronics ,3.0,250.0,south,Small Business,Credit Card
TX-12534,2024-01-14,CUST-0325,Pro Laptop,Electronics ,6.0,1200.0,south,Corporate,PayPal
TX-11368,2024-06-19,CUST-0096,Gel Pens 12-Pack,Office Supplies,4.0,12.99, North ,Corporate,Credit Card
TX-10234,2025-02-02,CUST-0277,Gel Pens 12-Pack,Office Supplies,2.0,12.99,West,Consumer,Credit Card
TX-12810,2025-03-08,CUST-0261,Noise-Cancelling Headphones,Electronics ,3.0,250.0,south,Small Business,Bank Transfer
TX-10597,2025-08-06,CUST-0321,4K Monitor,Electronics ,4.0,350.0, North ,Small Business,Credit Card
TX-14446,2025-12-29,CUST-0257,Wireless Mouse, accessories,3.0,49.99,West,Small Business,Cash
TX-12250,2025-09-18,CUST-0151,Premium Tablet,Electronics ,4.0,600.0,East,Corporate,Bank Transfer
TX-14088,2025-09-30,CUST-0321,Wireless Mouse, accessories,2.0,49.99, North ,Small Business,Credit Card
TX-12283,2025-04-19,CUST-0273,Smartwatch,Electronics ,4.0,200.0,East,Consumer,Credit Card
TX-10662,2025-03-13,CUST-0282,Noise-Cancelling Headphones,Electronics ,4.0,205.0,south,Consumer,PayPal
TX-14993,2025-04-10,CUST-0082,Premium Tablet,Electronics ,3.0,600.0,East,Corporate,Bank Transfer
TX-12285,2025-01-06,CUST-0288,USB-C Multi-Hub, accessories,9.0,39.99,West,Corporate,PayPal
TX-14885,04/29/2025,CUST-0253,Gel Pens 12-Pack,Office Supplies,3.0,12.99,south,Consumer,Bank Transfer
TX-13240,2024-06-11,CUST-0126,Mechanical Keyboard, accessories,2.0,84.99, North ,Consumer,Cash
TX-14006,2025-01-25,CUST-0205,Laptop Sleeve, accessories,4.0,29.99, North ,Corporate,Cash
TX-13482,2024-02-08,,Ergonomic Chair,Office Supplies,,299.99,,Corporate,PayPal
TX-10779,2025-12-21,CUST-0190,Desk Mat, accessories,1.0,25.0,south,Consumer,Credit Card
TX-13426,2024-02-03,CUST-0063,4K Monitor,Electronics ,2.0,350.0,West,Small Business,Credit Card
TX-14130,07/28/2024,CUST-0223,Mechanical Keyboard, accessories,10.0,99.99,,Corporate,Credit Card
TX-14052,2025-11-08,CUST-0028,Premium Notebook,Office Supplies,1.0,15.5, North ,Consumer,PayPal
TX-13244,2025-06-26,CUST-0392,Smartwatch,Electronics ,2.0,200.0, North ,Small Business,Bank Transfer
TX-14864,2024-09-19,CUST-0308,Wireless Mouse, accessories,5.0,49.99, North ,Corporate,Credit Card
TX-10685,2025-07-16,,Standing Desk,Office Supplies,3.0,405.0,,Consumer,PayPal
TX-13787,2025-11-05,CUST-0214,Mechanical Keyboard, accessories,2.0,99.99,West,Small Business,Credit Card
TX-12787,2024-03-22,,Whiteboard,Office Supplies,1.0,79.99,West,Small Business,Credit Card
TX-13484,2025-06-13,CUST-0217,Pro Laptop,Electronics ,4.0,1200.0,south,Small Business,Cash
TX-12171,2025-09-27,CUST-0201,Whiteboard,Office Supplies,7.0,79.99,East,Corporate,PayPal
TX-12706,2025-06-26,CUST-0121,Wireless Mouse, accessories,3.0,49.99,West,Consumer,PayPal
TX-11850,2024-12-19,CUST-0272,Noise-Cancelling Headphones,Electronics ,6.0,235.0,West,Corporate,PayPal
TX-10487,2024-11-08,,4K Monitor,Electronics ,1.0,350.0,south,Consumer,Bank Transfer
TX-11688,2024-07-25,CUST-0156,Smartwatch,Electronics ,6.0,200.0,East,Corporate,PayPal
TX-12230,2024-05-27,CUST-0044,Mechanical Keyboard, accessories,2.0,99.99,south,Consumer,PayPal
TX-13312,2024-11-28,CUST-0129,Smartwatch,Electronics ,4.0,186.0,West,Consumer,Cash
TX-12320,2025-05-23,CUST-0009,Premium Tablet,Electronics ,4.0,552.0, North ,Small Business,Credit Card
TX-10782,2024-04-23,CUST-0197,Gel Pens 12-Pack,Office Supplies,1.0,12.99,south,Consumer,Bank Transfer
TX-10521,2024-01-06,CUST-0075,Whiteboard,Office Supplies,4.0,73.59, North ,Small Business,Credit Card
TX-10522,2024-03-22,CUST-0312,Smartwatch,Electronics ,8.0,200.0,West,Corporate,Bank Transfer
TX-12879,2024-03-12,CUST-0255,Premium Notebook,Office Supplies,4.0,15.5,south,Corporate,Cash
TX-14009,2025-04-14,CUST-0108,Gel Pens 12-Pack,Office Supplies,6.0,12.99,West,Corporate,Credit Card
TX-12398,2024-11-14,CUST-0187,Gel Pens 12-Pack,Office Supplies,3.0,12.99,south,Small Business,Credit Card
TX-12207,2024-10-12,CUST-0378,Ergonomic Chair,Office Supplies,4.0,299.99, North ,Small Business,Cash
TX-13529,2024-09-07,CUST-0314,Gel Pens 12-Pack,Office Supplies,5.0,12.99, North ,Corporate,Cash
TX-13604,2024-11-21,CUST-0004,Smartwatch,Electronics ,2.0,200.0, North ,Small Business,Cash
TX-14785,2025-10-24,CUST-0158,Whiteboard,Office Supplies,10.0,79.99, North ,Corporate,Cash
TX-12985,2024-02-11,CUST-0192,USB-C Multi-Hub, accessories,7.0,32.79, North ,Corporate,Credit Card
TX-11511,2024-01-25,CUST-0118,Mechanical Keyboard, accessories,1.0,99.99,south,Consumer,Bank Transfer
TX-11882,2024-08-28,CUST-0048,Premium Notebook,Office Supplies,3.0,15.5,East,Consumer,Credit Card
TX-10651,2024-02-14,,Noise-Cancelling Headphones,Electronics ,4.0,250.0,West,Corporate,PayPal
TX-12827,2025-09-22,CUST-0159,Premium Tablet,Electronics ,2.0,600.0, North ,Consumer,Bank Transfer
TX-13134,2025-01-26,CUST-0224,Laptop Sleeve, accessories,2.0,29.99, North ,Small Business,PayPal
TX-10369,2025-02-08,CUST-0366,4K Monitor,Electronics ,10.0,294.0,West,Corporate,PayPal
TX-12678,2024-10-28,CUST-0010,Whiteboard,Office Supplies,4.0,70.39,south,Small Business,Bank Transfer
TX-10118,2025-04-26,CUST-0199,Premium Notebook,Office Supplies,1.0,15.5,West,Consumer,Bank Transfer
TX-14820,2025-07-12,CUST-0265,Smartwatch,Electronics ,1.0,200.0,West,Consumer,PayPal
TX-13078,2024-01-03,CUST-0217,Wireless Mouse, accessories,4.0,43.99,,Small Business,Credit Card
TX-12216,2024-03-22,CUST-0238,Premium Tablet,Electronics ,2.0,558.0,West,Small Business,Credit Card
TX-13975,2025-04-07,CUST-0258,Standing Desk,Office Supplies,3.0,450.0,south,Small Business,Bank Transfer
TX-11613,2025-03-01,CUST-0012,Whiteboard,Office Supplies,4.0,79.99,West,Small Business,PayPal
TX-12955,2025-12-04,CUST-0310,Smartwatch,Electronics ,5.0,200.0,south,Corporate,Cash
TX-10962,2024-03-27,CUST-0019,USB-C Multi-Hub, accessories,4.0,39.99,West,Consumer,PayPal
TX-12510,2025-01-23,CUST-0161,Standing Desk,Office Supplies,4.0,450.0,East,Consumer,PayPal
TX-13599,02/24/2024,CUST-0251,4K Monitor,Electronics ,2.0,304.5,south,Small Business,PayPal
TX-13666,2024-07-11,,Wireless Mouse, accessories,4.0,49.99, North ,Consumer,Cash
TX-14071,2025-08-22,CUST-0299,Smartwatch,Electronics ,8.0,200.0, North ,Corporate,Bank Transfer
TX-13076,2025-06-23,CUST-0168,Pro Laptop,Electronics ,4.0,1200.0,East,Small Business,PayPal
TX-12415,2024-03-19,CUST-0058,Premium Tablet,Electronics ,2.0,600.0, North ,Consumer,Cash
TX-14681,2025-08-08,CUST-0271,Ergonomic Chair,Office Supplies,3.0,299.99,West,Consumer,Cash
TX-14262,2025-05-14,CUST-0277,Smartwatch,Electronics ,4.0,200.0,West,Consumer,Credit Card
TX-12185,2024-08-05,CUST-0120,USB-C Multi-Hub, accessories,1.0,35.59,West,Consumer,Credit Card
TX-13978,2024-10-01,CUST-0116,Mechanical Keyboard, accessories,3.0,99.99,West,Small Business,PayPal
TX-12037,2024-04-30,CUST-0076,Smartwatch,Electronics ,2.0,200.0,East,Small Business,PayPal
TX-14287,2025-08-30,CUST-0143,Smartwatch,Electronics ,3.0,200.0, North ,Consumer,Credit Card
TX-10772,2025-05-15,CUST-0111,Desk Mat, accessories,9.0,22.25,West,Corporate,Bank Transfer
TX-11284,2025-07-28,CUST-0005,Pro Laptop,Electronics ,3.0,1068.0, North ,Small Business,Cash
TX-14630,2024-11-29,CUST-0262,Mechanical Keyboard, accessories,3.0,99.99, North ,Consumer,Bank Transfer
TX-14765,2025-02-25,CUST-0147,Mechanical Keyboard, accessories,4.0,99.99, North ,Small Business,PayPal
TX-14602,2025-06-01,CUST-0006,Whiteboard,Office Supplies,1.0,79.99,West,Consumer,Credit Card
TX-11414,2025-03-06,CUST-0033,4K Monitor,Electronics ,3.0,294.0,East,Consumer,Credit Card
TX-11234,02/07/2025,CUST-0352,Mechanical Keyboard, accessories,3.0,90.99,south,Corporate,PayPal
TX-13912,2024-09-21,CUST-0195,USB-C Multi-Hub, accessories,8.0,39.99, North ,Corporate,Credit Card
TX-10435,2025-08-09,CUST-0256,Premium Notebook,Office Supplies,,15.5, North ,Corporate,Cash
TX-11674,2024-10-25,CUST-0072,Noise-Cancelling Headphones,Electronics ,3.0,250.0, North ,Small Business,Cash
TX-10365,2025-01-13,CUST-0096,Ergonomic Chair,Office Supplies,6.0,299.99, North ,Corporate,Cash
TX-12688,2024-12-09,CUST-0320,Wireless Mouse, accessories,3.0,41.99,south,Consumer,Credit Card
TX-10231,2024-02-13,CUST-0118,4K Monitor,Electronics ,4.0,329.0,south,Consumer,Bank Transfer
TX-14293,2024-07-21,CUST-0235,Premium Tablet,Electronics ,4.0,498.0,East,Small Business,Cash
TX-10147,2025-03-02,CUST-0016,Whiteboard,Office Supplies,3.0,79.99,East,Consumer,Bank Transfer
TX-14425,2025-11-28,CUST-0016,Noise-Cancelling Headphones,Electronics ,1.0,250.0,East,Consumer,Cash
TX-10407,2025-05-03,CUST-0020,Mechanical Keyboard, accessories,7.0,99.99,East,Corporate,Credit Card
TX-12090,2025-08-11,CUST-0002,Mechanical Keyboard, accessories,1.0,99.99,East,Consumer,Credit Card
TX-10086,2024-12-13,CUST-0040,Wireless Mouse, accessories,10.0,49.99,West,Corporate,PayPal
TX-10844,2024-01-28,CUST-0196,USB-C Multi-Hub, accessories,2.0,39.99,West,Small Business,Bank Transfer
TX-11031,2024-12-15,CUST-0240,USB-C Multi-Hub, accessories,7.0,39.99,East,Corporate,Bank Transfer
TX-13856,2024-08-06,CUST-0119,Ergonomic Chair,Office Supplies,2.0,275.99,south,Small Business,Credit Card
TX-13249,2025-03-14,CUST-0162,Whiteboard,Office Supplies,4.0,79.99,East,Consumer,Credit Card
TX-12764,2025-05-15,CUST-0262,Wireless Mouse, accessories,2.0,45.99, North ,Consumer,PayPal
TX-13277,2024-12-29,CUST-0232,Mechanical Keyboard, accessories,2.0,99.99,,Small Business,Cash
TX-12697,2025-02-12,CUST-0384,Ergonomic Chair,Office Supplies,8.0,299.99,south,Corporate,PayPal
TX-10855,2024-01-21,CUST-0020,Gel Pens 12-Pack,Office Supplies,10.0,12.99,East,Corporate,Cash
TX-10078,2024-10-17,CUST-0304,Whiteboard,Office Supplies,6.0,79.99, North ,Corporate,Credit Card
TX-12247,08/05/2025,CUST-0020,Pro Laptop,Electronics ,4.0,1200.0,East,Corporate,Bank Transfer
TX-14596,2024-01-24,CUST-0177,Mechanical Keyboard, accessories,8.0,87.99,West,Corporate,Credit Card
TX-13710,2024-09-12,CUST-0265,USB-C Multi-Hub, accessories,2.0,39.99,West,Consumer,Cash
TX-12954,2025-01-14,CUST-0399,Noise-Cancelling Headphones,Electronics ,1.0,250.0,West,Consumer,Bank Transfer
TX-12951,2024-05-21,CUST-0184,Mechanical Keyboard, accessories,2.0,99.99,West,Small Business,Cash
TX-12279,2024-10-26,CUST-0004,Noise-Cancelling Headphones,Electronics ,2.0,250.0, North ,Small Business,Bank Transfer
TX-14035,2024-10-27,CUST-0315,4K Monitor,Electronics ,4.0,350.0, North ,Small Business,PayPal
TX-14184,2025-01-14,CUST-0190,Premium Notebook,Office Supplies,3.0,13.79,south,Consumer,Credit Card
TX-13926,2025-10-08,CUST-0267,Noise-Cancelling Headphones,Electronics ,2.0,250.0,West,Consumer,Bank Transfer
TX-13478,2025-06-05,CUST-0175,Premium Tablet,Electronics ,3.0,600.0,East,Consumer,PayPal
TX-12176,02/13/2024,CUST-0188,Wireless Mouse, accessories,7.0,49.99, North ,Corporate,PayPal
TX-10424,2025-11-24,CUST-0379,Pro Laptop,Electronics ,1.0,1200.0,south,Consumer,Credit Card
TX-10392,2025-11-09,CUST-0288,Laptop Sleeve, accessories,6.0,29.99,West,Corporate,Bank Transfer
TX-14757,2025-02-20,CUST-0275,Gel Pens 12-Pack,Office Supplies,1.0,12.99,West,Small Business,Bank Transfer
TX-13515,2025-11-04,CUST-0187,4K Monitor,Electronics ,2.0,350.0,south,Small Business,Bank Transfer
TX-10104,2025-10-01,CUST-0085,Desk Mat, accessories,1.0,25.0, North ,Consumer,Cash
TX-13015,2024-06-15,CUST-0141,Noise-Cancelling Headphones,Electronics ,2.0,250.0,West,Small Business,Credit Card
TX-12609,2024-01-19,CUST-0130,Smartwatch,Electronics ,2.0,164.0,West,Consumer,Credit Card
TX-13182,2024-07-05,CUST-0012,Wireless Mouse, accessories,3.0,42.99,West,Small Business,Credit Card
TX-12850,2024-01-25,CUST-0347,Noise-Cancelling Headphones,Electronics ,7.0,250.0,West,Corporate,Bank Transfer
TX-11948,2025-06-06,CUST-0075,Smartwatch,Electronics ,1.0,200.0, North ,Small Business,PayPal
TX-11459,2024-12-24,CUST-0228,4K Monitor,Electronics ,1.0,350.0,East,Small Business,PayPal
TX-13305,2024-08-27,CUST-0034,Premium Notebook,Office Supplies,6.0,15.5,East,Corporate,Cash
TX-13098,2025-08-27,CUST-0308,Mechanical Keyboard, accessories,10.0,99.99, North ,Corporate,PayPal
TX-13552,2024-01-17,CUST-0197,Pro Laptop,Electronics ,1.0,1200.0,south,Consumer,Cash
TX-14818,2025-05-23,CUST-0073,Premium Tablet,Electronics ,3.0,600.0,East,Small Business,PayPal
TX-11587,2025-02-18,CUST-0007,Noise-Cancelling Headphones,Electronics ,2.0,250.0, North ,Consumer,Cash
TX-14651,2024-08-16,CUST-0201,Desk Mat, accessories,2.0,25.0,East,Corporate,PayPal
TX-11731,2024-02-11,CUST-0131,Smartwatch,Electronics ,8.0,200.0,south,Corporate,PayPal
TX-14793,2025-05-03,CUST-0323,Premium Tablet,Electronics ,2.0,600.0,south,Corporate,PayPal
TX-13767,2024-07-07,CUST-0051,Smartwatch,Electronics ,3.0,178.0,East,Consumer,Bank Transfer
TX-14286,2025-03-09,CUST-0123,Laptop Sleeve, accessories,3.0,29.99,south,Consumer,Bank Transfer
TX-11791,2025-09-28,CUST-0217,Laptop Sleeve, accessories,3.0,29.99,south,Small Business,PayPal
TX-12355,2025-11-07,CUST-0240,4K Monitor,Electronics ,9.0,311.5,East,Corporate,PayPal
TX-11940,2024-02-04,CUST-0286,Desk Mat, accessories,3.0,20.5,West,Corporate,Credit Card
TX-10702,2025-09-18,CUST-0262,Standing Desk,Office Supplies,3.0,450.0, North ,Consumer,Credit Card
TX-12442,2024-01-18,CUST-0235,Standing Desk,Office Supplies,1.0,450.0,East,Small Business,Bank Transfer
TX-12855,2024-03-01,CUST-0005,Laptop Sleeve, accessories,3.0,29.99, North ,Small Business,Bank Transfer
TX-10496,2025-01-04,CUST-0233,Pro Laptop,Electronics ,7.0,1200.0,West,Corporate,Credit Card
TX-10464,2025-09-25,CUST-0272,Whiteboard,Office Supplies,2.0,79.99,West,Corporate,Credit Card
TX-12726,2025-08-10,CUST-0249,4K Monitor,Electronics ,2.0,350.0, North ,Corporate,Cash
TX-14359,2025-11-04,CUST-0029,USB-C Multi-Hub, accessories,9.0,39.99,south,Corporate,Credit Card
TX-10172,2024-10-07,CUST-0294,Laptop Sleeve, accessories,8.0,29.99,East,Corporate,Cash
TX-13623,2024-08-29,CUST-0225,Ergonomic Chair,Office Supplies,,299.99,West,Consumer,PayPal
TX-14825,2024-02-25,CUST-0375,Whiteboard,Office Supplies,6.0,66.39,East,Corporate,Credit Card
TX-12540,2025-12-01,CUST-0307,Smartwatch,Electronics ,1.0,200.0,West,Consumer,Cash
TX-14022,2024-02-28,CUST-0071,Premium Notebook,Office Supplies,7.0,14.57,south,Corporate,Bank Transfer
TX-14530,2025-06-20,CUST-0260,Smartwatch,Electronics ,4.0,200.0,,Consumer,Credit Card
TX-12260,2024-10-02,CUST-0045,Standing Desk,Office Supplies,8.0,409.5,East,Corporate,Bank Transfer
TX-12112,2024-04-09,CUST-0019,Ergonomic Chair,Office Supplies,4.0,299.99,West,Consumer,Credit Card
TX-10900,2025-09-26,CUST-0196,Gel Pens 12-Pack,Office Supplies,3.0,12.99,West,Small Business,PayPal
TX-11446,2024-07-07,CUST-0273,Noise-Cancelling Headphones,Electronics ,1.0,250.0,East,Consumer,Bank Transfer
TX-14484,2025-02-20,CUST-0022,Wireless Mouse, accessories,4.0,49.99,West,Small Business,Credit Card
TX-10741,2025-01-02,CUST-0171,USB-C Multi-Hub, accessories,4.0,39.99, North ,Small Business,Credit Card
TX-12293,2024-09-07,CUST-0277,Noise-Cancelling Headphones,Electronics ,3.0,250.0,West,Consumer,Bank Transfer
TX-12452,2025-03-15,CUST-0233,4K Monitor,Electronics ,9.0,301.0,West,Corporate,Cash
TX-14628,2024-09-25,CUST-0380,Desk Mat, accessories,4.0,25.0,south,Small Business,Credit Card
TX-14112,2025-08-07,CUST-0101,USB-C Multi-Hub, accessories,4.0,39.99,,Consumer,Bank Transfer
TX-11206,2024-04-27,CUST-0359,Smartwatch,Electronics ,2.0,200.0,East,Small Business,Cash
TX-10509,2024-04-21,CUST-0268,Desk Mat, accessories,2.0,20.25,West,Small Business,Credit Card
TX-14179,2024-09-14,CUST-0215,Premium Notebook,Office Supplies,3.0,15.5,East,Consumer,Bank Transfer
TX-12659,2025-07-23,CUST-0395,Gel Pens 12-Pack,Office Supplies,2.0,11.82,East,Consumer,PayPal
TX-12843,2025-04-10,CUST-0132,Standing Desk,Office Supplies,8.0,450.0, North ,Corporate,Credit Card
TX-13362,2025-07-11,CUST-0047,Smartwatch,Electronics ,1.0,200.0,south,Small Business,Bank Transfer
TX-11549,2024-02-01,CUST-0368,Whiteboard,Office Supplies,4.0,67.19,East,Consumer,Cash
TX-14969,2025-05-18,CUST-0342,Gel Pens 12-Pack,Office Supplies,3.0,12.99,East,Small Business,Cash
TX-12202,2024-05-03,CUST-0129,Noise-Cancelling Headphones,Electronics ,4.0,250.0,West,Consumer,PayPal
TX-12566,2024-09-02,CUST-0007,Premium Notebook,Office Supplies,2.0,15.5, North ,Consumer,PayPal
TX-12718,2024-09-29,CUST-0039,Mechanical Keyboard, accessories,4.0,99.99,south,Consumer,Cash
TX-12044,2025-05-22,CUST-0143,Premium Tablet,Electronics ,4.0,600.0, North ,Consumer,Credit Card
TX-10767,2025-01-19,CUST-0038,Whiteboard,Office Supplies,4.0,79.99,south,Small Business,Credit Card
TX-14902,2025-11-30,CUST-0110,Mechanical Keyboard, accessories,4.0,99.99, North ,Small Business,PayPal
TX-13792,2024-05-04,CUST-0289,Wireless Mouse, accessories,3.0,49.99, North ,Consumer,PayPal
TX-10421,2024-01-03,CUST-0007,Wireless Mouse, accessories,1.0,46.99, North ,Consumer,Cash
TX-10123,2024-07-14,CUST-0400,Noise-Cancelling Headphones,Electronics ,,250.0, North ,Consumer,Credit Card
TX-14187,2024-07-15,CUST-0296,Laptop Sleeve, accessories,2.0,29.99,,Corporate,Bank Transfer
TX-14878,2025-02-27,CUST-0360,4K Monitor,Electronics ,3.0,350.0, North ,Small Business,Bank Transfer
TX-10819,2025-12-02,CUST-0139,USB-C Multi-Hub, accessories,1.0,39.99,East,Consumer,Bank Transfer
TX-11403,2024-10-23,CUST-0302,Premium Notebook,Office Supplies,6.0,15.5,south,Corporate,Cash
TX-11382,2025-08-30,CUST-0251,Ergonomic Chair,Office Supplies,4.0,299.99,south,Small Business,Bank Transfer
TX-12148,2024-02-18,CUST-0201,Whiteboard,Office Supplies,3.0,79.99,East,Corporate,Credit Card
TX-11575,2024-02-25,CUST-0159,Noise-Cancelling Headphones,Electronics ,4.0,237.5, North ,Consumer,Cash
TX-11638,2025-11-20,CUST-0381,Mechanical Keyboard, accessories,4.0,99.99,West,Corporate,Bank Transfer
TX-11795,2025-05-15,CUST-0035,4K Monitor,Electronics ,3.0,350.0,south,Small Business,PayPal
TX-14844,2025-08-15,CUST-0337,Premium Notebook,Office Supplies,1.0,15.5,West,Small Business,PayPal
TX-10399,2025-07-26,CUST-0094,USB-C Multi-Hub, accessories,1.0,39.99,West,Consumer,PayPal
TX-12310,2024-04-30,CUST-0352,Desk Mat, accessories,8.0,25.0,south,Corporate,Cash
TX-10882,2024-06-13,CUST-0225,USB-C Multi-Hub, accessories,4.0,39.99,West,Consumer,Credit Card
TX-11055,2024-06-01,CUST-0117,Premium Tablet,Electronics ,4.0,600.0,East,Consumer,PayPal
TX-12939,2024-12-15,CUST-0328,4K Monitor,Electronics ,4.0,350.0,,Consumer,PayPal
TX-11352,2025-12-29,CUST-0125,Mechanical Keyboard, accessories,1.0,99.99, North ,Consumer,Credit Card
TX-13998,2024-02-26,CUST-0161,Laptop Sleeve, accessories,4.0,29.99,East,Consumer,Bank Transfer
TX-14576,2025-06-14,CUST-0380,Gel Pens 12-Pack,Office Supplies,3.0,12.99,south,Small Business,Bank Transfer
TX-12130,2024-03-26,CUST-0174,Laptop Sleeve, accessories,1.0,29.99,south,Small Business,Bank Transfer
TX-10982,2025-09-30,CUST-0210,Standing Desk,Office Supplies,8.0,450.0,south,Corporate,Bank Transfer
TX-10456,2025-12-13,CUST-0196,Gel Pens 12-Pack,Office Supplies,3.0,11.82,West,Small Business,Credit Card
TX-13866,2025-09-25,CUST-0157,Premium Notebook,Office Supplies,4.0,15.5,East,Consumer,Bank Transfer
TX-11079,2024-11-30,CUST-0237,Pro Laptop,Electronics ,2.0,996.0,West,Small Business,Cash
TX-11950,2024-11-24,CUST-0344,USB-C Multi-Hub, accessories,8.0,39.99,south,Corporate,Cash
TX-14340,2024-11-14,CUST-0085,Smartwatch,Electronics ,4.0,200.0, North ,Consumer,PayPal
TX-10689,2025-12-16,CUST-0234,Gel Pens 12-Pack,Office Supplies,4.0,12.99,West,Small Business,PayPal
TX-12429,2025-06-24,CUST-0264,4K Monitor,Electronics ,1.0,350.0,south,Small Business,Bank Transfer
TX-10641,2024-09-09,CUST-0219,Ergonomic Chair,Office Supplies,4.0,299.99, North ,Small Business,Bank Transfer
TX-12392,2025-03-08,CUST-0032,4K Monitor,Electronics ,10.0,350.0,East,Corporate,Cash
TX-11953,2025-07-29,CUST-0044,Mechanical Keyboard, accessories,1.0,99.99,south,Consumer,Bank Transfer
TX-12788,2025-09-24,CUST-0337,Laptop Sleeve, accessories,2.0,29.99,West,Small Business,Credit Card
TX-14031,2024-05-12,CUST-0147,Noise-Cancelling Headphones,Electronics ,4.0,250.0, North ,Small Business,Cash
TX-13485,2025-08-16,CUST-0267,Premium Tablet,Electronics ,2.0,492.0,West,Consumer,Cash
TX-13386,2025-11-10,CUST-0335,Ergonomic Chair,Office Supplies,2.0,299.99, North ,Small Business,Credit Card
TX-14795,2025-04-03,CUST-0243,Ergonomic Chair,Office Supplies,3.0,299.99,West,Small Business,PayPal
TX-14797,2025-03-12,CUST-0363,Gel Pens 12-Pack,Office Supplies,6.0,12.99,West,Corporate,Credit Card
TX-11884,2025-02-09,CUST-0281,Premium Tablet,Electronics ,4.0,486.0, North ,Consumer,PayPal
TX-10389,2025-09-07,CUST-0115,Whiteboard,Office Supplies,3.0,79.99, North ,Consumer,Bank Transfer
TX-12494,2025-12-17,CUST-0041,Ergonomic Chair,Office Supplies,3.0,299.99,East,Small Business,PayPal
TX-13163,2025-10-17,CUST-0208,Premium Tablet,Electronics ,2.0,600.0,East,Consumer,Bank Transfer
TX-13123,2025-10-06,CUST-0286,Ergonomic Chair,Office Supplies,9.0,299.99,West,Corporate,PayPal
TX-10845,2024-04-08,CUST-0390,4K Monitor,Electronics ,4.0,350.0,south,Small Business,Cash
TX-10542,2024-04-13,,Standing Desk,Office Supplies,10.0,450.0, North ,Corporate,Bank Transfer
TX-10091,2024-11-13,CUST-0020,Noise-Cancelling Headphones,Electronics ,6.0,250.0,East,Corporate,Credit Card
TX-13945,2025-07-22,CUST-0111,Whiteboard,Office Supplies,2.0,75.19,West,Corporate,Cash
TX-11979,10/07/2024,CUST-0119,Whiteboard,Office Supplies,4.0,79.99,south,Small Business,Credit Card
TX-14482,2024-04-01,CUST-0034,Pro Laptop,Electronics ,5.0,1116.0,East,Corporate,Cash
TX-14705,2024-02-27,CUST-0227,USB-C Multi-Hub, accessories,2.0,39.99,West,Consumer,PayPal
TX-12944,2024-03-03,CUST-0250,Premium Notebook,Office Supplies,2.0,15.5,East,Consumer,Credit Card
TX-12529,2024-10-09,CUST-0160,Pro Laptop,Electronics ,2.0,1200.0,south,Small Business,PayPal
TX-11676,2024-07-22,CUST-0347,USB-C Multi-Hub, accessories,6.0,33.99,West,Corporate,Credit Card
TX-11048,2025-03-31,CUST-0266,Standing Desk,Office Supplies,1.0,450.0,south,Consumer,Cash
TX-11960,2025-12-30,CUST-0165,Smartwatch,Electronics ,2.0,200.0,West,Small Business,Credit Card
TX-12530,2025-05-03,CUST-0028,4K Monitor,Electronics ,2.0,350.0, North ,Consumer,Bank Transfer
TX-12822,2025-10-14,CUST-0012,4K Monitor,Electronics ,2.0,318.5,West,Small Business,Cash
TX-10237,2025-11-07,CUST-0396,USB-C Multi-Hub, accessories,5.0,37.19, North ,Corporate,Credit Card
TX-14720,2025-01-19,CUST-0256,4K Monitor,Electronics ,6.0,315.0, North ,Corporate,Bank Transfer
TX-13540,2025-09-29,CUST-0245,Gel Pens 12-Pack,Office Supplies,4.0,12.99,West,Corporate,Cash
TX-11133,2025-12-30,CUST-0293,Laptop Sleeve, accessories,2.0,29.99, North ,Corporate,PayPal
TX-11805,2024-05-26,CUST-0163,Pro Laptop,Electronics ,3.0,1200.0,south,Corporate,Cash
TX-14168,2024-11-17,CUST-0345,Premium Notebook,Office Supplies,4.0,15.5,south,Small Business,Credit Card
TX-10163,2025-01-12,CUST-0057,Whiteboard,Office Supplies,3.0,79.99,West,Consumer,Credit Card
TX-13544,2025-08-19,CUST-0097,Wireless Mouse, accessories,2.0,49.99, North ,Small Business,Bank Transfer
TX-14862,2024-11-30,CUST-0147,USB-C Multi-Hub, accessories,2.0,39.99, North ,Small Business,Credit Card
TX-13393,2025-08-28,CUST-0305,Ergonomic Chair,Office Supplies,1.0,251.99, North ,Consumer,Bank Transfer
TX-13503,2025-09-13,CUST-0349,Whiteboard,Office Supplies,5.0,79.99,East,Corporate,PayPal
TX-13247,2024-05-01,CUST-0231,Laptop Sleeve, accessories,1.0,29.99,East,Small Business,PayPal
TX-13688,2025-06-03,,Premium Notebook,Office Supplies,4.0,15.5,south,Corporate,Bank Transfer
TX-13995,2025-02-23,CUST-0221,Smartwatch,Electronics ,4.0,200.0,East,Corporate,Credit Card
TX-11811,2024-06-27,CUST-0199,Standing Desk,Office Supplies,3.0,450.0,West,Consumer,Credit Card
TX-13989,2024-03-21,CUST-0304,Mechanical Keyboard, accessories,7.0,99.99, North ,Corporate,Bank Transfer
TX-13575,2024-09-27,CUST-0077,Desk Mat, accessories,4.0,25.0,south,Consumer,PayPal
TX-11428,2025-07-31,CUST-0313,Wireless Mouse, accessories,7.0,49.99,West,Corporate,Credit Card
TX-13667,2024-03-09,CUST-0111,Desk Mat, accessories,5.0,25.0,West,Corporate,Cash
TX-13248,2024-08-21,CUST-0242,Laptop Sleeve, accessories,1.0,29.99,East,Consumer,Credit Card
TX-14769,2025-01-29,CUST-0197,4K Monitor,Electronics ,3.0,350.0,south,Consumer,Bank Transfer
TX-14486,2024-12-26,CUST-0006,USB-C Multi-Hub, accessories,1.0,39.99,West,Consumer,Cash
TX-14676,2025-10-14,CUST-0334,Premium Notebook,Office Supplies,3.0,15.5,,Small Business,Bank Transfer
TX-14307,2024-01-23,CUST-0295,Ergonomic Chair,Office Supplies,2.0,299.99,West,Small Business,Credit Card
TX-11452,2024-10-02,CUST-0335,Wireless Mouse, accessories,1.0,49.99, North ,Small Business,Bank Transfer
TX-10593,2025-09-12,CUST-0368,Pro Laptop,Electronics ,2.0,1200.0,East,Consumer,Cash
TX-12725,2025-10-04,CUST-0211,Whiteboard,Office Supplies,6.0,79.99,East,Corporate,Credit Card
TX-10041,2024-02-04,CUST-0375,Pro Laptop,Electronics ,6.0,1200.0,East,Corporate,Bank Transfer
TX-10560,2025-02-03,CUST-0159,Premium Tablet,Electronics ,3.0,600.0, North ,Consumer,Cash
TX-12978,2025-07-20,CUST-0183,4K Monitor,Electronics ,4.0,350.0,West,Small Business,Bank Transfer
TX-13085,2025-09-02,CUST-0010,Wireless Mouse, accessories,2.0,49.99,south,Small Business,PayPal
TX-10243,2024-06-22,CUST-0155,Gel Pens 12-Pack,Office Supplies,2.0,11.82,south,Small Business,Credit Card
TX-11339,2025-05-25,CUST-0141,Ergonomic Chair,Office Supplies,1.0,269.99,West,Small Business,Cash
TX-12820,2025-05-01,CUST-0231,Noise-Cancelling Headphones,Electronics ,1.0,250.0,East,Small Business,PayPal
TX-13806,2024-08-17,CUST-0209,Premium Notebook,Office Supplies,1.0,15.5,south,Consumer,Bank Transfer
TX-13853,2024-09-12,CUST-0181,Smartwatch,Electronics ,4.0,200.0,East,Consumer,PayPal
TX-11442,2024-05-20,CUST-0267,Noise-Cancelling Headphones,Electronics ,2.0,250.0,West,Consumer,Credit Card
TX-10261,2025-11-24,CUST-0380,4K Monitor,Electronics ,2.0,350.0,south,Small Business,PayPal
TX-12804,2025-07-11,CUST-0305,Gel Pens 12-Pack,Office Supplies,4.0,12.99, North ,Consumer,Credit Card
TX-11689,2024-08-10,CUST-0014,Smartwatch,Electronics ,1.0,164.0,south,Small Business,Cash
TX-11725,2025-09-19,CUST-0305,Pro Laptop,Electronics ,4.0,996.0, North ,Consumer,PayPal
TX-11203,2024-01-22,CUST-0065,Noise-Cancelling Headphones,Electronics ,1.0,207.5,East,Small Business,PayPal
TX-10834,2024-05-06,CUST-0239,4K Monitor,Electronics ,2.0,350.0,south,Small Business,Cash
TX-11866,2025-07-22,CUST-0175,USB-C Multi-Hub, accessories,2.0,39.99,East,Consumer,PayPal
TX-12496,2025-09-24,CUST-0174,Smartwatch,Electronics ,3.0,200.0,south,Small Business,Credit Card
TX-12010,2025-01-21,CUST-0170,Desk Mat, accessories,3.0,20.25,East,Consumer,PayPal
TX-10340,2024-08-12,CUST-0016,Ergonomic Chair,Office Supplies,4.0,299.99,East,Consumer,Bank Transfer
TX-13032,2025-03-27,CUST-0011,Smartwatch,Electronics ,2.0,200.0,West,Consumer,PayPal
TX-11601,2024-03-22,CUST-0222,Premium Tablet,Electronics ,6.0,600.0, North ,Corporate,Bank Transfer
TX-13047,06/01/2024,CUST-0357,4K Monitor,Electronics ,3.0,350.0,East,Corporate,Credit Card
TX-14724,2025-08-17,CUST-0082,Ergonomic Chair,Office Supplies,4.0,299.99,East,Corporate,Cash
TX-10480,2025-10-23,CUST-0073,Premium Tablet,Electronics ,2.0,552.0,East,Small Business,Bank Transfer
TX-14680,2024-04-12,CUST-0189,Pro Laptop,Electronics ,5.0,1032.0,south,Corporate,Bank Transfer
TX-13956,2024-07-01,CUST-0154,Laptop Sleeve, accessories,9.0,29.99,East,Corporate,Cash
TX-14749,2025-04-16,CUST-0262,Premium Notebook,Office Supplies,1.0,15.5, North ,Consumer,PayPal
TX-14665,2024-11-09,CUST-0313,4K Monitor,Electronics ,7.0,315.0,West,Corporate,PayPal
TX-14656,2024-02-13,CUST-0095,Premium Tablet,Electronics ,4.0,600.0,south,Consumer,PayPal
TX-14047,2025-03-31,CUST-0301,Wireless Mouse, accessories,3.0,49.99,West,Small Business,Bank Transfer
TX-11766,2025-06-26,CUST-0212,Mechanical Keyboard, accessories,5.0,99.99, North ,Corporate,PayPal
TX-14805,11/17/2025,CUST-0398,Whiteboard,Office Supplies,8.0,79.99, North ,Corporate,Credit Card
TX-12453,2024-05-09,CUST-0012,Premium Tablet,Electronics ,4.0,600.0,West,Small Business,Bank Transfer
TX-14160,2024-09-21,CUST-0295,Gel Pens 12-Pack,Office Supplies,2.0,12.99,West,Small Business,Credit Card
TX-13870,2025-10-25,CUST-0304,Smartwatch,Electronics ,8.0,200.0, North ,Corporate,Bank Transfer
TX-14073,2025-04-10,CUST-0111,USB-C Multi-Hub, accessories,8.0,39.99,West,Corporate,PayPal
TX-14704,2024-10-15,CUST-0359,Ergonomic Chair,Office Supplies,4.0,299.99,East,Small Business,Bank Transfer
TX-13733,2025-08-21,CUST-0386,USB-C Multi-Hub, accessories,4.0,33.99, North ,Small Business,Credit Card
TX-11271,2025-02-04,CUST-0372,Standing Desk,Office Supplies,3.0,450.0,East,Corporate,Bank Transfer
TX-14019,2025-12-21,CUST-0010,Mechanical Keyboard, accessories,1.0,99.99,south,Small Business,Cash
TX-14527,2025-09-22,CUST-0240,Pro Laptop,Electronics ,2.0,1200.0,East,Corporate,Credit Card
TX-13139,2024-03-21,CUST-0048,Premium Tablet,Electronics ,4.0,540.0,East,Consumer,Cash
TX-14167,2025-10-14,CUST-0291,Wireless Mouse, accessories,4.0,49.99, North ,Small Business,Cash
TX-10347,2024-07-25,CUST-0067,Standing Desk,Office Supplies,3.0,387.0, North ,Small Business,Credit Card
TX-13937,2025-12-19,CUST-0250,Premium Notebook,Office Supplies,1.0,15.5,East,Consumer,PayPal
TX-14650,2024-12-03,CUST-0287,Standing Desk,Office Supplies,1.0,450.0,East,Small Business,Cash
TX-12562,2025-08-31,CUST-0196,Smartwatch,Electronics ,2.0,184.0,West,Small Business,Bank Transfer
TX-14616,2024-03-02,CUST-0350,Standing Desk,Office Supplies,2.0,369.0,south,Consumer,Credit Card
TX-11423,2025-09-07,CUST-0012,Noise-Cancelling Headphones,Electronics ,3.0,250.0,West,Small Business,Cash
TX-10656,2025-05-02,CUST-0233,Gel Pens 12-Pack,Office Supplies,3.0,12.99,West,Corporate,Credit Card
TX-12102,2024-01-21,CUST-0055,Noise-Cancelling Headphones,Electronics ,6.0,250.0,West,Corporate,PayPal
TX-10632,2024-07-30,,4K Monitor,Electronics ,2.0,350.0, North ,Small Business,PayPal
TX-12934,2024-09-07,CUST-0315,Standing Desk,Office Supplies,3.0,405.0, North ,Small Business,Credit Card
TX-12493,2024-07-05,CUST-0225,Whiteboard,Office Supplies,3.0,65.59,West,Consumer,Credit Card
TX-12665,2025-07-08,CUST-0117,Desk Mat, accessories,2.0,25.0,East,Consumer,Cash
TX-13263,2024-11-19,CUST-0168,Whiteboard,Office Supplies,4.0,79.99,East,Small Business,PayPal
TX-13716,03/08/2025,CUST-0156,USB-C Multi-Hub, accessories,5.0,39.99,East,Corporate,Bank Transfer
TX-13355,2025-04-07,CUST-0345,Smartwatch,Electronics ,2.0,200.0,south,Small Business,PayPal
TX-14513,2025-04-07,CUST-0145,Standing Desk,Office Supplies,4.0,450.0, North ,Small Business,PayPal
TX-13648,2025-01-10,CUST-0181,Standing Desk,Office Supplies,4.0,450.0,East,Consumer,Credit Card
TX-12500,2025-09-28,,Wireless Mouse, accessories,5.0,44.99,East,Corporate,Credit Card
TX-11465,2024-08-17,CUST-0295,Laptop Sleeve, accessories,4.0,29.99,West,Small Business,Credit Card
TX-13002,2024-02-20,CUST-0265,Gel Pens 12-Pack,Office Supplies,4.0,12.99,West,Consumer,PayPal
TX-10115,2025-09-03,CUST-0275,4K Monitor,Electronics ,2.0,350.0,West,Small Business,PayPal
TX-11821,05/13/2024,CUST-0391,Premium Notebook,Office Supplies,1.0,15.5,West,Consumer,Credit Card
TX-11494,2025-08-23,CUST-0113,Mechanical Keyboard, accessories,3.0,82.99,West,Small Business,Cash
TX-12401,2024-12-10,CUST-0028,Smartwatch,Electronics ,3.0,200.0, North ,Consumer,Bank Transfer
TX-11232,2024-04-05,CUST-0254,Smartwatch,Electronics ,2.0,176.0, North ,Consumer,PayPal
TX-12661,2025-08-18,CUST-0380,Pro Laptop,Electronics ,4.0,1200.0,south,Small Business,PayPal
TX-12992,2025-05-23,CUST-0206,Pro Laptop,Electronics ,4.0,1200.0,south,Consumer,Cash
TX-14599,2025-02-12,CUST-0049,4K Monitor,Electronics ,3.0,308.0,West,Corporate,PayPal
TX-11153,2024-05-31,CUST-0193,Standing Desk,Office Supplies,1.0,450.0,south,Small Business,Credit Card
TX-13904,2025-04-07,CUST-0171,Premium Notebook,Office Supplies,3.0,15.5, North ,Small Business,Credit Card
TX-10057,2024-01-27,CUST-0184,4K Monitor,Electronics ,3.0,329.0,West,Small Business,Credit Card
TX-14369,2024-11-22,CUST-0120,Ergonomic Chair,Office Supplies,4.0,299.99,West,Consumer,PayPal
TX-14314,2024-03-30,CUST-0123,Standing Desk,Office Supplies,1.0,373.5,south,Consumer,Credit Card
TX-14975,2025-09-13,CUST-0275,Standing Desk,Office Supplies,4.0,400.5,West,Small Business,Bank Transfer
TX-11735,2024-09-14,CUST-0043,Pro Laptop,Electronics ,4.0,1200.0,East,Consumer,PayPal
TX-12823,2024-06-19,CUST-0021,Ergonomic Chair,Office Supplies,2.0,299.99,East,Consumer,PayPal
TX-12196,2025-06-16,CUST-0071,Laptop Sleeve, accessories,2.0,29.99,south,Corporate,Bank Transfer
TX-13605,2024-02-05,CUST-0110,USB-C Multi-Hub, accessories,3.0,35.99, North ,Small Business,Credit Card
TX-12475,2025-10-23,CUST-0268,Gel Pens 12-Pack,Office Supplies,2.0,12.99,West,Small Business,Cash
TX-12564,2024-07-08,CUST-0390,Whiteboard,Office Supplies,2.0,79.99,south,Small Business,Bank Transfer
TX-14435,2025-01-20,CUST-0114,Mechanical Keyboard, accessories,3.0,99.99, North ,Small Business,Cash
TX-14091,2024-07-20,CUST-0112,Pro Laptop,Electronics ,6.0,1200.0,West,Corporate,Bank Transfer
TX-14501,2024-03-05,CUST-0232,Pro Laptop,Electronics ,3.0,1200.0,,Small Business,Credit Card
TX-10707,2025-11-17,CUST-0037,Wireless Mouse, accessories,2.0,49.99, North ,Small Business,Cash
TX-14306,2024-06-26,CUST-0299,Smartwatch,Electronics ,5.0,200.0, North ,Corporate,Bank Transfer
TX-11093,2025-08-22,CUST-0230,Whiteboard,Office Supplies,2.0,79.99, North ,Small Business,Credit Card
TX-13614,2025-10-14,CUST-0213,Premium Tablet,Electronics ,1.0,600.0,East,Small Business,Cash
TX-11376,2025-12-13,CUST-0382,Premium Tablet,Electronics ,4.0,600.0,East,Consumer,Credit Card
TX-14943,2025-10-05,CUST-0035,Desk Mat, accessories,3.0,25.0,south,Small Business,Cash
TX-10072,2025-11-04,CUST-0137,Premium Tablet,Electronics ,3.0,600.0,south,Consumer,Bank Transfer
TX-11922,2024-11-09,CUST-0108,Wireless Mouse, accessories,5.0,45.49,West,Corporate,Credit Card
TX-13220,2024-12-27,CUST-0055,Premium Tablet,Electronics ,6.0,600.0,West,Corporate,Bank Transfer
TX-11764,2025-12-14,CUST-0292,Desk Mat, accessories,4.0,25.0,West,Corporate,Bank Transfer
TX-10743,2025-01-28,CUST-0339,Noise-Cancelling Headphones,Electronics ,4.0,250.0,East,Consumer,Credit Card
TX-13230,2024-02-13,CUST-0238,Noise-Cancelling Headphones,Electronics ,4.0,250.0,West,Small Business,Cash
TX-11005,2025-12-14,CUST-0276,Pro Laptop,Electronics ,10.0,1200.0,south,Corporate,Credit Card
TX-12668,2025-06-03,CUST-0372,Mechanical Keyboard, accessories,5.0,99.99,East,Corporate,Cash
TX-11190,2024-05-16,CUST-0264,Ergonomic Chair,Office Supplies,4.0,299.99,south,Small Business,Cash
TX-13298,2025-01-20,CUST-0027,4K Monitor,Electronics ,4.0,350.0,south,Small Business,PayPal
TX-12601,2024-01-07,CUST-0162,4K Monitor,Electronics ,3.0,350.0,East,Consumer,Credit Card
TX-11125,2024-01-08,CUST-0193,Laptop Sleeve, accessories,3.0,29.99,south,Small Business,Cash
TX-11241,2025-03-01,CUST-0115,Premium Tablet,Electronics ,4.0,510.0, North ,Consumer,Cash
TX-13133,2024-01-13,CUST-0165,4K Monitor,Electronics ,3.0,350.0,West,Small Business,Credit Card
TX-14155,2025-11-28,CUST-0067,Laptop Sleeve, accessories,2.0,29.99, North ,Small Business,Credit Card
TX-13492,2024-07-02,CUST-0246,Gel Pens 12-Pack,Office Supplies,2.0,12.99,south,Small Business,Bank Transfer
TX-10998,2025-03-09,CUST-0285,Ergonomic Chair,Office Supplies,1.0,299.99,south,Consumer,Cash
TX-14766,2024-12-08,CUST-0084,Premium Tablet,Electronics ,1.0,600.0,south,Small Business,PayPal
TX-12684,2024-01-29,CUST-0335,Whiteboard,Office Supplies,2.0,79.99, North ,Small Business,PayPal
TX-11577,2025-03-23,CUST-0126,4K Monitor,Electronics ,3.0,350.0, North ,Consumer,Credit Card
TX-14819,2025-12-19,CUST-0258,Ergonomic Chair,Office Supplies,2.0,299.99,south,Small Business,PayPal
TX-11826,2025-10-05,CUST-0354,Pro Laptop,Electronics ,4.0,1128.0, North ,Corporate,Cash
TX-13340,2024-06-09,CUST-0331,Desk Mat, accessories,5.0,25.0,,Corporate,PayPal
TX-11084,2025-03-30,CUST-0003,Smartwatch,Electronics ,2.0,200.0,south,Consumer,PayPal
TX-13626,2024-07-31,CUST-0235,Premium Tablet,Electronics ,4.0,600.0,East,Small Business,Bank Transfer
TX-10440,2025-10-10,CUST-0150,Laptop Sleeve, accessories,7.0,27.89, North ,Corporate,Credit Card
TX-14981,2024-12-30,CUST-0054,Ergonomic Chair,Office Supplies,3.0,299.99,West,Small Business,PayPal
TX-11100,2024-03-07,CUST-0252,Premium Tablet,Electronics ,1.0,600.0,East,Consumer,PayPal
TX-14783,02/26/2025,CUST-0165,Pro Laptop,Electronics ,1.0,1200.0,West,Small Business,PayPal
TX-13103,2025-02-16,CUST-0003,Noise-Cancelling Headphones,Electronics ,3.0,250.0,south,Consumer,Credit Card
TX-10649,2024-05-06,CUST-0047,Smartwatch,Electronics ,3.0,200.0,south,Small Business,Credit Card
TX-11546,2024-07-18,CUST-0003,USB-C Multi-Hub, accessories,3.0,39.99,south,Consumer,Credit Card
TX-14568,2025-03-30,CUST-0081,Gel Pens 12-Pack,Office Supplies,1.0,11.69, North ,Consumer,Credit Card
TX-13612,2024-06-01,CUST-0121,Laptop Sleeve, accessories,2.0,29.99,West,Consumer,Bank Transfer
TX-13210,2024-02-20,CUST-0197,Wireless Mouse, accessories,2.0,49.99,south,Consumer,Bank Transfer
TX-13398,2025-04-20,CUST-0015,4K Monitor,Electronics ,2.0,315.0,West,Corporate,Credit Card
TX-13795,2025-07-23,CUST-0131,Laptop Sleeve, accessories,8.0,29.99,south,Corporate,Cash
TX-10630,2025-11-03,CUST-0196,Laptop Sleeve, accessories,2.0,29.99,West,Small Business,Cash
TX-10672,2025-07-03,CUST-0172,Gel Pens 12-Pack,Office Supplies,2.0,9999.99,south,Corporate,Bank Transfer
TX-11249,2024-07-05,CUST-0393,Premium Notebook,Office Supplies,7.0,15.5,East,Corporate,Cash
TX-10482,2024-03-09,CUST-0102,Laptop Sleeve, accessories,4.0,29.99, North ,Consumer,Bank Transfer
TX-11584,2024-12-13,CUST-0093,Standing Desk,Office Supplies,6.0,450.0,East,Corporate,Bank Transfer
TX-13119,2024-07-13,CUST-0095,Premium Notebook,Office Supplies,3.0,15.5,south,Consumer,Cash
TX-14654,2024-06-26,CUST-0023,Smartwatch,Electronics ,6.0,168.0, North ,Corporate,Credit Card
TX-13082,2025-09-01,CUST-0196,Mechanical Keyboard, accessories,3.0,99.99,West,Small Business,Bank Transfer
TX-11462,2024-10-28,CUST-0083,Ergonomic Chair,Office Supplies,3.0,299.99,south,Consumer,PayPal
TX-13985,2025-04-14,CUST-0081,Premium Tablet,Electronics ,2.0,486.0, North ,Consumer,Bank Transfer
TX-14017,2024-04-01,CUST-0258,Smartwatch,Electronics ,2.0,190.0,south,Small Business,PayPal
TX-12578,2025-02-20,CUST-0097,Smartwatch,Electronics ,1.0,200.0, North ,Small Business,Credit Card
TX-13855,2025-04-10,CUST-0066,4K Monitor,Electronics ,2.0,350.0, North ,Small Business,Bank Transfer
TX-10049,2024-04-28,CUST-0276,Smartwatch,Electronics ,9.0,200.0,south,Corporate,Bank Transfer
TX-14315,2025-09-26,CUST-0045,Mechanical Keyboard, accessories,10.0,99.99,East,Corporate,Credit Card
TX-13101,2025-06-21,CUST-0268,Whiteboard,Office Supplies,2.0,79.99,West,Small Business,Credit Card
TX-10858,2025-11-14,CUST-0315,Premium Notebook,Office Supplies,4.0,15.5, North ,Small Business,PayPal
TX-11072,2025-12-29,CUST-0201,Mechanical Keyboard, accessories,,85.99,East,Corporate,PayPal
TX-10719,2025-01-13,CUST-0090,Standing Desk,Office Supplies,4.0,450.0,West,Consumer,PayPal
TX-13204,2024-10-22,CUST-0174,Noise-Cancelling Headphones,Electronics ,1.0,250.0,south,Small Business,Credit Card
TX-12631,2025-09-09,CUST-0302,4K Monitor,Electronics ,5.0,350.0,south,Corporate,Bank Transfer
TX-14903,2024-04-14,CUST-0139,Wireless Mouse, accessories,3.0,49.99,East,Consumer,Credit Card
TX-11660,2024-08-25,CUST-0257,Premium Notebook,Office Supplies,4.0,15.5,West,Small Business,Credit Card
TX-11656,2025-06-10,CUST-0146,USB-C Multi-Hub, accessories,6.0,39.99,south,Corporate,PayPal
TX-12425,2025-11-17,CUST-0134,Gel Pens 12-Pack,Office Supplies,2.0,12.99,East,Corporate,PayPal
TX-13576,2024-12-18,CUST-0269,Gel Pens 12-Pack,Office Supplies,5.0,12.99,East,Corporate,PayPal
TX-14254,2024-09-12,CUST-0265,Wireless Mouse, accessories,1.0,49.99,West,Consumer,PayPal
TX-10705,2025-02-19,CUST-0196,Whiteboard,Office Supplies,2.0,79.99,West,Small Business,PayPal
TX-13357,2025-08-07,CUST-0015,Smartwatch,Electronics ,,200.0,West,Corporate,Bank Transfer
TX-14502,2024-06-02,CUST-0185,Mechanical Keyboard, accessories,3.0,99.99, North ,Consumer,PayPal
TX-13353,2025-08-09,CUST-0341,Pro Laptop,Electronics ,4.0,1200.0, North ,Corporate,Cash
TX-14780,2024-04-28,CUST-0053,USB-C Multi-Hub, accessories,2.0,39.99,East,Small Business,Bank Transfer
TX-14151,2025-04-23,CUST-0211,Smartwatch,Electronics ,6.0,200.0,East,Corporate,Bank Transfer
TX-12606,2024-10-01,CUST-0393,USB-C Multi-Hub, accessories,7.0,39.99,East,Corporate,Cash
TX-11385,2025-03-18,CUST-0300,Noise-Cancelling Headphones,Electronics ,2.0,250.0,East,Small Business,Credit Card
TX-14994,2025-08-08,CUST-0022,USB-C Multi-Hub, accessories,3.0,35.99,West,Small Business,Cash
TX-11399,2024-09-10,CUST-0105,Smartwatch,Electronics ,1.0,200.0,West,Consumer,Cash
TX-11195,2024-07-09,CUST-0206,Ergonomic Chair,Office Supplies,1.0,299.99,south,Consumer,Cash
TX-11408,2025-06-21,CUST-0033,Premium Tablet,Electronics ,3.0,600.0,East,Consumer,Bank Transfer
TX-13879,2025-06-20,CUST-0265,Whiteboard,Office Supplies,1.0,71.19,West,Consumer,Bank Transfer
TX-11798,2025-07-22,CUST-0255,Premium Tablet,Electronics ,10.0,600.0,south,Corporate,Credit Card
TX-11475,2025-06-26,CUST-0199,Premium Notebook,Office Supplies,2.0,15.5,West,Consumer,Cash
TX-13264,2024-07-14,CUST-0354,Ergonomic Chair,Office Supplies,9.0,299.99, North ,Corporate,Cash
TX-10035,2024-06-10,,Premium Notebook,Office Supplies,3.0,15.5,south,Small Business,Cash
TX-13593,2025-04-22,CUST-0095,Laptop Sleeve, accessories,1.0,29.99,south,Consumer,Credit Card
TX-12345,2024-04-29,CUST-0026,Whiteboard,Office Supplies,4.0,72.79,East,Small Business,Cash
TX-13365,2025-02-17,CUST-0279,Pro Laptop,Electronics ,2.0,1200.0,East,Corporate,PayPal
TX-12359,2024-03-13,CUST-0280,Premium Notebook,Office Supplies,3.0,14.41,East,Small Business,PayPal
TX-12206,2024-12-08,CUST-0014,Pro Laptop,Electronics ,4.0,1200.0,south,Small Business,Credit Card
TX-13821,2025-10-26,CUST-0126,Smartwatch,Electronics ,4.0,200.0, North ,Consumer,Bank Transfer
TX-11286,2025-10-19,CUST-0056,Premium Tablet,Electronics ,1.0,600.0,south,Consumer,Cash
TX-10349,2024-12-10,CUST-0070,Smartwatch,Electronics ,9.0,160.0,East,Corporate,Bank Transfer
TX-12137,2024-11-16,CUST-0259,USB-C Multi-Hub, accessories,6.0,34.79,West,Corporate,Bank Transfer
TX-12691,2024-03-19,CUST-0191,USB-C Multi-Hub, accessories,10.0,39.99,East,Corporate,Credit Card
TX-13790,2024-01-18,CUST-0107,Ergonomic Chair,Office Supplies,3.0,299.99,West,Consumer,Bank Transfer
TX-10642,2025-08-08,CUST-0305,Laptop Sleeve, accessories,1.0,29.99, North ,Consumer,Credit Card
TX-11681,2025-04-21,CUST-0232,Mechanical Keyboard, accessories,3.0,85.99,East,Small Business,Credit Card
TX-14078,2025-03-16,CUST-0187,Wireless Mouse, accessories,4.0,49.99,south,Small Business,PayPal
TX-11443,2024-05-25,CUST-0121,Desk Mat, accessories,4.0,20.5,West,Consumer,Credit Card
TX-13291,2024-03-20,CUST-0001,Noise-Cancelling Headphones,Electronics ,4.0,250.0, North ,Consumer,PayPal
TX-11671,2024-10-09,CUST-0225,Ergonomic Chair,Office Supplies,4.0,299.99,West,Consumer,PayPal
TX-13670,2024-08-23,CUST-0032,Standing Desk,Office Supplies,4.0,450.0,East,Corporate,PayPal
TX-11179,2024-09-22,CUST-0263,Mechanical Keyboard, accessories,2.0,99.99,West,Consumer,PayPal
TX-12798,2025-06-05,CUST-0369,Desk Mat, accessories,2.0,25.0,West,Small Business,PayPal
TX-11692,2024-05-03,CUST-0251,Laptop Sleeve, accessories,3.0,29.99,south,Small Business,Bank Transfer
TX-13930,2025-08-27,CUST-0067,Pro Laptop,Electronics ,2.0,1200.0, North ,Small Business,Credit Card
TX-10372,2024-03-09,CUST-0285,Whiteboard,Office Supplies,3.0,79.99,south,Consumer,Bank Transfer
TX-13664,2024-11-09,CUST-0276,Standing Desk,Office Supplies,6.0,450.0,south,Corporate,Credit Card
TX-11916,2025-08-10,CUST-0106,Desk Mat, accessories,1.0,25.0,south,Small Business,Cash
TX-11357,2025-12-03,CUST-0296,Wireless Mouse, accessories,4.0,49.99,south,Corporate,Cash
TX-11825,2024-06-04,CUST-0084,Ergonomic Chair,Office Supplies,4.0,299.99,south,Small Business,PayPal
TX-10786,2025-05-12,CUST-0257,Wireless Mouse, accessories,4.0,49.99,West,Small Business,Bank Transfer
TX-10469,2025-07-04,CUST-0274,Pro Laptop,Electronics ,2.0,1200.0,East,Small Business,PayPal
TX-10140,2025-05-05,CUST-0270,Gel Pens 12-Pack,Office Supplies,1.0,12.99,West,Small Business,PayPal
TX-10788,2024-10-22,CUST-0040,Premium Tablet,Electronics ,6.0,600.0,West,Corporate,Credit Card
TX-10323,2025-06-16,CUST-0212,USB-C Multi-Hub, accessories,9.0,39.99, North ,Corporate,Credit Card
TX-10050,2025-12-14,CUST-0381,Mechanical Keyboard, accessories,8.0,99.99,West,Corporate,Credit Card
TX-10714,2024-12-17,CUST-0006,Gel Pens 12-Pack,Office Supplies,4.0,12.99,West,Consumer,Bank Transfer
TX-14940,2024-11-20,CUST-0027,Premium Tablet,Electronics ,3.0,600.0,south,Small Business,PayPal
TX-12840,2025-06-05,CUST-0242,Smartwatch,Electronics ,4.0,190.0,East,Consumer,PayPal
TX-12446,2024-01-02,CUST-0229,USB-C Multi-Hub, accessories,1.0,39.99,East,Small Business,Cash
TX-14842,2025-08-24,CUST-0175,Laptop Sleeve, accessories,4.0,29.99,East,Consumer,Credit Card
TX-14445,2025-05-20,CUST-0110,Mechanical Keyboard, accessories,4.0,99.99, North ,Small Business,Credit Card
TX-14622,2025-06-22,CUST-0077,Premium Notebook,Office Supplies,3.0,15.5,south,Consumer,PayPal
TX-14756,2024-12-26,CUST-0096,USB-C Multi-Hub, accessories,5.0,39.99, North ,Corporate,PayPal
TX-12666,2024-12-13,CUST-0033,Premium Tablet,Electronics ,3.0,600.0,East,Consumer,Credit Card
TX-10406,2024-06-11,CUST-0251,Premium Tablet,Electronics ,4.0,600.0,south,Small Business,Cash
TX-13409,2024-02-19,CUST-0199,Gel Pens 12-Pack,Office Supplies,4.0,12.99,West,Consumer,PayPal
TX-11004,2024-01-03,CUST-0312,Ergonomic Chair,Office Supplies,2.0,299.99,West,Corporate,PayPal
TX-13049,2024-08-29,CUST-0187,Gel Pens 12-Pack,Office Supplies,1.0,12.99,south,Small Business,Bank Transfer
TX-10890,2025-07-25,CUST-0332,Mechanical Keyboard, accessories,1.0,83.99,south,Consumer,Cash
TX-12411,2025-08-25,CUST-0374,Whiteboard,Office Supplies,2.0,79.99,West,Corporate,Cash
TX-12545,2025-01-12,CUST-0214,Gel Pens 12-Pack,Office Supplies,1.0,12.99,,Small Business,Cash
TX-14473,2024-01-08,CUST-0199,Ergonomic Chair,Office Supplies,1.0,299.99,West,Consumer,PayPal
TX-12390,2025-11-06,CUST-0315,4K Monitor,Electronics ,2.0,350.0, North ,Small Business,Credit Card
TX-13996,2025-07-03,CUST-0337,Gel Pens 12-Pack,Office Supplies,2.0,10.65,West,Small Business,Bank Transfer
TX-10042,2024-06-28,CUST-0103,4K Monitor,Electronics ,3.0,350.0,East,Consumer,Bank Transfer
TX-12830,2025-05-22,CUST-0153,Premium Tablet,Electronics ,3.0,600.0,,Consumer,Credit Card
TX-13901,2025-11-14,CUST-0032,Smartwatch,Electronics ,6.0,200.0,East,Corporate,PayPal
TX-10303,2024-03-15,CUST-0009,Wireless Mouse, accessories,1.0,49.99, North ,Small Business,Bank Transfer
TX-14539,2024-07-04,CUST-0352,Laptop Sleeve, accessories,4.0,29.99,south,Corporate,Credit Card
TX-13801,2025-07-18,CUST-0113,Premium Notebook,Office Supplies,3.0,15.5,West,Small Business,Bank Transfer
TX-10664,2025-10-06,CUST-0045,Whiteboard,Office Supplies,6.0,79.99,East,Corporate,Cash
TX-11177,2024-02-19,CUST-0088,Gel Pens 12-Pack,Office Supplies,2.0,12.99,West,Small Business,Bank Transfer
TX-12676,2024-10-23,CUST-0193,Smartwatch,Electronics ,3.0,200.0,south,Small Business,Bank Transfer
TX-11947,05/04/2025,CUST-0051,Smartwatch,Electronics ,1.0,200.0,East,Consumer,PayPal
TX-12501,2024-02-02,CUST-0110,Ergonomic Chair,Office Supplies,3.0,272.99, North ,Small Business,Credit Card
TX-11473,2024-09-26,CUST-0392,Desk Mat, accessories,1.0,25.0, North ,Small Business,PayPal
TX-13535,2025-02-10,CUST-0398,Mechanical Keyboard, accessories,9.0,92.99, North ,Corporate,Cash
TX-14104,2024-04-28,CUST-0114,Pro Laptop,Electronics ,4.0,1008.0, North ,Small Business,Bank Transfer
TX-12132,2024-07-29,CUST-0072,Pro Laptop,Electronics ,2.0,1008.0, North ,Small Business,Cash
TX-11026,2025-08-30,CUST-0100,Mechanical Keyboard, accessories,3.0,99.99, North ,Small Business,Bank Transfer
TX-12989,2024-05-15,CUST-0004,Wireless Mouse, accessories,3.0,41.49, North ,Small Business,PayPal
TX-10961,2025-10-01,CUST-0334,Premium Notebook,Office Supplies,4.0,15.5,East,Small Business,PayPal
TX-12889,2024-11-08,CUST-0074,Gel Pens 12-Pack,Office Supplies,2.0,12.99,south,Small Business,Bank Transfer
TX-14434,2024-04-03,CUST-0009,Mechanical Keyboard, accessories,4.0,99.99, North ,Small Business,PayPal
TX-12009,2025-06-10,CUST-0019,Laptop Sleeve, accessories,1.0,29.99,West,Consumer,PayPal
TX-12149,2024-09-21,CUST-0330,4K Monitor,Electronics ,9.0,350.0, North ,Corporate,Cash
TX-13372,2025-06-30,CUST-0236,USB-C Multi-Hub, accessories,3.0,39.99,south,Consumer,PayPal
TX-12338,2024-06-28,CUST-0059,Mechanical Keyboard, accessories,1.0,99.99,south,Small Business,Credit Card
TX-13944,2024-07-12,CUST-0104,4K Monitor,Electronics ,7.0,318.5,south,Corporate,Cash
TX-10304,2024-03-02,,USB-C Multi-Hub, accessories,,39.99, North ,Corporate,Cash
TX-11440,2024-09-07,CUST-0137,Whiteboard,Office Supplies,1.0,79.99,south,Consumer,Credit Card
TX-11496,2025-07-25,CUST-0313,Premium Tablet,Electronics ,2.0,600.0,West,Corporate,Cash
TX-12652,2024-07-04,CUST-0230,Standing Desk,Office Supplies,2.0,360.0, North ,Small Business,PayPal
TX-12875,2025-12-21,CUST-0227,Pro Laptop,Electronics ,1.0,1200.0,West,Consumer,Credit Card
TX-10916,2024-09-02,CUST-0395,Ergonomic Chair,Office Supplies,1.0,248.99,East,Consumer,PayPal
TX-14207,2024-03-29,CUST-0073,Laptop Sleeve, accessories,4.0,29.99,East,Small Business,PayPal
TX-14453,2024-12-30,CUST-0121,Desk Mat, accessories,1.0,25.0,West,Consumer,Credit Card
TX-12772,02/11/2025,CUST-0302,Noise-Cancelling Headphones,Electronics ,5.0,250.0,south,Corporate,PayPal
TX-11624,2024-09-02,CUST-0090,Standing Desk,Office Supplies,3.0,450.0,West,Consumer,PayPal
TX-13892,2024-09-02,CUST-0168,Smartwatch,Electronics ,3.0,200.0,East,Small Business,Bank Transfer
TX-10821,2024-06-15,CUST-0080,Mechanical Keyboard, accessories,5.0,99.99,East,Corporate,Credit Card
TX-11501,2025-02-11,,Smartwatch,Electronics ,4.0,200.0,south,Consumer,Cash
TX-11354,2024-12-14,CUST-0264,Premium Notebook,Office Supplies,4.0,15.5,south,Small Business,PayPal
TX-14523,2024-09-26,CUST-0113,Pro Laptop,Electronics ,1.0,972.0,,Small Business,Cash
TX-10850,2024-06-09,CUST-0201,Gel Pens 12-Pack,Office Supplies,8.0,12.99,East,Corporate,Bank Transfer
TX-11000,2025-11-27,CUST-0180,Mechanical Keyboard, accessories,3.0,86.99, North ,Consumer,Credit Card
TX-13427,2025-01-01,CUST-0004,Premium Tablet,Electronics ,1.0,516.0, North ,Small Business,Cash
TX-10018,2024-04-05,CUST-0116,Smartwatch,Electronics ,1.0,200.0,West,Small Business,PayPal
TX-11637,2025-12-31,CUST-0367,4K Monitor,Electronics ,3.0,350.0, North ,Consumer,Cash
TX-11667,2024-09-19,CUST-0151,Ergonomic Chair,Office Supplies,7.0,299.99,East,Corporate,Cash
TX-10493,2025-09-20,CUST-0388,Mechanical Keyboard, accessories,4.0,80.99, North ,Consumer,PayPal
TX-11347,2025-07-04,CUST-0003,Wireless Mouse, accessories,3.0,40.49,south,Consumer,Credit Card
TX-13018,2024-02-23,CUST-0298,Gel Pens 12-Pack,Office Supplies,5.0,10.65,,Corporate,PayPal
TX-13781,2024-06-26,CUST-0094,Ergonomic Chair,Office Supplies,4.0,299.99,West,Consumer,Bank Transfer
TX-13303,2024-08-01,CUST-0139,Premium Notebook,Office Supplies,4.0,13.48,East,Consumer,Cash
TX-13668,2025-05-04,CUST-0062,Standing Desk,Office Supplies,6.0,450.0, North ,Corporate,Credit Card
TX-14454,2024-02-16,CUST-0108,Premium Notebook,Office Supplies,8.0,15.5,West,Corporate,Bank Transfer
TX-10687,2025-03-12,CUST-0201,4K Monitor,Electronics ,9.0,350.0,East,Corporate,Bank Transfer
TX-13785,2024-05-17,CUST-0113,Laptop Sleeve, accessories,4.0,29.99,West,Small Business,Cash
TX-11608,2025-07-25,CUST-0007,Premium Notebook,Office Supplies,3.0,15.5, North ,Consumer,Bank Transfer
TX-14116,2024-04-16,CUST-0053,Noise-Cancelling Headphones,Electronics ,3.0,250.0,East,Small Business,PayPal
TX-13986,2025-02-13,CUST-0025,Premium Tablet,Electronics ,2.0,570.0,East,Small Business,Bank Transfer
TX-11009,2024-08-14,CUST-0120,Premium Notebook,Office Supplies,1.0,15.5,West,Consumer,Bank Transfer
TX-12408,2024-01-14,CUST-0140,Standing Desk,Office Supplies,4.0,450.0, North ,Small Business,Bank Transfer
TX-11092,2025-12-05,CUST-0342,Ergonomic Chair,Office Supplies,3.0,299.99,East,Small Business,Credit Card
TX-11327,2024-05-09,CUST-0138,Gel Pens 12-Pack,Office Supplies,2.0,12.99, North ,Small Business,Credit Card
TX-11677,2025-03-13,CUST-0203,Ergonomic Chair,Office Supplies,1.0,263.99,south,Small Business,Bank Transfer
TX-11999,2024-07-22,CUST-0385,Premium Tablet,Electronics ,8.0,600.0,south,Corporate,PayPal
TX-11310,2024-01-05,CUST-0213,Pro Laptop,Electronics ,1.0,1200.0,East,Small Business,PayPal
TX-13931,2024-02-05,CUST-0048,USB-C Multi-Hub, accessories,4.0,39.99,East,Consumer,Cash
TX-11987,2024-04-04,CUST-0318,4K Monitor,Electronics ,2.0,350.0, North ,Small Business,Bank Transfer
TX-13702,2025-01-28,CUST-0252,USB-C Multi-Hub, accessories,3.0,39.99,East,Consumer,PayPal
TX-10344,2024-01-29,CUST-0361,USB-C Multi-Hub, accessories,2.0,39.99,south,Consumer,PayPal
TX-14211,2025-02-11,CUST-0278,Wireless Mouse, accessories,2.0,49.99,East,Consumer,Credit Card
TX-10986,2025-05-29,CUST-0010,4K Monitor,Electronics ,2.0,350.0,south,Small Business,Credit Card
TX-13907,2024-10-23,CUST-0233,Laptop Sleeve, accessories,7.0,29.99,West,Corporate,Bank Transfer
TX-13861,2025-07-28,CUST-0079,Ergonomic Chair,Office Supplies,2.0,239.99, North ,Small Business,Bank Transfer
TX-14338,2025-07-17,CUST-0173,USB-C Multi-Hub, accessories,3.0,39.99,East,Small Business,Bank Transfer
TX-14059,2024-04-06,CUST-0116,Ergonomic Chair,Office Supplies,4.0,272.99,West,Small Business,Bank Transfer
TX-14438,2024-01-06,CUST-0298,Pro Laptop,Electronics ,2.0,1200.0,West,Corporate,Bank Transfer
TX-13074,2024-07-27,CUST-0323,Wireless Mouse, accessories,10.0,49.99,south,Corporate,Credit Card
TX-11142,2025-02-01,CUST-0164,Standing Desk,Office Supplies,2.0,450.0,East,Consumer,Credit Card
TX-12358,2024-03-26,CUST-0228,4K Monitor,Electronics ,3.0,350.0,East,Small Business,Credit Card
TX-11198,2024-11-02,CUST-0275,Ergonomic Chair,Office Supplies,4.0,269.99,West,Small Business,Cash
TX-10085,2024-09-06,CUST-0224,Desk Mat, accessories,1.0,25.0, North ,Small Business,Cash
TX-11518,2025-08-14,CUST-0013,Standing Desk,Office Supplies,4.0,450.0,East,Consumer,Bank Transfer
TX-10516,2024-09-16,CUST-0134,Desk Mat, accessories,7.0,25.0,,Corporate,Bank Transfer
TX-11381,2024-03-07,CUST-0151,Smartwatch,Electronics ,2.0,200.0,East,Corporate,PayPal
TX-12716,2025-05-08,CUST-0253,Ergonomic Chair,Office Supplies,1.0,299.99,south,Consumer,Cash
TX-13129,2024-01-13,CUST-0164,Ergonomic Chair,Office Supplies,3.0,299.99,,Consumer,Credit Card
TX-11014,2025-10-18,CUST-0166,Gel Pens 12-Pack,Office Supplies,3.0,12.99,East,Small Business,Credit Card
TX-10128,2024-02-13,CUST-0373,Whiteboard,Office Supplies,8.0,79.99,East,Corporate,Bank Transfer
TX-11364,2024-09-01,CUST-0052,Standing Desk,Office Supplies,4.0,450.0,south,Small Business,Cash
TX-14238,2024-09-13,CUST-0211,Desk Mat, accessories,10.0,25.0,East,Corporate,Bank Transfer
TX-13428,2024-04-18,CUST-0296,Premium Tablet,Electronics ,5.0,600.0,south,Corporate,Bank Transfer
TX-10891,2024-06-21,CUST-0026,Whiteboard,Office Supplies,4.0,64.79,East,Small Business,Bank Transfer
TX-12793,2025-06-29,CUST-0294,Premium Notebook,Office Supplies,4.0,15.5,East,Corporate,Bank Transfer
TX-14233,2024-03-21,CUST-0141,Whiteboard,Office Supplies,1.0,79.99,West,Small Business,Credit Card
TX-11359,2025-04-08,CUST-0181,Ergonomic Chair,Office Supplies,1.0,299.99,East,Consumer,Bank Transfer
TX-10307,2025-03-23,CUST-0123,Premium Tablet,Electronics ,1.0,516.0,south,Consumer,Cash
TX-11661,2025-09-16,CUST-0108,Mechanical Keyboard, accessories,,88.99,West,Corporate,PayPal
TX-12431,2025-11-28,CUST-0120,Pro Laptop,Electronics ,4.0,1116.0,West,Consumer,Bank Transfer
TX-13990,2024-05-14,CUST-0165,4K Monitor,Electronics ,1.0,350.0,West,Small Business,Cash
TX-11317,2025-10-11,CUST-0123,Mechanical Keyboard, accessories,3.0,99.99,south,Consumer,PayPal
TX-14329,2025-12-07,CUST-0016,4K Monitor,Electronics ,4.0,311.5,East,Consumer,PayPal
TX-12474,2025-10-31,CUST-0294,Whiteboard,Office Supplies,7.0,79.99,East,Corporate,Bank Transfer
TX-12542,2024-01-30,CUST-0135,4K Monitor,Electronics ,3.0,350.0,West,Consumer,Credit Card
TX-11246,2024-10-04,CUST-0339,Premium Notebook,Office Supplies,1.0,15.5,East,Consumer,Credit Card
TX-11208,2025-08-28,CUST-0323,Mechanical Keyboard, accessories,5.0,93.99,south,Corporate,Credit Card
TX-10216,2025-04-25,CUST-0390,Standing Desk,Office Supplies,3.0,450.0,south,Small Business,Bank Transfer
TX-14318,2024-11-05,CUST-0081,Pro Laptop,Electronics ,1.0,1200.0, North ,Consumer,Credit Card
TX-13107,2025-03-21,CUST-0330,Gel Pens 12-Pack,Office Supplies,6.0,12.99, North ,Corporate,PayPal
TX-11239,2025-05-05,CUST-0080,Pro Laptop,Electronics ,10.0,1200.0,East,Corporate,Bank Transfer
TX-12289,2024-07-22,CUST-0227,Mechanical Keyboard, accessories,2.0,99.99,West,Consumer,Credit Card
TX-12740,2025-02-03,CUST-0390,Desk Mat, accessories,1.0,25.0,south,Small Business,Bank Transfer
TX-10275,2024-10-01,CUST-0188,Wireless Mouse, accessories,9.0,49.99, North ,Corporate,PayPal
TX-10489,2025-06-03,CUST-0324,4K Monitor,Electronics ,4.0,350.0, North ,Small Business,PayPal
TX-11035,2025-07-22,CUST-0059,Noise-Cancelling Headphones,Electronics ,4.0,250.0,south,Small Business,PayPal
TX-11229,2024-10-13,CUST-0399,Wireless Mouse, accessories,4.0,49.99,West,Consumer,Bank Transfer
TX-14625,2024-04-10,CUST-0259,Standing Desk,Office Supplies,7.0,450.0,West,Corporate,Bank Transfer
TX-11008,2024-10-14,CUST-0364,Standing Desk,Office Supplies,1.0,450.0,south,Small Business,Bank Transfer
TX-14734,2025-06-27,CUST-0344,Mechanical Keyboard, accessories,7.0,89.99,south,Corporate,Credit Card
TX-13168,2024-08-02,CUST-0126,USB-C Multi-Hub, accessories,3.0,39.99, North ,Consumer,Cash
TX-13949,2024-03-16,CUST-0024,4K Monitor,Electronics ,2.0,322.0, North ,Small Business,Bank Transfer
TX-12532,2024-10-12,CUST-0384,Wireless Mouse, accessories,3.0,49.99,south,Corporate,Cash
TX-14194,2025-10-26,CUST-0119,Wireless Mouse, accessories,2.0,49.99,,Small Business,Cash
TX-11058,2024-01-31,CUST-0192,4K Monitor,Electronics ,4.0,350.0,,Corporate,Bank Transfer
TX-12166,2024-02-10,CUST-0018,Wireless Mouse, accessories,1.0,49.99, North ,Consumer,Cash
TX-14124,2024-08-02,,Premium Notebook,Office Supplies,3.0,15.5,south,Corporate,PayPal
TX-13423,2024-06-09,CUST-0068,Noise-Cancelling Headphones,Electronics ,1.0,250.0,East,Small Business,Cash
TX-10281,2025-11-02,CUST-0365,Standing Desk,Office Supplies,4.0,387.0,West,Small Business,Cash
TX-13618,2025-03-20,CUST-0124,Whiteboard,Office Supplies,3.0,79.99,West,Small Business,Credit Card
TX-11316,2025-07-10,CUST-0041,Desk Mat, accessories,1.0,25.0,East,Small Business,PayPal
TX-12413,2024-09-16,CUST-0186,Ergonomic Chair,Office Supplies,1.0,299.99, North ,Small Business,Cash
TX-10968,2025-11-13,CUST-0367,Mechanical Keyboard, accessories,4.0,86.99, North ,Consumer,PayPal
TX-13172,2024-11-03,CUST-0110,Premium Notebook,Office Supplies,4.0,15.5, North ,Small Business,Credit Card
TX-13976,2024-02-23,CUST-0366,Standing Desk,Office Supplies,5.0,450.0,West,Corporate,Credit Card
TX-13213,2024-09-04,CUST-0002,Desk Mat, accessories,2.0,25.0,East,Consumer,PayPal
TX-13571,2025-07-29,CUST-0049,Standing Desk,Office Supplies,7.0,450.0,West,Corporate,PayPal
TX-10619,2025-09-27,CUST-0148,Noise-Cancelling Headphones,Electronics ,1.0,250.0,south,Small Business,Bank Transfer
TX-13282,2025-12-27,CUST-0063,Whiteboard,Office Supplies,3.0,79.99,West,Small Business,Bank Transfer
TX-11742,2025-04-12,CUST-0130,Premium Notebook,Office Supplies,3.0,15.5,West,Consumer,PayPal
TX-11390,2025-12-02,CUST-0240,Gel Pens 12-Pack,Office Supplies,9.0,12.99,East,Corporate,Cash
TX-14102,2024-11-16,CUST-0132,Premium Notebook,Office Supplies,10.0,15.5, North ,Corporate,Bank Transfer
TX-11847,2024-09-26,CUST-0074,Laptop Sleeve, accessories,2.0,29.99,south,Small Business,Credit Card
TX-11579,2025-12-24,CUST-0199,Noise-Cancelling Headphones,Electronics ,2.0,250.0,West,Consumer,Cash
TX-11655,2024-09-14,CUST-0308,Gel Pens 12-Pack,Office Supplies,4.0,12.99, North ,Corporate,Bank Transfer
TX-12352,2025-08-07,CUST-0137,Premium Tablet,Electronics ,2.0,600.0,south,Consumer,Bank Transfer
TX-12212,2025-05-18,CUST-0243,Ergonomic Chair,Office Supplies,2.0,299.99,West,Small Business,Credit Card
TX-12020,2025-07-22,CUST-0115,Premium Tablet,Electronics ,4.0,600.0, North ,Consumer,PayPal
TX-12653,2025-09-30,CUST-0120,Premium Tablet,Electronics ,1.0,600.0,West,Consumer,PayPal
TX-11956,2025-12-09,CUST-0176,Laptop Sleeve, accessories,,29.99,East,Small Business,Bank Transfer
TX-11307,2025-03-06,CUST-0109,Smartwatch,Electronics ,4.0,176.0,south,Consumer,Credit Card
TX-12003,2024-09-08,CUST-0328,Noise-Cancelling Headphones,Electronics ,3.0,250.0,,Consumer,Credit Card
TX-14481,2025-02-18,CUST-0281,Noise-Cancelling Headphones,Electronics ,3.0,250.0, North ,Consumer,Credit Card
TX-10575,2024-09-13,,Pro Laptop,Electronics ,2.0,1200.0,West,Small Business,Cash
TX-12360,2024-12-30,CUST-0378,4K Monitor,Electronics ,4.0,350.0, North ,Small Business,Bank Transfer
TX-14227,2025-11-27,CUST-0380,Standing Desk,Office Supplies,1.0,409.5,south,Small Business,Bank Transfer
TX-14462,2025-05-08,CUST-0099,Wireless Mouse, accessories,1.0,40.99,south,Consumer,Credit Card
TX-11706,2025-08-07,CUST-0101,Premium Tablet,Electronics ,2.0,600.0, North ,Consumer,PayPal
TX-13796,2024-12-05,CUST-0339,4K Monitor,Electronics ,2.0,350.0,East,Consumer,Bank Transfer
TX-14504,2024-01-18,CUST-0169,Laptop Sleeve, accessories,2.0,29.99, North ,Consumer,Bank Transfer
TX-11280,2025-04-16,CUST-0133,Premium Notebook,Office Supplies,9.0,15.5,East,Corporate,PayPal
TX-10861,2025-08-03,CUST-0244,Standing Desk,Office Supplies,7.0,450.0,East,Corporate,Credit Card
TX-14743,2024-09-01,CUST-0109,Wireless Mouse, accessories,2.0,49.99,south,Consumer,Cash
TX-11801,2025-05-30,CUST-0393,Premium Tablet,Electronics ,7.0,600.0,East,Corporate,Credit Card
TX-11628,2025-02-20,CUST-0267,Gel Pens 12-Pack,Office Supplies,1.0,12.99,West,Consumer,Cash
TX-11993,2024-06-28,CUST-0364,Premium Tablet,Electronics ,2.0,534.0,south,Small Business,Credit Card
TX-12639,2025-03-19,CUST-0156,Ergonomic Chair,Office Supplies,4.0,299.99,East,Corporate,PayPal
TX-10269,2025-08-11,CUST-0197,Standing Desk,Office Supplies,4.0,450.0,south,Consumer,PayPal
TX-10629,2024-01-31,CUST-0285,Standing Desk,Office Supplies,2.0,450.0,south,Consumer,Bank Transfer
TX-13081,2025-03-07,CUST-0100,USB-C Multi-Hub, accessories,3.0,39.99, North ,Small Business,Bank Transfer
TX-12334,2025-07-11,CUST-0007,Wireless Mouse, accessories,3.0,42.99, North ,Consumer,Cash
TX-12966,2025-02-27,CUST-0292,Wireless Mouse, accessories,3.0,44.49,West,Corporate,Bank Transfer
TX-10300,2024-09-02,CUST-0254,Ergonomic Chair,Office Supplies,2.0,299.99, North ,Consumer,Cash
TX-10459,2024-09-27,CUST-0067,4K Monitor,Electronics ,3.0,350.0, North ,Small Business,Credit Card
TX-11447,2025-09-15,CUST-0387,Premium Notebook,Office Supplies,5.0,15.5,south,Corporate,Credit Card
TX-11472,2025-06-01,,Standing Desk,Office Supplies,2.0,418.5,West,Small Business,Cash
TX-12046,2025-05-28,CUST-0104,Premium Tablet,Electronics ,7.0,600.0,south,Corporate,Bank Transfer
TX-14253,2024-12-06,CUST-0033,Laptop Sleeve, accessories,2.0,29.99,East,Consumer,Bank Transfer
TX-14375,2025-07-08,CUST-0104,Mechanical Keyboard, accessories,,99.99,south,Corporate,PayPal
TX-12113,2025-10-20,CUST-0231,Pro Laptop,Electronics ,3.0,1200.0,East,Small Business,PayPal
TX-10027,2025-02-23,CUST-0080,Smartwatch,Electronics ,6.0,200.0,East,Corporate,Bank Transfer
TX-13894,2024-03-24,CUST-0392,Premium Tablet,Electronics ,2.0,540.0, North ,Small Business,PayPal
TX-14641,2024-12-17,CUST-0087,Gel Pens 12-Pack,Office Supplies,4.0,12.99,south,Consumer,Bank Transfer
TX-10837,2025-03-14,CUST-0097,Smartwatch,Electronics ,3.0,170.0, North ,Small Business,PayPal
TX-13881,2025-11-01,CUST-0315,Gel Pens 12-Pack,Office Supplies,3.0,12.99, North ,Small Business,Credit Card
TX-13651,2024-06-19,CUST-0358,Pro Laptop,Electronics ,5.0,1200.0,East,Corporate,Credit Card
TX-12008,2024-11-30,CUST-0265,Wireless Mouse, accessories,4.0,49.99,West,Consumer,Cash
TX-14937,2025-12-14,CUST-0273,Gel Pens 12-Pack,Office Supplies,3.0,12.99,East,Consumer,Credit Card
TX-10503,2025-05-05,CUST-0246,4K Monitor,Electronics ,2.0,329.0,,Small Business,Cash
TX-13254,2025-07-25,CUST-0298,Premium Notebook,Office Supplies,10.0,12.87,West,Corporate,Cash
TX-14537,2025-02-24,CUST-0391,Gel Pens 12-Pack,Office Supplies,1.0,12.99,West,Consumer,Credit Card
TX-10380,2025-03-29,CUST-0165,Gel Pens 12-Pack,Office Supplies,1.0,12.99,West,Small Business,PayPal
TX-11851,12/18/2024,CUST-0031,Desk Mat, accessories,3.0,21.0, North ,Corporate,Cash
TX-11525,2024-03-20,CUST-0193,Pro Laptop,Electronics ,2.0,1056.0,south,Small Business,Credit Card
TX-12365,2025-03-09,CUST-0259,Smartwatch,Electronics ,8.0,200.0,West,Corporate,Cash
TX-13276,2025-09-19,CUST-0164,Standing Desk,Office Supplies,4.0,450.0,East,Consumer,PayPal
TX-13052,2025-04-27,CUST-0062,Mechanical Keyboard, accessories,4.0,99.99, North ,Corporate,PayPal
TX-12884,2025-02-11,CUST-0059,Pro Laptop,Electronics ,4.0,1200.0,south,Small Business,PayPal
TX-12340,2025-03-15,CUST-0255,Premium Tablet,Electronics ,3.0,600.0,south,Corporate,Credit Card
TX-10374,2024-05-31,CUST-0291,Laptop Sleeve, accessories,1.0,29.99, North ,Small Business,Credit Card
TX-13308,2024-05-17,CUST-0353,Noise-Cancelling Headphones,Electronics ,2.0,250.0,West,Corporate,Bank Transfer
TX-12381,2025-12-18,CUST-0185,Premium Notebook,Office Supplies,4.0,15.5, North ,Consumer,PayPal
TX-14335,2024-08-08,CUST-0016,Premium Notebook,Office Supplies,4.0,15.5,East,Consumer,Bank Transfer
TX-10939,2025-06-24,CUST-0010,Whiteboard,Office Supplies,,79.99,south,Small Business,Credit Card
TX-13906,2024-08-10,CUST-0278,Noise-Cancelling Headphones,Electronics ,4.0,250.0,East,Consumer,Credit Card
TX-14190,2024-06-02,CUST-0228,Premium Notebook,Office Supplies,1.0,12.87,East,Small Business,Cash
TX-12799,2025-09-25,CUST-0031,Wireless Mouse, accessories,7.0,49.99, North ,Corporate,Bank Transfer
TX-12147,2025-10-13,CUST-0270,Premium Tablet,Electronics ,1.0,600.0,West,Small Business,Credit Card
TX-13872,2024-05-17,CUST-0085,Pro Laptop,Electronics ,3.0,1080.0, North ,Consumer,PayPal
TX-14566,2024-02-28,CUST-0187,Desk Mat, accessories,4.0,25.0,south,Small Business,PayPal
TX-14241,2025-06-28,CUST-0389,Premium Tablet,Electronics ,2.0,600.0,East,Small Business,Cash
TX-12068,2025-01-16,CUST-0333,Gel Pens 12-Pack,Office Supplies,1.0,12.99,south,Consumer,Bank Transfer
TX-10529,2025-07-26,CUST-0151,Ergonomic Chair,Office Supplies,10.0,299.99,East,Corporate,Bank Transfer
TX-13784,2025-12-05,CUST-0019,Smartwatch,Electronics ,3.0,200.0,West,Consumer,Bank Transfer
TX-10636,2024-04-19,CUST-0068,Pro Laptop,Electronics ,3.0,1200.0,East,Small Business,PayPal
TX-11269,2024-02-03,CUST-0044,Laptop Sleeve, accessories,1.0,26.99,south,Consumer,Cash
TX-10185,2024-09-11,CUST-0004,Gel Pens 12-Pack,Office Supplies,2.0,12.99, North ,Small Business,Cash
TX-13873,2024-03-02,CUST-0057,Smartwatch,Electronics ,2.0,200.0,West,Consumer,PayPal
TX-13226,2025-07-01,CUST-0115,4K Monitor,Electronics ,3.0,350.0, North ,Consumer,Credit Card
TX-13504,2024-09-29,CUST-0315,USB-C Multi-Hub, accessories,2.0,39.99, North ,Small Business,PayPal
TX-11797,2025-08-06,CUST-0134,Pro Laptop,Electronics ,8.0,1200.0,East,Corporate,PayPal
TX-12979,2025-10-03,CUST-0012,Ergonomic Chair,Office Supplies,4.0,299.99,West,Small Business,Bank Transfer
TX-11441,2025-02-24,CUST-0362,Desk Mat, accessories,3.0,25.0,south,Small Business,Credit Card
TX-13477,2024-03-10,CUST-0032,Standing Desk,Office Supplies,3.0,450.0,East,Corporate,Bank Transfer
TX-14904,2025-02-02,CUST-0188,Pro Laptop,Electronics ,4.0,1200.0, North ,Corporate,Cash
TX-11535,2025-02-16,CUST-0288,Mechanical Keyboard, accessories,3.0,91.99,West,Corporate,PayPal
TX-13493,2025-10-15,,Wireless Mouse, accessories,2.0,43.49,south,Consumer,Bank Transfer
TX-13188,2025-02-06,CUST-0146,Premium Tablet,Electronics ,4.0,600.0,south,Corporate,PayPal
TX-11273,2024-02-08,CUST-0149,Premium Tablet,Electronics ,4.0,600.0, North ,Small Business,Credit Card
TX-12467,2025-10-29,CUST-0265,Premium Tablet,Electronics ,3.0,600.0,West,Consumer,Cash
TX-10607,2025-01-25,CUST-0029,Premium Notebook,Office Supplies,8.0,15.5,south,Corporate,Cash
TX-13437,2025-11-17,CUST-0256,Gel Pens 12-Pack,Office Supplies,8.0,11.95,,Corporate,Bank Transfer
TX-11712,2024-01-12,,Gel Pens 12-Pack,Office Supplies,7.0,12.99, North ,Corporate,PayPal
TX-12199,2024-04-05,CUST-0282,Whiteboard,Office Supplies,4.0,79.99,south,Consumer,Bank Transfer
TX-10955,2024-05-21,CUST-0220,Gel Pens 12-Pack,Office Supplies,9.0,12.99,West,Corporate,Bank Transfer
TX-12579,2024-03-04,CUST-0331,Noise-Cancelling Headphones,Electronics ,4.0,250.0,,Corporate,Cash
TX-13953,2024-06-17,CUST-0010,Premium Notebook,Office Supplies,4.0,15.5,south,Small Business,Bank Transfer
TX-14451,2025-09-14,CUST-0085,Standing Desk,Office Supplies,3.0,450.0, North ,Consumer,PayPal
TX-13685,2024-06-30,CUST-0097,Gel Pens 12-Pack,Office Supplies,2.0,12.99, North ,Small Business,PayPal
TX-13739,2024-05-30,CUST-0363,Wireless Mouse, accessories,7.0,49.99,West,Corporate,PayPal
TX-10403,2024-06-03,CUST-0071,Noise-Cancelling Headphones,Electronics ,8.0,205.0,south,Corporate,Cash
TX-12071,2025-07-03,CUST-0218,Ergonomic Chair,Office Supplies,1.0,299.99,East,Consumer,Credit Card
TX-14784,2024-02-01,CUST-0056,Premium Notebook,Office Supplies,1.0,12.56,south,Consumer,PayPal
TX-11977,2025-02-01,CUST-0311,Noise-Cancelling Headphones,Electronics ,4.0,250.0,East,Corporate,Credit Card
TX-10158,2025-04-06,CUST-0144,Laptop Sleeve, accessories,1.0,29.99, North ,Small Business,PayPal
TX-11748,2024-06-12,CUST-0087,Ergonomic Chair,Office Supplies,1.0,299.99,south,Consumer,PayPal
TX-12909,2024-01-31,CUST-0061,Desk Mat, accessories,1.0,25.0,West,Small Business,Bank Transfer
TX-13586,2024-09-03,CUST-0011,4K Monitor,Electronics ,3.0,350.0,West,Consumer,Credit Card
TX-10902,2025-04-24,CUST-0068,Noise-Cancelling Headphones,Electronics ,4.0,250.0,East,Small Business,PayPal
TX-10352,2025-09-18,CUST-0114,Laptop Sleeve, accessories,1.0,25.19, North ,Small Business,Cash
TX-11230,2025-10-11,CUST-0227,Noise-Cancelling Headphones,Electronics ,3.0,250.0,West,Consumer,PayPal
TX-14697,2024-12-30,CUST-0012,Standing Desk,Office Supplies,3.0,450.0,West,Small Business,Cash
TX-12140,2024-02-13,CUST-0161,Gel Pens 12-Pack,Office Supplies,1.0,12.99,East,Consumer,Cash
TX-10444,2025-08-26,CUST-0259,Smartwatch,Electronics ,2.0,200.0,West,Corporate,Credit Card
TX-14978,2025-08-03,CUST-0123,Pro Laptop,Electronics ,1.0,1200.0,south,Consumer,Credit Card
TX-10754,2025-03-01,CUST-0190,Mechanical Keyboard, accessories,4.0,99.99,south,Consumer,PayPal
TX-11737,2025-08-02,CUST-0266,Desk Mat, accessories,1.0,25.0,south,Consumer,Credit Card
TX-12971,2024-10-13,CUST-0058,Standing Desk,Office Supplies,3.0,450.0, North ,Consumer,Cash
TX-11600,2025-10-14,CUST-0217,Ergonomic Chair,Office Supplies,2.0,299.99,south,Small Business,Bank Transfer
TX-12920,2025-12-07,CUST-0241,Premium Tablet,Electronics ,5.0,600.0, North ,Corporate,Cash
TX-10311,2024-09-26,CUST-0365,Wireless Mouse, accessories,4.0,49.99,West,Small Business,Cash
TX-10548,2025-07-29,CUST-0291,Smartwatch,Electronics ,1.0,166.0, North ,Small Business,PayPal
TX-10661,2024-04-05,CUST-0394,Premium Notebook,Office Supplies,7.0,15.5,West,Corporate,Cash
TX-14790,2024-05-20,CUST-0112,Noise-Cancelling Headphones,Electronics ,8.0,250.0,West,Corporate,PayPal
TX-11989,2024-10-02,CUST-0092,Wireless Mouse, accessories,9.0,49.99,East,Corporate,Bank Transfer
TX-10306,2024-07-27,CUST-0080,USB-C Multi-Hub, accessories,8.0,39.99,East,Corporate,Credit Card
TX-12335,04/20/2024,CUST-0361,Smartwatch,Electronics ,1.0,200.0,south,Consumer,PayPal
TX-10694,2025-02-27,CUST-0123,Mechanical Keyboard, accessories,2.0,99.99,south,Consumer,Cash
TX-12356,2024-06-11,CUST-0339,Wireless Mouse, accessories,3.0,49.99,East,Consumer,Credit Card
TX-11927,2025-01-27,CUST-0386,Wireless Mouse, accessories,4.0,49.99, North ,Small Business,Bank Transfer
TX-10684,2024-01-16,CUST-0319,Laptop Sleeve, accessories,1.0,29.99, North ,Consumer,PayPal
TX-10749,2025-09-25,CUST-0024,Premium Tablet,Electronics ,1.0,600.0, North ,Small Business,PayPal
TX-13541,09/09/2025,CUST-0254,Premium Notebook,Office Supplies,1.0,15.5, North ,Consumer,PayPal
TX-13494,2024-11-03,CUST-0003,Desk Mat, accessories,2.0,25.0,south,Consumer,Credit Card
TX-11266,2025-02-18,CUST-0195,Pro Laptop,Electronics ,,1116.0, North ,Corporate,Cash
TX-13333,2025-02-17,CUST-0190,Whiteboard,Office Supplies,1.0,79.99,south,Consumer,Bank Transfer
TX-14871,2025-01-25,CUST-0241,Ergonomic Chair,Office Supplies,7.0,299.99, North ,Corporate,PayPal
TX-14449,2025-06-04,CUST-0164,Mechanical Keyboard, accessories,1.0,89.99,East,Consumer,Cash
TX-14041,2024-01-26,CUST-0136,Ergonomic Chair,Office Supplies,10.0,299.99,,Corporate,Credit Card
TX-13083,2025-11-27,CUST-0249,Pro Laptop,Electronics ,4.0,1200.0, North ,Corporate,Credit Card
TX-13061,2025-08-17,CUST-0393,Laptop Sleeve, accessories,3.0,29.99,East,Corporate,PayPal
TX-13025,2025-04-19,CUST-0139,Ergonomic Chair,Office Supplies,4.0,299.99,East,Consumer,Cash
TX-10970,2025-02-25,CUST-0042,Pro Laptop,Electronics ,4.0,1200.0,south,Small Business,PayPal
TX-10013,2025-07-17,CUST-0019,Ergonomic Chair,Office Supplies,3.0,299.99,West,Consumer,Bank Transfer
TX-10873,2025-08-07,CUST-0377,Wireless Mouse, accessories,10.0,49.99,south,Corporate,Bank Transfer
TX-10808,2024-10-22,CUST-0218,Desk Mat, accessories,2.0,22.5,East,Consumer,Credit Card
TX-13198,2024-10-16,CUST-0137,Whiteboard,Office Supplies,4.0,64.79,south,Consumer,PayPal
TX-10514,2024-01-06,CUST-0004,Laptop Sleeve, accessories,1.0,29.99, North ,Small Business,Credit Card
TX-14498,2024-10-29,CUST-0187,Standing Desk,Office Supplies,2.0,450.0,south,Small Business,Credit Card
TX-10409,2024-12-18,CUST-0053,Whiteboard,Office Supplies,3.0,75.19,East,Small Business,PayPal
TX-13458,2025-03-07,CUST-0393,Smartwatch,Electronics ,8.0,162.0,East,Corporate,Cash
TX-14368,2025-04-02,CUST-0105,Premium Notebook,Office Supplies,4.0,15.5,West,Consumer,Bank Transfer
TX-10207,2025-10-20,CUST-0269,Gel Pens 12-Pack,Office Supplies,8.0,12.99,East,Corporate,PayPal
TX-13271,2025-02-06,CUST-0398,Laptop Sleeve, accessories,3.0,29.99, North ,Corporate,Credit Card
TX-10458,2024-06-30,CUST-0039,Premium Tablet,Electronics ,1.0,546.0,south,Consumer,Cash
TX-13523,2024-08-24,CUST-0143,Noise-Cancelling Headphones,Electronics ,2.0,250.0, North ,Consumer,Credit Card
TX-12430,2024-11-18,CUST-0360,Smartwatch,Electronics ,1.0,200.0, North ,Small Business,Bank Transfer
TX-13711,02/23/2024,CUST-0344,Standing Desk,Office Supplies,7.0,450.0,south,Corporate,Bank Transfer
TX-10110,2024-01-28,CUST-0203,USB-C Multi-Hub, accessories,2.0,39.99,south,Small Business,Cash
TX-13800,2025-02-23,CUST-0258,4K Monitor,Electronics ,4.0,350.0,south,Small Business,Bank Transfer
TX-11107,2025-04-19,CUST-0146,Whiteboard,Office Supplies,9.0,79.99,south,Corporate,Credit Card
TX-11883,2024-03-12,CUST-0253,Whiteboard,Office Supplies,1.0,79.99,south,Consumer,Cash
TX-11713,2025-08-14,CUST-0208,Standing Desk,Office Supplies,4.0,450.0,East,Consumer,Bank Transfer
TX-14015,12/11/2024,CUST-0052,Smartwatch,Electronics ,3.0,200.0,south,Small Business,Bank Transfer
TX-14137,2025-08-23,CUST-0050,Noise-Cancelling Headphones,Electronics ,1.0,250.0,West,Consumer,Bank Transfer
TX-10552,2025-11-20,CUST-0397,Desk Mat, accessories,1.0,25.0,West,Consumer,Cash
TX-11439,2024-12-31,CUST-0113,Premium Notebook,Office Supplies,3.0,15.5,West,Small Business,Bank Transfer
TX-12270,2024-06-20,CUST-0071,Premium Notebook,Office Supplies,10.0,15.5,south,Corporate,Bank Transfer
TX-13144,2025-12-15,CUST-0030,Mechanical Keyboard, accessories,2.0,99.99, North ,Consumer,Credit Card
TX-12821,2025-09-11,CUST-0007,Wireless Mouse, accessories,3.0,49.99, North ,Consumer,PayPal
TX-14810,2025-09-16,CUST-0314,Standing Desk,Office Supplies,,450.0, North ,Corporate,Cash
TX-11925,2025-01-18,CUST-0220,Laptop Sleeve, accessories,9.0,29.99,West,Corporate,Credit Card
TX-10634,2024-05-01,CUST-0095,Standing Desk,Office Supplies,1.0,450.0,south,Consumer,Bank Transfer
TX-14834,2024-04-23,CUST-0103,Premium Tablet,Electronics ,3.0,600.0,East,Consumer,Bank Transfer
TX-10316,2024-05-02,CUST-0258,Wireless Mouse, accessories,2.0,49.99,south,Small Business,PayPal
TX-14242,2024-12-20,CUST-0254,Mechanical Keyboard, accessories,1.0,99.99, North ,Consumer,Bank Transfer
TX-14727,2024-01-04,CUST-0285,Smartwatch,Electronics ,1.0,200.0,south,Consumer,Credit Card
TX-11328,2025-07-18,CUST-0334,Gel Pens 12-Pack,Office Supplies,4.0,12.99,East,Small Business,Cash
TX-10427,2025-10-26,CUST-0068,Wireless Mouse, accessories,2.0,49.99,East,Small Business,Credit Card
TX-13424,2024-06-30,CUST-0184,Mechanical Keyboard, accessories,2.0,99.99,West,Small Business,Cash
TX-10105,2024-08-31,CUST-0313,Gel Pens 12-Pack,Office Supplies,5.0,12.99,West,Corporate,PayPal
TX-13041,2024-02-03,CUST-0113,Whiteboard,Office Supplies,1.0,79.99,West,Small Business,Bank Transfer
TX-10142,2024-02-26,CUST-0064,Mechanical Keyboard, accessories,3.0,80.99,West,Small Business,PayPal
TX-12169,2024-04-24,CUST-0282,4K Monitor,Electronics ,1.0,350.0,south,Consumer,PayPal
TX-13378,2024-09-16,CUST-0177,Standing Desk,Office Supplies,7.0,450.0,West,Corporate,PayPal
TX-10089,2025-07-31,CUST-0390,Desk Mat, accessories,3.0,23.5,south,Small Business,Bank Transfer
TX-12918,2025-07-25,CUST-0271,Desk Mat, accessories,1.0,22.0,West,Consumer,Cash
TX-13237,2025-09-16,CUST-0188,Noise-Cancelling Headphones,Electronics ,3.0,250.0, North ,Corporate,Cash
TX-12241,2025-05-04,CUST-0394,Mechanical Keyboard, accessories,2.0,99.99,West,Corporate,Cash
TX-13174,2025-07-26,CUST-0281,Noise-Cancelling Headphones,Electronics ,4.0,250.0, North ,Consumer,Credit Card
TX-14036,2024-11-30,CUST-0283,Premium Notebook,Office Supplies,3.0,14.41,West,Small Business,PayPal
TX-12163,2024-04-02,CUST-0049,Laptop Sleeve, accessories,9.0,29.99,West,Corporate,Cash
TX-12636,2024-04-27,CUST-0390,Smartwatch,Electronics ,3.0,200.0,south,Small Business,Bank Transfer
TX-11949,2025-02-27,CUST-0321,Standing Desk,Office Supplies,3.0,400.5, North ,Small Business,Cash
TX-11768,2025-08-10,CUST-0351,Gel Pens 12-Pack,Office Supplies,8.0,11.69,East,Corporate,Cash
TX-13331,04/29/2025,CUST-0321,Noise-Cancelling Headphones,Electronics ,3.0,250.0, North ,Small Business,PayPal
TX-12272,2025-09-20,CUST-0258,Noise-Cancelling Headphones,Electronics ,1.0,250.0,south,Small Business,Credit Card
TX-10001,2025-09-25,CUST-0116,Desk Mat, accessories,4.0,25.0,West,Small Business,Cash
TX-14469,2025-12-19,CUST-0043,4K Monitor,Electronics ,2.0,350.0,East,Consumer,PayPal
TX-14987,2025-09-06,CUST-0299,Smartwatch,Electronics ,4.0,200.0, North ,Corporate,Bank Transfer
TX-11951,2024-08-18,CUST-0066,Whiteboard,Office Supplies,4.0,79.99, North ,Small Business,PayPal
TX-10935,2025-03-31,CUST-0249,Ergonomic Chair,Office Supplies,9.0,299.99, North ,Corporate,PayPal
TX-14322,2025-07-30,CUST-0048,Wireless Mouse, accessories,4.0,41.49,East,Consumer,Bank Transfer
TX-12720,2025-06-30,CUST-0330,4K Monitor,Electronics ,6.0,350.0, North ,Corporate,Bank Transfer
TX-13845,2025-05-15,CUST-0369,Mechanical Keyboard, accessories,3.0,99.99,West,Small Business,Credit Card
TX-11109,2025-01-18,CUST-0213,Premium Notebook,Office Supplies,4.0,15.5,East,Small Business,Cash
TX-13641,2025-08-20,CUST-0396,Ergonomic Chair,Office Supplies,9.0,299.99, North ,Corporate,Bank Transfer
TX-10591,2024-07-25,CUST-0055,Standing Desk,Office Supplies,3.0,450.0,West,Corporate,Credit Card
TX-11695,2024-11-13,CUST-0223,USB-C Multi-Hub, accessories,5.0,39.99,south,Corporate,Credit Card
TX-14197,2025-10-30,CUST-0384,Standing Desk,Office Supplies,9.0,450.0,south,Corporate,Credit Card
TX-12936,2024-06-08,CUST-0300,Ergonomic Chair,Office Supplies,3.0,299.99,East,Small Business,Cash
TX-14229,2024-07-11,CUST-0123,Whiteboard,Office Supplies,2.0,79.99,south,Consumer,Cash
TX-14971,2024-05-08,CUST-0005,USB-C Multi-Hub, accessories,2.0,39.99, North ,Small Business,Cash
TX-11576,2024-05-31,CUST-0103,Noise-Cancelling Headphones,Electronics ,3.0,205.0,East,Consumer,Credit Card
TX-14011,2025-03-30,,Laptop Sleeve, accessories,3.0,29.99,West,Consumer,Credit Card
TX-10213,2024-07-13,CUST-0061,Desk Mat, accessories,2.0,25.0,West,Small Business,PayPal
TX-10778,2025-08-07,CUST-0383,Wireless Mouse, accessories,,49.99,south,Corporate,Cash
TX-11415,2025-03-28,CUST-0391,Whiteboard,Office Supplies,1.0,79.99,West,Consumer,PayPal
TX-13813,2024-07-20,CUST-0284,Pro Laptop,Electronics ,3.0,1200.0,south,Small Business,PayPal
TX-12043,2025-03-01,CUST-0172,Pro Laptop,Electronics ,4.0,1200.0,south,Corporate,PayPal
TX-12848,2025-03-06,CUST-0329,USB-C Multi-Hub, accessories,3.0,39.99,East,Consumer,Credit Card
TX-14563,2025-09-19,CUST-0294,Gel Pens 12-Pack,Office Supplies,5.0,12.99,East,Corporate,Cash
TX-13557,2025-01-05,,Standing Desk,Office Supplies,3.0,450.0,West,Consumer,Bank Transfer
TX-13867,2024-10-06,CUST-0110,Noise-Cancelling Headphones,Electronics ,3.0,250.0, North ,Small Business,Bank Transfer
TX-11567,2025-04-23,CUST-0301,Premium Notebook,Office Supplies,4.0,15.5,West,Small Business,Credit Card
TX-10165,2024-06-23,CUST-0370,Desk Mat, accessories,4.0,20.25,south,Corporate,PayPal
TX-14742,2024-04-24,CUST-0296,4K Monitor,Electronics ,8.0,350.0,south,Corporate,PayPal
TX-14470,2024-03-17,CUST-0144,USB-C Multi-Hub, accessories,2.0,32.79, North ,Small Business,PayPal
TX-14956,2024-10-11,CUST-0041,Desk Mat, accessories,3.0,21.75,East,Small Business,Bank Transfer
TX-11343,2024-11-04,CUST-0386,Gel Pens 12-Pack,Office Supplies,1.0,12.99, North ,Small Business,Bank Transfer
TX-12013,2024-06-04,CUST-0219,Laptop Sleeve, accessories,3.0,28.19, North ,Small Business,PayPal
TX-10273,2024-03-25,CUST-0290,Premium Tablet,Electronics ,6.0,600.0,West,Corporate,Credit Card
TX-10071,2025-01-11,CUST-0143,Mechanical Keyboard, accessories,4.0,99.99, North ,Consumer,Credit Card
TX-14974,2024-05-25,CUST-0221,4K Monitor,Electronics ,7.0,350.0,East,Corporate,Credit Card
TX-11087,2024-04-20,CUST-0166,Mechanical Keyboard, accessories,2.0,99.99,East,Small Business,Cash
TX-10394,2025-12-29,CUST-0334,Standing Desk,Office Supplies,2.0,450.0,East,Small Business,PayPal
TX-10583,2025-10-22,CUST-0225,Mechanical Keyboard, accessories,1.0,99.99,West,Consumer,Cash
TX-11367,2025-12-18,CUST-0379,Standing Desk,Office Supplies,2.0,450.0,south,Consumer,Bank Transfer
TX-13351,2024-07-29,CUST-0098,Wireless Mouse, accessories,4.0,49.99,south,Small Business,PayPal
TX-14669,2025-07-04,CUST-0094,4K Monitor,Electronics ,2.0,350.0,West,Consumer,PayPal
TX-12548,2025-02-04,CUST-0101,USB-C Multi-Hub, accessories,2.0,39.99, North ,Consumer,PayPal
TX-11013,2025-12-10,CUST-0315,Whiteboard,Office Supplies,4.0,79.99, North ,Small Business,Credit Card
TX-14927,2024-01-13,CUST-0376,Ergonomic Chair,Office Supplies,2.0,260.99,south,Consumer,Credit Card
TX-13003,2025-09-11,CUST-0065,Premium Notebook,Office Supplies,2.0,15.5,East,Small Business,PayPal
TX-14817,2025-09-11,CUST-0006,Ergonomic Chair,Office Supplies,3.0,299.99,West,Consumer,Credit Card
TX-14716,2025-04-09,CUST-0194,Desk Mat, accessories,3.0,25.0,south,Small Business,Credit Card
TX-14472,2025-06-18,CUST-0285,Gel Pens 12-Pack,Office Supplies,2.0,12.99,south,Consumer,Cash
TX-11763,2025-05-17,CUST-0392,Smartwatch,Electronics ,2.0,200.0, North ,Small Business,Cash
TX-11875,2024-10-30,CUST-0330,Ergonomic Chair,Office Supplies,7.0,299.99, North ,Corporate,Cash
TX-11259,2024-01-13,CUST-0214,Premium Tablet,Electronics ,4.0,600.0,West,Small Business,PayPal
TX-13344,2024-12-28,CUST-0257,Pro Laptop,Electronics ,4.0,1200.0,West,Small Business,PayPal
TX-14556,2025-10-30,CUST-0153,Smartwatch,Electronics ,4.0,172.0,East,Consumer,PayPal
TX-12253,2025-05-09,CUST-0092,Gel Pens 12-Pack,Office Supplies,4.0,12.99,East,Corporate,PayPal
TX-12781,2025-09-15,,Wireless Mouse, accessories,2.0,49.99,East,Consumer,Bank Transfer
TX-13646,2024-01-10,CUST-0222,Smartwatch,Electronics ,5.0,200.0, North ,Corporate,Bank Transfer
TX-10526,2024-12-27,CUST-0208,Mechanical Keyboard, accessories,1.0,99.99,East,Consumer,Credit Card
TX-13471,2025-10-15,CUST-0196,Noise-Cancelling Headphones,Electronics ,3.0,250.0,West,Small Business,Bank Transfer
TX-12946,2025-01-27,CUST-0026,4K Monitor,Electronics ,2.0,350.0,East,Small Business,Bank Transfer
TX-10377,2025-09-25,CUST-0312,Desk Mat, accessories,2.0,25.0,West,Corporate,Cash
TX-11559,2024-01-21,CUST-0006,Noise-Cancelling Headphones,Electronics ,4.0,250.0,West,Consumer,Credit Card
TX-13875,2025-04-24,CUST-0248,4K Monitor,Electronics ,1.0,350.0,south,Small Business,Cash
TX-11963,2024-09-15,CUST-0193,Desk Mat, accessories,1.0,20.25,south,Small Business,Credit Card
TX-14761,2024-04-19,CUST-0269,4K Monitor,Electronics ,10.0,350.0,East,Corporate,Cash
TX-10348,2024-05-25,CUST-0270,Ergonomic Chair,Office Supplies,3.0,299.99,West,Small Business,Cash
TX-12434,2024-06-09,CUST-0291,Premium Tablet,Electronics ,1.0,558.0, North ,Small Business,PayPal
TX-12246,2024-01-31,CUST-0340,Gel Pens 12-Pack,Office Supplies,8.0,12.99,West,Corporate,Bank Transfer
TX-14913,2024-03-10,CUST-0322,USB-C Multi-Hub, accessories,4.0,39.99,south,Consumer,Cash
TX-11709,2025-06-16,CUST-0265,USB-C Multi-Hub, accessories,2.0,39.99,West,Consumer,Bank Transfer
TX-11050,2025-01-26,CUST-0227,Noise-Cancelling Headphones,Electronics ,1.0,250.0,West,Consumer,Bank Transfer
TX-10590,2025-10-18,CUST-0338,Pro Laptop,Electronics ,2.0,1200.0,East,Consumer,PayPal
TX-10519,2025-11-06,CUST-0229,Mechanical Keyboard, accessories,1.0,99.99,East,Small Business,PayPal
TX-13380,2024-10-16,CUST-0034,Desk Mat, accessories,10.0,25.0,East,Corporate,Bank Transfer
TX-14519,2025-06-29,CUST-0280,Premium Notebook,Office Supplies,3.0,13.17,East,Small Business,Cash
TX-14148,2025-12-20,CUST-0152,USB-C Multi-Hub, accessories,2.0,39.99,south,Small Business,Credit Card
TX-12477,2024-03-31,CUST-0370,Mechanical Keyboard, accessories,9.0,99.99,south,Corporate,PayPal
TX-11083,2025-06-29,CUST-0357,4K Monitor,Electronics ,3.0,350.0,East,Corporate,Cash
TX-13782,2025-05-03,CUST-0205,Laptop Sleeve, accessories,7.0,29.99, North ,Corporate,Credit Card
TX-14807,2025-01-11,CUST-0037,Smartwatch,Electronics ,2.0,200.0, North ,Small Business,Credit Card
TX-14535,2024-04-30,CUST-0160,Laptop Sleeve, accessories,2.0,29.99,south,Small Business,Cash
TX-11294,2025-05-08,CUST-0244,Mechanical Keyboard, accessories,8.0,99.99,East,Corporate,Bank Transfer
TX-11809,2025-01-31,CUST-0231,Mechanical Keyboard, accessories,4.0,99.99,East,Small Business,Bank Transfer
TX-10791,2024-08-25,CUST-0267,USB-C Multi-Hub, accessories,4.0,39.99,West,Consumer,Bank Transfer
TX-10792,2024-11-30,CUST-0272,Desk Mat, accessories,9.0,25.0,West,Corporate,Bank Transfer
TX-14139,2024-07-18,CUST-0063,Standing Desk,Office Supplies,3.0,409.5,West,Small Business,Bank Transfer
TX-11855,2025-04-17,CUST-0167,Gel Pens 12-Pack,Office Supplies,4.0,10.91, North ,Small Business,Cash
TX-14786,2025-10-01,CUST-0038,Laptop Sleeve, accessories,2.0,24.89,south,Small Business,Cash
TX-11980,2025-07-30,CUST-0125,Wireless Mouse, accessories,4.0,49.99, North ,Consumer,Credit Card
TX-13233,2025-03-18,CUST-0001,4K Monitor,Electronics ,3.0,287.0, North ,Consumer,Bank Transfer
TX-13964,2025-02-19,CUST-0196,Mechanical Keyboard, accessories,2.0,99.99,West,Small Business,Bank Transfer
TX-13435,2025-03-27,CUST-0376,Standing Desk,Office Supplies,4.0,450.0,south,Consumer,Credit Card
TX-13328,2025-05-27,CUST-0205,Premium Notebook,Office Supplies,9.0,15.5, North ,Corporate,Cash
TX-11530,2024-12-04,,Premium Tablet,Electronics ,4.0,600.0,,Small Business,Credit Card
TX-11410,2025-10-22,CUST-0242,Mechanical Keyboard, accessories,3.0,99.99,East,Consumer,PayPal
TX-14320,2025-12-13,CUST-0120,Gel Pens 12-Pack,Office Supplies,4.0,12.99,West,Consumer,Credit Card
TX-14675,2024-01-03,CUST-0028,Premium Notebook,Office Supplies,1.0,15.5, North ,Consumer,PayPal
TX-10083,2025-08-10,CUST-0328,Premium Notebook,Office Supplies,1.0,13.95, North ,Consumer,Cash
TX-10868,2024-09-19,CUST-0352,Mechanical Keyboard, accessories,8.0,91.99,south,Corporate,PayPal
TX-12350,2025-03-25,CUST-0351,Smartwatch,Electronics ,8.0,162.0,East,Corporate,Bank Transfer
TX-10020,2024-05-28,CUST-0197,4K Monitor,Electronics ,2.0,350.0,south,Consumer,Credit Card
TX-14860,2025-07-30,CUST-0281,Gel Pens 12-Pack,Office Supplies,1.0,12.99, North ,Consumer,Credit Card
TX-12795,2024-04-13,CUST-0368,Pro Laptop,Electronics ,3.0,1116.0,East,Consumer,Bank Transfer
TX-14932,2024-04-16,CUST-0277,Noise-Cancelling Headphones,Electronics ,2.0,250.0,West,Consumer,Credit Card
TX-11562,2024-07-11,CUST-0140,Premium Tablet,Electronics ,3.0,600.0, North ,Small Business,Bank Transfer
TX-13093,2025-01-25,CUST-0238,Laptop Sleeve, accessories,4.0,29.99,West,Small Business,Bank Transfer
TX-13155,12/13/2025,CUST-0058,Mechanical Keyboard, accessories,4.0,83.99, North ,Consumer,Credit Card
TX-10973,2025-03-02,CUST-0074,Mechanical Keyboard, accessories,4.0,83.99,south,Small Business,Cash
TX-11710,2025-11-08,CUST-0018,Desk Mat, accessories,1.0,25.0, North ,Consumer,PayPal
TX-13201,2024-11-18,CUST-0008,Whiteboard,Office Supplies,2.0,79.99,south,Consumer,PayPal
TX-14038,2024-09-07,CUST-0121,Ergonomic Chair,Office Supplies,3.0,242.99,West,Consumer,Bank Transfer
TX-14848,2025-04-03,CUST-0042,Laptop Sleeve, accessories,3.0,26.69,south,Small Business,Bank Transfer
TX-11098,2024-08-22,CUST-0376,Premium Notebook,Office Supplies,2.0,15.5,south,Consumer,PayPal
TX-14508,2024-07-20,CUST-0326,Gel Pens 12-Pack,Office Supplies,,12.99,East,Corporate,PayPal
TX-12844,2024-05-28,CUST-0116,Premium Notebook,Office Supplies,2.0,15.5,West,Small Business,PayPal
TX-10886,2024-07-07,CUST-0329,Pro Laptop,Electronics ,4.0,1200.0,East,Consumer,PayPal
TX-14961,2024-08-27,CUST-0322,Noise-Cancelling Headphones,Electronics ,1.0,230.0,south,Consumer,Cash
TX-13732,2025-08-07,CUST-0378,Pro Laptop,Electronics ,1.0,1200.0, North ,Small Business,PayPal
TX-14606,2025-03-19,CUST-0169,USB-C Multi-Hub, accessories,1.0,39.99, North ,Consumer,Bank Transfer
TX-13848,2025-02-01,CUST-0040,Premium Notebook,Office Supplies,2.0,15.5,West,Corporate,Credit Card
TX-14427,2025-05-21,CUST-0214,Ergonomic Chair,Office Supplies,3.0,299.99,West,Small Business,Cash
TX-10515,2024-07-29,CUST-0353,Gel Pens 12-Pack,Office Supplies,7.0,11.04,West,Corporate,Credit Card
TX-14647,11/10/2025,CUST-0337,Gel Pens 12-Pack,Office Supplies,4.0,12.99,West,Small Business,Credit Card
TX-10737,2024-09-13,CUST-0398,Ergonomic Chair,Office Supplies,9.0,299.99, North ,Corporate,PayPal
TX-11453,2024-11-24,CUST-0228,Ergonomic Chair,Office Supplies,4.0,299.99,East,Small Business,Credit Card
TX-14028,2025-08-02,CUST-0212,Premium Notebook,Office Supplies,8.0,13.33, North ,Corporate,Cash
TX-14728,2024-05-19,CUST-0208,Mechanical Keyboard, accessories,1.0,99.99,East,Consumer,Bank Transfer
TX-12506,2024-02-15,CUST-0399,Mechanical Keyboard, accessories,4.0,99.99,West,Consumer,Bank Transfer
TX-12994,2024-10-01,CUST-0290,Smartwatch,Electronics ,7.0,200.0,West,Corporate,Credit Card
TX-12126,2024-01-21,CUST-0152,Whiteboard,Office Supplies,4.0,79.99,south,Small Business,Credit Card
TX-12926,2024-09-22,CUST-0242,Smartwatch,Electronics ,4.0,172.0,East,Consumer,Bank Transfer
TX-14774,2024-04-19,CUST-0250,Gel Pens 12-Pack,Office Supplies,1.0,12.99,East,Consumer,Cash
TX-10906,2024-07-06,CUST-0134,Smartwatch,Electronics ,8.0,200.0,East,Corporate,Credit Card
TX-14863,2024-05-17,CUST-0158,Gel Pens 12-Pack,Office Supplies,10.0,12.99, North ,Corporate,Cash
TX-11030,2025-07-26,CUST-0217,Standing Desk,Office Supplies,,450.0,south,Small Business,PayPal
TX-12507,2024-05-08,CUST-0367,Premium Tablet,Electronics ,3.0,600.0, North ,Consumer,Bank Transfer
TX-12428,2025-05-29,CUST-0263,USB-C Multi-Hub, accessories,4.0,39.99,West,Consumer,Cash
TX-10947,2024-12-11,CUST-0317,Pro Laptop,Electronics ,2.0,1200.0,south,Small Business,Cash
TX-13860,2025-11-14,CUST-0234,Mechanical Keyboard, accessories,3.0,99.99,West,Small Business,Cash
TX-10762,2025-04-30,CUST-0255,Premium Tablet,Electronics ,2.0,600.0,south,Corporate,Credit Card
TX-10715,2024-10-28,CUST-0019,Laptop Sleeve, accessories,3.0,26.39,West,Consumer,Bank Transfer
TX-10284,2025-04-14,CUST-0326,USB-C Multi-Hub, accessories,3.0,39.99,East,Corporate,Cash
TX-10686,2024-12-12,CUST-0026,Pro Laptop,Electronics ,4.0,1128.0,East,Small Business,Credit Card
TX-10703,2025-07-16,CUST-0028,4K Monitor,Electronics ,3.0,350.0, North ,Consumer,Credit Card
TX-13341,2024-08-05,CUST-0338,Gel Pens 12-Pack,Office Supplies,3.0,12.99,East,Consumer,Cash
TX-12353,2024-08-03,CUST-0264,Laptop Sleeve, accessories,3.0,29.99,south,Small Business,Credit Card
TX-12257,2025-05-14,CUST-0396,USB-C Multi-Hub, accessories,6.0,35.99, North ,Corporate,PayPal
TX-13603,2025-09-25,CUST-0374,Noise-Cancelling Headphones,Electronics ,5.0,250.0,West,Corporate,Credit Card
TX-10473,2025-02-18,CUST-0222,Ergonomic Chair,Office Supplies,8.0,299.99, North ,Corporate,Credit Card
TX-10021,2025-02-28,CUST-0175,USB-C Multi-Hub, accessories,1.0,39.99,East,Consumer,Bank Transfer
TX-12752,2024-04-08,CUST-0119,Mechanical Keyboard, accessories,3.0,99.99,south,Small Business,Credit Card
TX-10885,2025-07-14,CUST-0378,Gel Pens 12-Pack,Office Supplies,1.0,12.99, North ,Small Business,Credit Card
TX-12448,2025-07-29,CUST-0390,Smartwatch,Electronics ,4.0,200.0,south,Small Business,PayPal
TX-10917,2024-10-18,CUST-0335,Pro Laptop,Electronics ,,1200.0, North ,Small Business,Cash
TX-13811,2025-09-06,CUST-0196,Whiteboard,Office Supplies,1.0,79.99,West,Small Business,Bank Transfer
TX-13805,06/09/2024,CUST-0166,Pro Laptop,Electronics ,4.0,1200.0,East,Small Business,Cash
TX-12239,2025-04-07,CUST-0321,Laptop Sleeve, accessories,4.0,29.99, North ,Small Business,Credit Card
TX-13899,2024-09-16,CUST-0277,4K Monitor,Electronics ,3.0,350.0,West,Consumer,PayPal
TX-13395,2024-04-14,CUST-0127,Ergonomic Chair,Office Supplies,3.0,299.99,south,Consumer,PayPal
TX-11265,2025-07-26,CUST-0040,Desk Mat, accessories,9.0,25.0,West,Corporate,Bank Transfer
TX-10483,2025-11-18,CUST-0052,Whiteboard,Office Supplies,1.0,0.0,south,Small Business,PayPal
TX-14408,2024-08-10,CUST-0067,4K Monitor,Electronics ,3.0,283.5, North ,Small Business,Cash
TX-12963,2024-10-28,CUST-0191,Noise-Cancelling Headphones,Electronics ,6.0,250.0,East,Corporate,Cash
TX-11219,2024-09-15,CUST-0389,USB-C Multi-Hub, accessories,3.0,39.99,East,Small Business,Cash
TX-10277,2024-03-30,CUST-0061,Premium Tablet,Electronics ,3.0,558.0,West,Small Business,Cash
TX-10988,2025-09-13,CUST-0302,Smartwatch,Electronics ,2.0,200.0,south,Corporate,Bank Transfer
TX-12084,2024-08-31,CUST-0109,Desk Mat, accessories,2.0,25.0,south,Consumer,Bank Transfer
TX-11245,2025-09-06,CUST-0218,Noise-Cancelling Headphones,Electronics ,3.0,250.0,East,Consumer,Bank Transfer
TX-12382,2025-09-23,CUST-0050,Premium Notebook,Office Supplies,1.0,15.5,West,Consumer,PayPal
TX-10571,2024-10-05,CUST-0165,Premium Tablet,Electronics ,1.0,558.0,West,Small Business,Credit Card
TX-11435,2024-08-31,CUST-0302,Premium Tablet,Electronics ,8.0,600.0,south,Corporate,Credit Card
TX-10993,2024-05-03,CUST-0027,Premium Tablet,Electronics ,2.0,600.0,south,Small Business,Cash
TX-14120,2025-11-30,CUST-0043,Smartwatch,Electronics ,2.0,200.0,East,Consumer,Cash
TX-13497,2024-10-26,CUST-0247,Laptop Sleeve, accessories,4.0,25.79,West,Small Business,PayPal
TX-10585,2025-05-16,CUST-0098,Mechanical Keyboard, accessories,3.0,99.99,south,Small Business,Bank Transfer
TX-13712,2024-03-27,CUST-0012,Premium Tablet,Electronics ,4.0,600.0,West,Small Business,Cash
TX-12514,2024-02-17,CUST-0003,Laptop Sleeve, accessories,4.0,29.99,south,Consumer,Bank Transfer
TX-11349,2025-08-20,CUST-0236,Premium Tablet,Electronics ,3.0,600.0,south,Consumer,PayPal
TX-11007,2025-12-14,CUST-0190,Smartwatch,Electronics ,1.0,200.0,south,Consumer,PayPal
TX-10674,2024-02-01,CUST-0174,Whiteboard,Office Supplies,2.0,74.39,south,Small Business,Cash
TX-12412,2025-10-12,CUST-0090,Standing Desk,Office Supplies,1.0,450.0,West,Consumer,PayPal
TX-12903,2024-04-13,CUST-0314,Standing Desk,Office Supplies,10.0,450.0, North ,Corporate,Credit Card
TX-10447,2025-09-15,CUST-0355,Noise-Cancelling Headphones,Electronics ,4.0,250.0,East,Consumer,Bank Transfer
TX-13524,2024-08-23,CUST-0026,Standing Desk,Office Supplies,4.0,450.0,East,Small Business,Cash
TX-14479,2024-06-03,CUST-0114,Noise-Cancelling Headphones,Electronics ,3.0,250.0, North ,Small Business,Cash
TX-13757,2024-02-12,CUST-0375,Premium Tablet,Electronics ,10.0,600.0,East,Corporate,Credit Card
TX-10359,2025-10-31,CUST-0081,Pro Laptop,Electronics ,3.0,1200.0, North ,Consumer,PayPal
TX-12064,2025-06-18,CUST-0354,Mechanical Keyboard, accessories,9.0,81.99, North ,Corporate,Bank Transfer
TX-14475,2025-01-14,CUST-0038,Premium Notebook,Office Supplies,4.0,14.41,south,Small Business,Credit Card
TX-13864,2025-11-19,CUST-0086,Noise-Cancelling Headphones,Electronics ,2.0,250.0,West,Consumer,Bank Transfer
TX-11690,2024-08-01,CUST-0195,Smartwatch,Electronics ,9.0,166.0, North ,Corporate,Cash
TX-14352,2024-09-21,CUST-0204,Mechanical Keyboard, accessories,8.0,99.99, North ,Corporate,Bank Transfer
TX-11548,2025-10-19,CUST-0357,USB-C Multi-Hub, accessories,6.0,39.99,East,Corporate,Credit Card
TX-11247,2024-06-01,CUST-0076,Standing Desk,Office Supplies,4.0,450.0,East,Small Business,Cash
TX-11985,2025-04-08,CUST-0077,Standing Desk,Office Supplies,4.0,450.0,south,Consumer,Bank Transfer
TX-10294,2024-05-20,CUST-0196,Premium Tablet,Electronics ,1.0,600.0,West,Small Business,Credit Card
TX-11547,2024-09-16,CUST-0258,4K Monitor,Electronics ,3.0,350.0,south,Small Business,Credit Card
TX-12012,2024-05-16,CUST-0100,Whiteboard,Office Supplies,2.0,79.99, North ,Small Business,Cash
TX-10588,2024-01-20,CUST-0187,Mechanical Keyboard, accessories,3.0,99.99,south,Small Business,Credit Card
TX-13329,2024-06-26,CUST-0136,Laptop Sleeve, accessories,8.0,27.59,south,Corporate,Cash
TX-12403,2025-04-07,CUST-0220,Gel Pens 12-Pack,Office Supplies,6.0,11.69,West,Corporate,Cash
TX-12129,2024-09-03,CUST-0026,Laptop Sleeve, accessories,1.0,29.99,East,Small Business,PayPal
TX-14414,2025-10-11,CUST-0185,Desk Mat, accessories,1.0,25.0, North ,Consumer,Bank Transfer
TX-13508,2024-12-08,CUST-0059,Noise-Cancelling Headphones,Electronics ,1.0,222.5,south,Small Business,Credit Card
TX-12410,2024-09-14,CUST-0389,Premium Notebook,Office Supplies,2.0,15.5,East,Small Business,Cash
TX-12719,2024-04-29,CUST-0236,Wireless Mouse, accessories,3.0,49.99,south,Consumer,Cash
TX-14580,2025-10-19,CUST-0014,Smartwatch,Electronics ,3.0,200.0,south,Small Business,Bank Transfer
TX-10425,2025-11-10,CUST-0169,Gel Pens 12-Pack,Office Supplies,3.0,12.99, North ,Consumer,Credit Card
TX-12582,2025-09-10,CUST-0155,4K Monitor,Electronics ,1.0,350.0,south,Small Business,PayPal
TX-11054,2024-10-15,CUST-0207,Whiteboard,Office Supplies,2.0,79.99,West,Corporate,Cash
TX-14023,2024-12-16,CUST-0017,Wireless Mouse, accessories,10.0,49.99,south,Corporate,PayPal
TX-14588,2025-03-13,CUST-0137,Desk Mat, accessories,4.0,25.0,south,Consumer,Credit Card
TX-10556,2025-01-06,CUST-0383,Laptop Sleeve, accessories,9.0,24.59,south,Corporate,Cash
TX-14384,2025-11-16,CUST-0346,Desk Mat, accessories,4.0,21.75,East,Small Business,Credit Card
TX-13994,2025-02-05,CUST-0222,Premium Tablet,Electronics ,10.0,600.0, North ,Corporate,PayPal
TX-14740,2024-02-06,CUST-0042,Mechanical Keyboard, accessories,1.0,99.99,south,Small Business,Cash
TX-12469,2024-03-01,CUST-0180,Wireless Mouse, accessories,1.0,49.99, North ,Consumer,Credit Card
TX-14738,2024-09-01,CUST-0315,USB-C Multi-Hub, accessories,3.0,39.99, North ,Small Business,PayPal
TX-10355,2025-03-05,CUST-0086,Gel Pens 12-Pack,Office Supplies,4.0,12.99,West,Consumer,Bank Transfer
TX-11193,2025-10-20,CUST-0019,Whiteboard,Office Supplies,4.0,79.99,West,Consumer,Credit Card
TX-11716,2025-11-15,CUST-0135,Noise-Cancelling Headphones,Electronics ,4.0,250.0,West,Consumer,Credit Card
TX-13416,2024-10-07,CUST-0065,Ergonomic Chair,Office Supplies,3.0,299.99,East,Small Business,Bank Transfer
TX-12604,2025-01-30,CUST-0033,Premium Notebook,Office Supplies,4.0,15.5,East,Consumer,Credit Card
TX-14154,2025-12-27,CUST-0032,4K Monitor,Electronics ,5.0,350.0,East,Corporate,Bank Transfer
TX-12828,2025-04-21,CUST-0015,Laptop Sleeve, accessories,9.0,29.99,West,Corporate,PayPal
TX-11704,2025-03-01,CUST-0275,Standing Desk,Office Supplies,1.0,450.0,West,Small Business,Bank Transfer
TX-12863,2024-12-02,CUST-0390,Pro Laptop,Electronics ,1.0,1044.0,south,Small Business,Credit Card
TX-12618,2024-12-23,CUST-0194,Premium Notebook,Office Supplies,4.0,15.5,south,Small Business,Bank Transfer
TX-12400,2025-01-13,CUST-0133,Gel Pens 12-Pack,Office Supplies,4.0,12.99,East,Corporate,PayPal
TX-12139,2025-06-18,CUST-0394,Premium Tablet,Electronics ,4.0,600.0,West,Corporate,Bank Transfer
TX-13239,2024-11-23,CUST-0203,Laptop Sleeve, accessories,3.0,29.99,south,Small Business,Credit Card
TX-12383,2024-10-07,CUST-0214,Ergonomic Chair,Office Supplies,4.0,299.99,West,Small Business,Cash
TX-13218,2024-10-08,CUST-0198,Desk Mat, accessories,3.0,25.0,south,Consumer,Cash
TX-14796,2024-07-21,CUST-0325,Laptop Sleeve, accessories,10.0,29.99,south,Corporate,Cash
TX-11285,2024-03-15,CUST-0115,Gel Pens 12-Pack,Office Supplies,1.0,12.99, North ,Consumer,Bank Transfer
TX-13869,2025-04-05,CUST-0010,USB-C Multi-Hub, accessories,2.0,39.99,south,Small Business,Credit Card
TX-13895,2025-06-09,CUST-0326,Desk Mat, accessories,2.0,25.0,East,Corporate,PayPal
TX-14494,2024-11-23,CUST-0352,Standing Desk,Office Supplies,9.0,378.0,south,Corporate,Cash
TX-12087,02/19/2025,CUST-0303,Noise-Cancelling Headphones,Electronics ,2.0,250.0,south,Small Business,PayPal
TX-11889,2025-05-18,CUST-0360,4K Monitor,Electronics ,3.0,350.0, North ,Small Business,PayPal
TX-13558,2024-10-14,CUST-0220,Laptop Sleeve, accessories,8.0,29.99,West,Corporate,Bank Transfer
TX-11591,2024-03-22,CUST-0077,Noise-Cancelling Headphones,Electronics ,3.0,250.0,south,Consumer,PayPal
TX-11346,2025-12-05,CUST-0116,Pro Laptop,Electronics ,2.0,1200.0,West,Small Business,Bank Transfer
TX-14457,2024-07-09,CUST-0091,Noise-Cancelling Headphones,Electronics ,1.0,250.0,south,Small Business,PayPal
TX-12162,2025-08-24,CUST-0363,Smartwatch,Electronics ,5.0,200.0,West,Corporate,PayPal
TX-12396,2025-01-19,CUST-0141,Laptop Sleeve, accessories,4.0,29.99,West,Small Business,Cash
TX-13697,2025-08-26,CUST-0276,Laptop Sleeve, accessories,6.0,25.19,south,Corporate,Cash
TX-12271,2025-11-16,CUST-0376,Desk Mat, accessories,3.0,25.0,south,Consumer,Bank Transfer
TX-14516,2025-06-23,CUST-0348,Mechanical Keyboard, accessories,1.0,90.99,West,Small Business,Bank Transfer
TX-13111,2025-08-05,CUST-0398,Wireless Mouse, accessories,7.0,49.99, North ,Corporate,Cash
TX-11137,2024-08-13,CUST-0369,Gel Pens 12-Pack,Office Supplies,1.0,12.99,West,Small Business,PayPal
TX-13951,2025-06-01,CUST-0053,Whiteboard,Office Supplies,3.0,79.99,East,Small Business,Bank Transfer
TX-10972,2025-08-21,CUST-0256,Desk Mat, accessories,9.0,25.0, North ,Corporate,Cash
TX-10795,2025-12-26,CUST-0342,Premium Tablet,Electronics ,2.0,540.0,East,Small Business,Credit Card
TX-13020,2024-09-08,CUST-0103,Laptop Sleeve, accessories,2.0,24.59,East,Consumer,PayPal
TX-11711,01/15/2024,CUST-0074,Wireless Mouse, accessories,2.0,49.99,south,Small Business,PayPal
TX-13387,2025-01-22,CUST-0261,Desk Mat, accessories,2.0,21.0,south,Small Business,Bank Transfer
TX-10036,2025-04-12,CUST-0102,Gel Pens 12-Pack,Office Supplies,1.0,12.99, North ,Consumer,PayPal
TX-10453,2024-09-30,CUST-0385,Noise-Cancelling Headphones,Electronics ,6.0,250.0,,Corporate,PayPal
TX-10913,2024-10-02,CUST-0003,Ergonomic Chair,Office Supplies,4.0,299.99,south,Consumer,Bank Transfer
TX-14114,2024-03-16,CUST-0346,Smartwatch,Electronics ,4.0,200.0,East,Small Business,Credit Card
TX-11199,2025-03-20,CUST-0003,Standing Desk,Office Supplies,1.0,450.0,south,Consumer,PayPal
TX-11274,2024-04-05,CUST-0368,Premium Tablet,Electronics ,2.0,600.0,East,Consumer,PayPal
TX-12375,2024-08-15,CUST-0137,Desk Mat, accessories,2.0,25.0,south,Consumer,Credit Card
TX-10037,2025-01-02,CUST-0295,Premium Notebook,Office Supplies,1.0,15.5,West,Small Business,Cash
TX-10974,2025-06-25,CUST-0061,Mechanical Keyboard, accessories,4.0,92.99,West,Small Business,Cash
TX-13195,2025-01-10,CUST-0260,Smartwatch,Electronics ,,172.0,West,Consumer,Cash
TX-10983,2025-11-17,CUST-0377,Ergonomic Chair,Office Supplies,4.0,299.99,south,Corporate,Credit Card
TX-13960,2024-11-10,CUST-0332,Premium Tablet,Electronics ,1.0,600.0,south,Consumer,PayPal
TX-14605,2024-10-02,CUST-0101,Premium Tablet,Electronics ,3.0,600.0,,Consumer,Bank Transfer
TX-11418,2025-06-25,,4K Monitor,Electronics ,1.0,350.0,south,Consumer,Credit Card
TX-13332,2024-08-25,CUST-0397,Noise-Cancelling Headphones,Electronics ,2.0,250.0,West,Consumer,Cash
TX-11560,2024-09-09,CUST-0158,Mechanical Keyboard, accessories,4.0,83.99, North ,Corporate,Bank Transfer
TX-10039,2024-08-23,CUST-0311,Standing Desk,Office Supplies,5.0,450.0,East,Corporate,Bank Transfer
TX-11486,2025-11-13,CUST-0050,4K Monitor,Electronics ,2.0,350.0,West,Consumer,Credit Card
TX-13939,2025-01-10,CUST-0140,Smartwatch,Electronics ,3.0,200.0, North ,Small Business,Cash
TX-10169,2025-04-15,CUST-0273,Whiteboard,Office Supplies,,79.99,East,Consumer,Bank Transfer
TX-11355,2024-04-18,CUST-0067,Noise-Cancelling Headphones,Electronics ,4.0,250.0, North ,Small Business,Cash
TX-12785,2024-01-31,CUST-0108,Laptop Sleeve, accessories,7.0,29.99,West,Corporate,Cash
TX-13686,2025-11-21,CUST-0310,Premium Tablet,Electronics ,6.0,600.0,south,Corporate,PayPal
TX-14777,2025-09-03,CUST-0035,Gel Pens 12-Pack,Office Supplies,3.0,12.99,south,Small Business,Credit Card
TX-14821,2024-11-10,CUST-0384,Standing Desk,Office Supplies,3.0,450.0,south,Corporate,Credit Card
TX-12682,2025-04-08,CUST-0255,Premium Notebook,Office Supplies,4.0,15.5,south,Corporate,PayPal
TX-14732,2025-10-12,CUST-0200,Laptop Sleeve, accessories,1.0,26.99,south,Small Business,PayPal
TX-14082,2025-10-05,CUST-0003,4K Monitor,Electronics ,2.0,350.0,south,Consumer,Bank Transfer
TX-11640,2025-01-07,CUST-0370,Laptop Sleeve, accessories,8.0,29.99,south,Corporate,Cash
TX-11290,2025-01-24,CUST-0032,Gel Pens 12-Pack,Office Supplies,9.0,10.65,East,Corporate,PayPal
TX-11380,2025-12-02,CUST-0077,USB-C Multi-Hub, accessories,2.0,39.99,south,Consumer,Bank Transfer
TX-11933,2025-12-15,CUST-0090,Premium Notebook,Office Supplies,,15.5,West,Consumer,Credit Card
TX-10579,2024-06-20,CUST-0142,Wireless Mouse, accessories,4.0,46.99,south,Consumer,PayPal
TX-14245,2025-01-30,CUST-0003,Standing Desk,Office Supplies,2.0,450.0,south,Consumer,Cash
TX-13160,2025-12-03,CUST-0064,Whiteboard,Office Supplies,4.0,79.99,West,Small Business,Credit Card
TX-12030,2024-04-12,CUST-0020,Wireless Mouse, accessories,2.0,49.99,East,Corporate,Credit Card
TX-10892,2024-06-23,CUST-0061,4K Monitor,Electronics ,4.0,350.0,West,Small Business,Cash
TX-14008,2025-10-15,CUST-0058,USB-C Multi-Hub, accessories,4.0,39.99, North ,Consumer,PayPal
TX-10780,2025-12-08,CUST-0017,Gel Pens 12-Pack,Office Supplies,6.0,12.99,south,Corporate,PayPal
TX-10159,2025-02-07,CUST-0192,Whiteboard,Office Supplies,7.0,69.59, North ,Corporate,PayPal
TX-10002,08/25/2025,CUST-0220,Whiteboard,Office Supplies,2.0,79.99,West,Corporate,Credit Card
TX-12263,2025-04-03,CUST-0163,Pro Laptop,Electronics ,6.0,1200.0,south,Corporate,PayPal
TX-13216,2025-12-01,CUST-0143,Gel Pens 12-Pack,Office Supplies,4.0,12.99, North ,Consumer,Bank Transfer
TX-12109,2024-01-17,,Pro Laptop,Electronics ,4.0,1200.0, North ,Corporate,PayPal
TX-10849,2025-05-14,CUST-0392,4K Monitor,Electronics ,4.0,350.0, North ,Small Business,Cash
TX-12737,2024-11-08,CUST-0277,Mechanical Keyboard, accessories,4.0,99.99,West,Consumer,Bank Transfer
TX-12466,2025-07-27,CUST-0370,Ergonomic Chair,Office Supplies,2.0,299.99,south,Corporate,Credit Card
TX-13750,2025-01-10,CUST-0040,Mechanical Keyboard, accessories,2.0,99.99,West,Corporate,PayPal
TX-13704,2024-10-11,,USB-C Multi-Hub, accessories,4.0,39.99, North ,Small Business,Cash
TX-11596,2025-06-28,CUST-0128,Pro Laptop,Electronics ,10.0,1116.0,West,Corporate,Credit Card
TX-11776,2024-11-15,CUST-0056,Standing Desk,Office Supplies,2.0,450.0,south,Consumer,Credit Card
TX-11913,2025-05-21,CUST-0346,Desk Mat, accessories,3.0,22.75,East,Small Business,Cash
TX-11043,2025-04-26,CUST-0315,Premium Tablet,Electronics ,4.0,600.0, North ,Small Business,Bank Transfer
TX-14741,2025-03-12,CUST-0328,Wireless Mouse, accessories,2.0,49.99, North ,Consumer,Cash
TX-11544,2025-04-22,CUST-0395,USB-C Multi-Hub, accessories,4.0,39.99,East,Consumer,PayPal
TX-12736,2024-01-01,CUST-0285,Laptop Sleeve, accessories,2.0,29.99,south,Consumer,Credit Card
TX-13760,2024-02-23,CUST-0301,Wireless Mouse, accessories,2.0,49.99,West,Small Business,Credit Card
TX-14644,2025-12-11,CUST-0142,Smartwatch,Electronics ,1.0,200.0,south,Consumer,Credit Card
TX-10053,07/13/2024,CUST-0233,Premium Tablet,Electronics ,2.0,600.0,,Corporate,Credit Card
TX-11796,2024-09-19,CUST-0349,Desk Mat, accessories,6.0,25.0,East,Corporate,Bank Transfer
TX-13588,2025-08-27,CUST-0277,Premium Tablet,Electronics ,4.0,600.0,West,Consumer,Cash
TX-11911,2025-01-17,CUST-0338,Whiteboard,Office Supplies,2.0,79.99,,Consumer,Bank Transfer
TX-12306,2025-10-20,CUST-0399,Laptop Sleeve, accessories,3.0,27.59,West,Consumer,Credit Card
TX-12553,2025-08-31,CUST-0317,4K Monitor,Electronics ,4.0,350.0,south,Small Business,PayPal
TX-12800,2025-03-16,CUST-0325,Gel Pens 12-Pack,Office Supplies,5.0,12.99,south,Corporate,Credit Card
TX-10936,2025-08-06,CUST-0201,Noise-Cancelling Headphones,Electronics ,2.0,250.0,East,Corporate,Credit Card
TX-14152,2025-11-30,CUST-0292,Whiteboard,Office Supplies,9.0,79.99,West,Corporate,Credit Card
TX-10824,2024-01-30,CUST-0382,Premium Tablet,Electronics ,2.0,600.0,East,Consumer,PayPal
TX-14762,2025-09-29,CUST-0329,Premium Tablet,Electronics ,2.0,600.0,East,Consumer,PayPal
TX-13178,2025-11-29,CUST-0208,Premium Notebook,Office Supplies,1.0,15.5,East,Consumer,PayPal
TX-13401,2025-02-23,CUST-0148,Mechanical Keyboard, accessories,1.0,86.99,south,Small Business,PayPal
TX-11389,2025-01-19,CUST-0224,Premium Tablet,Electronics ,4.0,600.0, North ,Small Business,Bank Transfer
TX-13564,2025-10-26,CUST-0374,Whiteboard,Office Supplies,7.0,79.99,West,Corporate,Credit Card
TX-14906,2024-05-14,CUST-0273,Laptop Sleeve, accessories,2.0,29.99,East,Consumer,Credit Card
TX-10884,2024-04-12,CUST-0083,USB-C Multi-Hub, accessories,1.0,39.99,south,Consumer,Bank Transfer
TX-13859,2025-08-04,CUST-0212,Ergonomic Chair,Office Supplies,6.0,248.99, North ,Corporate,Credit Card
TX-11607,2025-12-30,CUST-0236,Desk Mat, accessories,3.0,25.0,south,Consumer,Cash
TX-11594,2025-11-22,CUST-0278,Standing Desk,Office Supplies,3.0,450.0,East,Consumer,Bank Transfer
TX-10771,2024-08-13,CUST-0152,Mechanical Keyboard, accessories,2.0,81.99,south,Small Business,PayPal
TX-12611,2024-09-06,CUST-0385,Desk Mat, accessories,8.0,25.0,south,Corporate,Cash
TX-13910,2024-12-25,CUST-0237,4K Monitor,Electronics ,4.0,297.5,West,Small Business,PayPal
TX-12273,2025-03-14,CUST-0171,Premium Tablet,Electronics ,1.0,498.0, North ,Small Business,Credit Card
TX-11868,04/26/2025,CUST-0161,Wireless Mouse, accessories,4.0,49.99,East,Consumer,PayPal
TX-11085,2024-09-01,CUST-0009,Ergonomic Chair,Office Supplies,1.0,299.99, North ,Small Business,Bank Transfer
TX-10010,2024-06-28,CUST-0241,Desk Mat, accessories,6.0,25.0, North ,Corporate,PayPal
TX-13665,2025-09-17,CUST-0310,Pro Laptop,Electronics ,9.0,1200.0,south,Corporate,Cash
TX-11325,2025-07-02,CUST-0012,Laptop Sleeve, accessories,2.0,29.99,West,Small Business,PayPal
TX-13390,2025-04-28,CUST-0209,Premium Tablet,Electronics ,1.0,600.0,south,Consumer,Credit Card
TX-11463,2024-01-27,CUST-0109,Whiteboard,Office Supplies,3.0,79.99,south,Consumer,PayPal
TX-10806,2025-03-13,CUST-0190,Premium Notebook,Office Supplies,1.0,15.5,south,Consumer,Bank Transfer
TX-13789,2025-05-08,CUST-0302,Gel Pens 12-Pack,Office Supplies,3.0,12.99,south,Corporate,Credit Card
TX-14372,2025-09-29,CUST-0146,USB-C Multi-Hub, accessories,9.0,39.99,south,Corporate,Cash
TX-13825,2024-03-25,CUST-0342,Laptop Sleeve, accessories,1.0,29.99,East,Small Business,Credit Card
TX-12108,2024-09-03,CUST-0273,Gel Pens 12-Pack,Office Supplies,2.0,12.99,East,Consumer,Cash
TX-14388,2025-02-25,CUST-0373,Premium Tablet,Electronics ,10.0,600.0,East,Corporate,Cash
TX-14986,2024-03-10,CUST-0274,Noise-Cancelling Headphones,Electronics ,4.0,250.0,,Small Business,Credit Card
TX-12234,2025-04-12,CUST-0021,Laptop Sleeve, accessories,3.0,29.99,East,Consumer,PayPal
TX-13211,2025-01-13,CUST-0206,Gel Pens 12-Pack,Office Supplies,3.0,11.04,south,Consumer,Cash
TX-10963,2025-07-07,CUST-0146,Pro Laptop,Electronics ,10.0,1200.0,south,Corporate,Bank Transfer
TX-13415,2025-11-22,,Premium Tablet,Electronics ,3.0,0.0,West,Consumer,Credit Card
TX-13807,2025-03-22,CUST-0058,Desk Mat, accessories,4.0,25.0, North ,Consumer,Cash
TX-10398,2025-11-04,CUST-0093,Ergonomic Chair,Office Supplies,9.0,299.99,East,Corporate,PayPal
TX-12632,2025-04-06,CUST-0295,Gel Pens 12-Pack,Office Supplies,3.0,12.99,West,Small Business,Credit Card
TX-14880,2025-10-18,CUST-0055,Whiteboard,Office Supplies,6.0,73.59,West,Corporate,Credit Card
TX-12996,2024-08-25,CUST-0066,Premium Notebook,Office Supplies,4.0,12.71, North ,Small Business,Bank Transfer
TX-10704,2024-02-01,CUST-0121,Whiteboard,Office Supplies,4.0,79.99,West,Consumer,Bank Transfer
TX-10431,2025-11-16,CUST-0353,Laptop Sleeve, accessories,3.0,29.99,West,Corporate,Cash
TX-10292,2024-05-03,CUST-0217,Mechanical Keyboard, accessories,4.0,99.99,south,Small Business,Credit Card
TX-14896,08/24/2024,CUST-0355,USB-C Multi-Hub, accessories,2.0,39.99,East,Consumer,Bank Transfer
TX-10145,2025-08-17,CUST-0338,Laptop Sleeve, accessories,3.0,29.99,East,Consumer,Credit Card
TX-14558,2024-08-17,CUST-0172,Whiteboard,Office Supplies,2.0,79.99,south,Corporate,Bank Transfer
TX-12033,2024-09-23,CUST-0081,Laptop Sleeve, accessories,1.0,29.99, North ,Consumer,Cash
TX-14231,2025-11-23,CUST-0003,USB-C Multi-Hub, accessories,3.0,39.99,south,Consumer,Cash
TX-11165,2025-07-11,CUST-0088,Ergonomic Chair,Office Supplies,2.0,242.99,West,Small Business,Bank Transfer
TX-13500,2025-12-09,CUST-0241,4K Monitor,Electronics ,8.0,350.0, North ,Corporate,Credit Card
TX-12050,2025-09-15,CUST-0293,Noise-Cancelling Headphones,Electronics ,5.0,250.0, North ,Corporate,Cash
TX-12624,2025-04-20,CUST-0057,Laptop Sleeve, accessories,3.0,29.99,West,Consumer,PayPal
TX-14404,2024-02-10,CUST-0117,Ergonomic Chair,Office Supplies,4.0,278.99,East,Consumer,Bank Transfer
TX-10339,2025-05-11,CUST-0290,USB-C Multi-Hub, accessories,8.0,35.99,West,Corporate,Bank Transfer
TX-13935,2025-08-14,CUST-0201,Premium Notebook,Office Supplies,3.0,14.26,East,Corporate,Cash
TX-13783,2024-01-24,CUST-0132,4K Monitor,Electronics ,10.0,350.0, North ,Corporate,Bank Transfer
TX-12973,2024-11-28,CUST-0081,Whiteboard,Office Supplies,3.0,79.99, North ,Consumer,Credit Card
TX-10265,2025-07-03,CUST-0096,Premium Notebook,Office Supplies,5.0,13.17, North ,Corporate,Cash
TX-12424,2025-06-01,CUST-0035,Premium Notebook,Office Supplies,2.0,15.5,south,Small Business,Bank Transfer
TX-11262,2025-11-27,CUST-0233,USB-C Multi-Hub, accessories,10.0,39.99,,Corporate,Bank Transfer
TX-11771,2024-04-06,CUST-0011,Wireless Mouse, accessories,1.0,47.49,West,Consumer,Bank Transfer
TX-13511,2025-07-23,CUST-0105,Noise-Cancelling Headphones,Electronics ,3.0,250.0,West,Consumer,PayPal
TX-10271,2025-01-02,CUST-0005,Standing Desk,Office Supplies,2.0,450.0, North ,Small Business,Cash
TX-10696,2025-12-29,CUST-0250,4K Monitor,Electronics ,4.0,350.0,East,Consumer,Bank Transfer
TX-10747,2024-02-13,CUST-0208,Premium Tablet,Electronics ,4.0,600.0,East,Consumer,PayPal
TX-10244,2024-11-02,CUST-0129,Smartwatch,Electronics ,2.0,180.0,West,Consumer,Cash
TX-10317,2024-02-17,CUST-0036,Premium Notebook,Office Supplies,3.0,13.64,East,Small Business,Bank Transfer
TX-10476,2025-03-24,CUST-0196,Ergonomic Chair,Office Supplies,,299.99,West,Small Business,PayPal
TX-12032,2025-09-22,CUST-0270,4K Monitor,Electronics ,3.0,301.0,West,Small Business,PayPal
TX-10957,2025-02-15,CUST-0085,Ergonomic Chair,Office Supplies,4.0,299.99, North ,Consumer,Credit Card
TX-13871,2025-07-03,CUST-0399,Gel Pens 12-Pack,Office Supplies,1.0,12.99,West,Consumer,Bank Transfer
TX-10813,2024-10-21,CUST-0252,Mechanical Keyboard, accessories,1.0,99.99,East,Consumer,Credit Card
TX-14196,2024-06-26,CUST-0214,Pro Laptop,Electronics ,2.0,1200.0,West,Small Business,PayPal
TX-11914,2024-05-20,CUST-0171,Gel Pens 12-Pack,Office Supplies,4.0,12.99, North ,Small Business,PayPal
TX-14629,2024-12-12,CUST-0391,Whiteboard,Office Supplies,3.0,79.99,West,Consumer,Credit Card
TX-13487,2025-07-06,CUST-0179,Premium Notebook,Office Supplies,9.0,15.5,West,Corporate,PayPal
TX-11297,2024-05-31,CUST-0256,Ergonomic Chair,Office Supplies,8.0,299.99, North ,Corporate,Bank Transfer
TX-14087,2025-03-01,CUST-0300,Standing Desk,Office Supplies,3.0,450.0,East,Small Business,Bank Transfer
TX-11804,2025-11-04,CUST-0013,Ergonomic Chair,Office Supplies,2.0,299.99,East,Consumer,Bank Transfer
TX-10758,2025-02-25,CUST-0123,4K Monitor,Electronics ,1.0,350.0,south,Consumer,PayPal
TX-10250,2025-12-10,CUST-0345,Standing Desk,Office Supplies,3.0,450.0,south,Small Business,PayPal
TX-12461,2025-01-10,CUST-0137,Pro Laptop,Electronics ,3.0,1200.0,south,Consumer,Bank Transfer
TX-10545,2025-08-12,CUST-0352,Pro Laptop,Electronics ,6.0,1200.0,south,Corporate,PayPal
TX-13241,07/15/2025,CUST-0193,Laptop Sleeve, accessories,3.0,29.99,south,Small Business,PayPal
TX-10738,2024-01-01,CUST-0020,Desk Mat, accessories,6.0,25.0,East,Corporate,PayPal
TX-10310,2024-10-02,CUST-0061,Noise-Cancelling Headphones,Electronics ,4.0,250.0,West,Small Business,Bank Transfer
TX-13834,2025-12-11,CUST-0178,Noise-Cancelling Headphones,Electronics ,4.0,235.0, North ,Consumer,Cash
TX-12941,2025-01-13,CUST-0396,Gel Pens 12-Pack,Office Supplies,9.0,11.69, North ,Corporate,Cash
TX-11131,2024-11-29,CUST-0120,Desk Mat, accessories,4.0,25.0,,Consumer,Credit Card
TX-11449,2025-11-25,CUST-0274,Gel Pens 12-Pack,Office Supplies,3.0,12.99,East,Small Business,PayPal
TX-14949,2025-12-23,CUST-0175,Gel Pens 12-Pack,Office Supplies,1.0,12.99,East,Consumer,Credit Card
TX-10015,2025-09-29,CUST-0388,Gel Pens 12-Pack,Office Supplies,1.0,12.99, North ,Consumer,PayPal
TX-13232,2025-11-24,CUST-0300,Laptop Sleeve, accessories,,29.99,East,Small Business,PayPal
TX-12769,2024-11-09,CUST-0109,Standing Desk,Office Supplies,4.0,391.5,south,Consumer,Credit Card
TX-13468,2024-06-04,CUST-0014,4K Monitor,Electronics ,3.0,290.5,south,Small Business,Bank Transfer
TX-10920,2025-01-12,CUST-0223,Desk Mat, accessories,3.0,25.0,south,Corporate,Credit Card
TX-13029,2024-07-20,CUST-0238,Gel Pens 12-Pack,Office Supplies,3.0,12.99,West,Small Business,Cash
TX-11372,2024-06-20,CUST-0387,Pro Laptop,Electronics ,3.0,1200.0,south,Corporate,Bank Transfer
TX-13587,2025-05-20,CUST-0031,Premium Notebook,Office Supplies,2.0,15.5, North ,Corporate,Bank Transfer
TX-12544,2025-03-05,CUST-0250,4K Monitor,Electronics ,1.0,350.0,East,Consumer,Bank Transfer
TX-13598,2024-12-13,CUST-0232,Premium Tablet,Electronics ,1.0,516.0,East,Small Business,Cash
TX-10038,2025-08-02,CUST-0399,Wireless Mouse, accessories,4.0,49.99,West,Consumer,Bank Transfer
TX-10363,2025-10-15,CUST-0042,Ergonomic Chair,Office Supplies,3.0,299.99,south,Small Business,Cash
TX-14126,2024-11-06,CUST-0394,Standing Desk,Office Supplies,4.0,450.0,West,Corporate,Cash
TX-10182,2024-12-04,CUST-0332,Standing Desk,Office Supplies,1.0,450.0,south,Consumer,Bank Transfer
TX-13033,2024-07-06,CUST-0087,Whiteboard,Office Supplies,2.0,79.99,south,Consumer,Cash
TX-12983,2025-08-09,CUST-0300,Premium Tablet,Electronics ,2.0,600.0,East,Small Business,Bank Transfer
TX-11194,2025-09-22,CUST-0236,Premium Notebook,Office Supplies,3.0,12.71,south,Consumer,Credit Card
TX-12852,2025-07-03,CUST-0298,Premium Tablet,Electronics ,8.0,600.0,West,Corporate,Cash
TX-13820,2025-11-30,CUST-0022,Pro Laptop,Electronics ,3.0,1200.0,West,Small Business,Bank Transfer
TX-11121,2025-04-06,,Premium Tablet,Electronics ,1.0,600.0,south,Consumer,PayPal
TX-12235,2025-09-15,CUST-0278,Whiteboard,Office Supplies,1.0,64.79,East,Consumer,PayPal
TX-12667,2025-08-21,CUST-0353,Gel Pens 12-Pack,Office Supplies,8.0,12.99,West,Corporate,Bank Transfer
TX-13753,09/08/2025,CUST-0168,Whiteboard,Office Supplies,1.0,79.99,East,Small Business,Bank Transfer
TX-13223,2024-02-12,CUST-0374,Smartwatch,Electronics ,2.0,200.0,West,Corporate,PayPal
TX-11182,2025-06-17,CUST-0368,Noise-Cancelling Headphones,Electronics ,1.0,250.0,East,Consumer,Bank Transfer
TX-14209,2025-12-04,CUST-0363,Desk Mat, accessories,6.0,25.0,West,Corporate,Credit Card
TX-14319,2024-03-12,CUST-0344,Premium Tablet,Electronics ,7.0,600.0,south,Corporate,Cash
TX-10614,2024-07-19,CUST-0288,Laptop Sleeve, accessories,5.0,24.89,West,Corporate,PayPal
TX-14938,2024-03-29,CUST-0028,Gel Pens 12-Pack,Office Supplies,4.0,12.99, North ,Consumer,PayPal
TX-11466,2025-06-24,CUST-0027,Desk Mat, accessories,4.0,25.0,south,Small Business,Bank Transfer
TX-10401,2025-04-26,CUST-0325,Laptop Sleeve, accessories,3.0,29.99,south,Corporate,Cash
TX-13042,2024-02-21,CUST-0157,Gel Pens 12-Pack,Office Supplies,1.0,12.99,East,Consumer,Bank Transfer
TX-10934,2025-04-19,CUST-0217,Pro Laptop,Electronics ,2.0,1200.0,south,Small Business,PayPal
TX-12419,2025-05-01,CUST-0182,Wireless Mouse, accessories,1.0,49.99,East,Consumer,Credit Card
TX-14086,2024-04-23,CUST-0342,Wireless Mouse, accessories,1.0,49.99,East,Small Business,Bank Transfer
TX-14540,2024-08-05,CUST-0258,Whiteboard,Office Supplies,2.0,79.99,south,Small Business,Cash
TX-12641,2024-07-27,CUST-0237,Gel Pens 12-Pack,Office Supplies,3.0,11.17,West,Small Business,Cash
TX-14074,2025-05-22,CUST-0368,Mechanical Keyboard, accessories,2.0,99.99,East,Consumer,Bank Transfer
TX-10726,2025-10-29,CUST-0172,Premium Notebook,Office Supplies,3.0,15.5,south,Corporate,Bank Transfer
TX-10826,2025-03-17,CUST-0022,Pro Laptop,Electronics ,,1200.0,West,Small Business,Credit Card
TX-11521,2025-04-29,CUST-0268,Laptop Sleeve, accessories,2.0,29.99,West,Small Business,Credit Card
TX-14773,2024-03-28,CUST-0379,Pro Laptop,Electronics ,2.0,1200.0,south,Consumer,PayPal
TX-12930,2024-06-09,CUST-0109,Wireless Mouse, accessories,2.0,49.99,south,Consumer,PayPal
TX-10136,2025-11-29,CUST-0342,Ergonomic Chair,Office Supplies,3.0,299.99,East,Small Business,Bank Transfer
TX-13590,2024-12-18,CUST-0047,USB-C Multi-Hub, accessories,2.0,34.39,south,Small Business,Credit Card
TX-10628,2024-12-29,CUST-0257,Ergonomic Chair,Office Supplies,3.0,299.99,West,Small Business,Cash
TX-10334,2024-02-21,CUST-0087,Desk Mat, accessories,4.0,21.25,south,Consumer,Cash
TX-10390,2025-01-20,CUST-0179,Premium Notebook,Office Supplies,5.0,15.5,West,Corporate,Cash
TX-14884,2025-01-04,CUST-0151,Noise-Cancelling Headphones,Electronics ,4.0,250.0,East,Corporate,Bank Transfer
TX-14905,2024-03-22,CUST-0063,Noise-Cancelling Headphones,Electronics ,1.0,250.0,West,Small Business,PayPal
TX-13887,2024-09-09,CUST-0035,Mechanical Keyboard, accessories,4.0,99.99,south,Small Business,PayPal
TX-11817,2024-11-03,CUST-0320,Ergonomic Chair,Office Supplies,2.0,299.99,south,Consumer,PayPal
TX-10400,2024-11-10,CUST-0191,Whiteboard,Office Supplies,6.0,79.99,East,Corporate,Cash
TX-10710,2025-08-14,CUST-0256,Mechanical Keyboard, accessories,10.0,99.99, North ,Corporate,Bank Transfer
TX-11039,2024-11-08,CUST-0190,Standing Desk,Office Supplies,4.0,369.0,south,Consumer,Credit Card
TX-14046,2024-12-16,CUST-0358,Mechanical Keyboard, accessories,4.0,99.99,East,Corporate,Bank Transfer
TX-13359,2024-08-08,CUST-0244,Desk Mat, accessories,9.0,25.0,East,Corporate,PayPal
TX-10046,2025-10-15,CUST-0056,Mechanical Keyboard, accessories,4.0,99.99,south,Consumer,Credit Card
TX-11561,2024-07-01,CUST-0143,4K Monitor,Electronics ,3.0,350.0, North ,Consumer,Cash
TX-14828,2025-07-11,CUST-0045,Ergonomic Chair,Office Supplies,4.0,299.99,East,Corporate,Bank Transfer
TX-13642,2025-06-22,CUST-0373,USB-C Multi-Hub, accessories,9.0,39.99,East,Corporate,Bank Transfer
TX-13726,2025-05-06,CUST-0216,Premium Notebook,Office Supplies,3.0,15.5, North ,Corporate,Bank Transfer
TX-14872,2024-11-18,CUST-0344,Premium Tablet,Electronics ,3.0,600.0,south,Corporate,Credit Card
TX-11112,2025-10-28,CUST-0218,Mechanical Keyboard, accessories,2.0,82.99,East,Consumer,Cash
TX-12513,2024-03-12,CUST-0008,Wireless Mouse, accessories,1.0,49.99,south,Consumer,Cash
TX-13608,2025-04-15,CUST-0348,Premium Notebook,Office Supplies,1.0,15.5,West,Small Business,PayPal
TX-11223,2024-10-05,CUST-0112,Wireless Mouse, accessories,10.0,49.99,West,Corporate,Cash
TX-14886,10/07/2024,CUST-0136,Mechanical Keyboard, accessories,2.0,99.99,south,Corporate,Bank Transfer
TX-13023,2024-11-24,CUST-0351,Desk Mat, accessories,2.0,25.0,East,Corporate,Cash
TX-12421,2024-08-23,CUST-0167,Laptop Sleeve, accessories,2.0,29.99, North ,Small Business,Bank Transfer
TX-11508,2025-06-15,CUST-0275,Premium Tablet,Electronics ,4.0,600.0,West,Small Business,PayPal
TX-11750,2025-12-13,CUST-0307,Desk Mat, accessories,3.0,25.0,West,Consumer,PayPal
TX-14866,2025-08-10,CUST-0240,Noise-Cancelling Headphones,Electronics ,10.0,202.5,East,Corporate,Credit Card
TX-14121,10/24/2024,CUST-0077,Pro Laptop,Electronics ,4.0,1032.0,south,Consumer,PayPal
TX-11799,2024-04-21,,Standing Desk,Office Supplies,3.0,450.0,East,Corporate,Credit Card
TX-10338,2025-06-22,CUST-0279,Smartwatch,Electronics ,7.0,200.0,East,Corporate,Cash
TX-10215,2025-01-02,CUST-0158,Premium Notebook,Office Supplies,10.0,15.5, North ,Corporate,Cash
TX-13663,2025-04-26,CUST-0267,USB-C Multi-Hub, accessories,1.0,39.99,West,Consumer,Cash
TX-11341,2025-08-12,CUST-0003,Premium Notebook,Office Supplies,2.0,13.48,south,Consumer,Cash
TX-10011,2025-03-22,CUST-0252,Smartwatch,Electronics ,3.0,200.0,East,Consumer,Cash
TX-11520,2025-05-16,CUST-0304,Pro Laptop,Electronics ,4.0,1200.0, North ,Corporate,Cash
TX-13640,2024-10-14,CUST-0266,Pro Laptop,Electronics ,1.0,1200.0,south,Consumer,Credit Card
TX-14952,2024-09-08,CUST-0208,Standing Desk,Office Supplies,2.0,450.0,East,Consumer,Bank Transfer
TX-13829,2025-05-02,CUST-0140,Gel Pens 12-Pack,Office Supplies,4.0,12.99, North ,Small Business,Bank Transfer
TX-13004,2025-05-28,CUST-0280,Noise-Cancelling Headphones,Electronics ,3.0,250.0,East,Small Business,Credit Card
TX-12864,2024-09-11,CUST-0150,Desk Mat, accessories,9.0,25.0, North ,Corporate,PayPal
TX-13115,2025-12-28,CUST-0337,Smartwatch,Electronics ,3.0,188.0,West,Small Business,Cash
TX-14869,2024-06-19,CUST-0238,Whiteboard,Office Supplies,,72.79,West,Small Business,Cash
TX-12322,2024-05-13,CUST-0109,Noise-Cancelling Headphones,Electronics ,1.0,200.0,south,Consumer,PayPal
TX-12571,2025-11-28,CUST-0016,Wireless Mouse, accessories,4.0,49.99,East,Consumer,Bank Transfer
TX-12913,2024-02-03,CUST-0108,Gel Pens 12-Pack,Office Supplies,3.0,11.04,West,Corporate,PayPal
TX-10101,2025-05-12,CUST-0099,Premium Tablet,Electronics ,2.0,600.0,south,Consumer,Credit Card
TX-13549,2024-06-02,CUST-0007,4K Monitor,Electronics ,4.0,350.0, North ,Consumer,Credit Card
TX-11458,2024-03-03,CUST-0133,Ergonomic Chair,Office Supplies,7.0,299.99,East,Corporate,Credit Card
TX-10171,2024-10-31,CUST-0361,Smartwatch,Electronics ,3.0,200.0,south,Consumer,Cash
TX-10107,2025-01-26,,Premium Tablet,Electronics ,2.0,528.0,East,Consumer,Bank Transfer
TX-14221,2024-03-09,CUST-0293,Pro Laptop,Electronics ,9.0,1200.0, North ,Corporate,Credit Card
TX-13569,2025-12-03,CUST-0015,Smartwatch,Electronics ,4.0,200.0,West,Corporate,Bank Transfer
TX-13049,2024-08-29,CUST-0187,Gel Pens 12-Pack,Office Supplies,1.0,12.99,south,Small Business,Bank Transfer
TX-14321,2025-12-29,CUST-0036,Ergonomic Chair,Office Supplies,1.0,299.99,East,Small Business,PayPal
TX-10024,2024-08-27,CUST-0398,Ergonomic Chair,Office Supplies,7.0,299.99, North ,Corporate,Cash
TX-13917,2025-03-30,CUST-0044,Smartwatch,Electronics ,2.0,174.0,south,Consumer,Bank Transfer
TX-14147,2025-03-18,CUST-0035,Standing Desk,Office Supplies,2.0,450.0,south,Small Business,PayPal
TX-10938,2025-05-12,CUST-0263,Laptop Sleeve, accessories,4.0,29.99,West,Consumer,PayPal
TX-10060,2024-02-14,CUST-0373,Laptop Sleeve, accessories,6.0,29.99,East,Corporate,Cash
TX-11240,2024-05-06,CUST-0011,Pro Laptop,Electronics ,3.0,1200.0,West,Consumer,Credit Card
TX-14664,2024-11-05,CUST-0291,Noise-Cancelling Headphones,Electronics ,4.0,250.0, North ,Small Business,Cash
TX-11040,2024-05-13,CUST-0098,4K Monitor,Electronics ,4.0,350.0,south,Small Business,Bank Transfer
TX-14212,2025-10-18,CUST-0242,USB-C Multi-Hub, accessories,1.0,39.99,East,Consumer,PayPal
TX-12760,2025-10-14,CUST-0307,Noise-Cancelling Headphones,Electronics ,4.0,250.0,West,Consumer,Cash
TX-12120,2025-09-25,CUST-0069,Pro Laptop,Electronics ,2.0,1200.0,East,Consumer,Bank Transfer
TX-11524,2024-11-16,CUST-0237,Desk Mat, accessories,1.0,25.0,West,Small Business,Credit Card
TX-13521,2024-02-08,CUST-0302,4K Monitor,Electronics ,5.0,350.0,south,Corporate,Credit Card
TX-10153,2025-06-11,CUST-0240,Premium Notebook,Office Supplies,9.0,13.79,East,Corporate,Credit Card
TX-12248,2024-06-29,CUST-0176,Premium Notebook,Office Supplies,3.0,15.5,East,Small Business,PayPal
TX-10481,2025-08-03,CUST-0385,Desk Mat, accessories,10.0,25.0,south,Corporate,Credit Card
TX-14258,06/14/2025,CUST-0162,Pro Laptop,Electronics ,4.0,1116.0,East,Consumer,Credit Card
TX-14331,2025-02-10,CUST-0204,Laptop Sleeve, accessories,,29.99, North ,Corporate,PayPal
TX-13578,2025-09-10,CUST-0321,4K Monitor,Electronics ,2.0,308.0, North ,Small Business,Bank Transfer
TX-14150,2025-04-04,CUST-0304,Mechanical Keyboard, accessories,2.0,99.99, North ,Corporate,Bank Transfer
TX-13562,2024-01-31,CUST-0340,Gel Pens 12-Pack,Office Supplies,7.0,11.3,West,Corporate,Cash
TX-13315,2024-02-24,CUST-0281,Wireless Mouse, accessories,2.0,49.99, North ,Consumer,Cash
TX-11762,2025-12-24,CUST-0182,Noise-Cancelling Headphones,Electronics ,3.0,250.0,,Consumer,Credit Card
TX-13538,09/08/2025,CUST-0347,Laptop Sleeve, accessories,2.0,29.99,West,Corporate,Cash
TX-14832,2024-07-28,CUST-0067,Pro Laptop,Electronics ,4.0,1128.0, North ,Small Business,Bank Transfer
TX-10750,2024-11-10,CUST-0313,4K Monitor,Electronics ,3.0,301.0,West,Corporate,Credit Card
TX-13619,2025-11-18,,Ergonomic Chair,Office Supplies,4.0,299.99,East,Corporate,PayPal
TX-11785,2024-11-10,CUST-0293,Mechanical Keyboard, accessories,7.0,99.99, North ,Corporate,Credit Card
TX-14296,2025-09-18,CUST-0292,Premium Notebook,Office Supplies,2.0,15.5,West,Corporate,Bank Transfer
TX-13383,2025-11-10,CUST-0107,Premium Notebook,Office Supplies,3.0,15.5,West,Consumer,PayPal
TX-14163,2025-10-19,CUST-0159,Ergonomic Chair,Office Supplies,1.0,299.99, North ,Consumer,Cash
TX-10405,2024-02-29,CUST-0003,Premium Notebook,Office Supplies,2.0,15.5,south,Consumer,PayPal
TX-10757,2025-05-02,CUST-0355,Premium Tablet,Electronics ,2.0,600.0,East,Consumer,Bank Transfer
TX-12711,2025-07-09,CUST-0385,Standing Desk,Office Supplies,8.0,396.0,south,Corporate,Cash
TX-12670,2024-02-18,CUST-0235,Wireless Mouse, accessories,2.0,49.99,East,Small Business,Bank Transfer
TX-14040,2024-05-04,CUST-0063,Mechanical Keyboard, accessories,4.0,99.99,West,Small Business,Credit Card
TX-10097,2025-11-25,CUST-0130,Laptop Sleeve, accessories,2.0,25.49,West,Consumer,Bank Transfer
TX-11333,2024-02-04,CUST-0130,Desk Mat, accessories,3.0,25.0,West,Consumer,Bank Transfer
TX-14477,2024-05-14,CUST-0343,Mechanical Keyboard, accessories,,89.99,West,Small Business,PayPal
TX-12791,2025-07-05,CUST-0387,Desk Mat, accessories,2.0,21.25,south,Corporate,Bank Transfer
TX-12854,2025-06-10,CUST-0346,Standing Desk,Office Supplies,2.0,450.0,East,Small Business,Cash
TX-10186,2024-12-03,CUST-0371,Wireless Mouse, accessories,6.0,49.99,East,Corporate,Bank Transfer
TX-14060,2024-10-24,CUST-0205,Whiteboard,Office Supplies,6.0,79.99, North ,Corporate,Cash
TX-12723,2024-11-11,CUST-0304,Mechanical Keyboard, accessories,7.0,99.99, North ,Corporate,Bank Transfer
TX-13583,2024-06-19,CUST-0390,Premium Notebook,Office Supplies,1.0,15.5,south,Small Business,PayPal
TX-12058,2025-11-18,CUST-0083,Standing Desk,Office Supplies,2.0,364.5,south,Consumer,Bank Transfer
TX-11319,2025-10-04,CUST-0057,Whiteboard,Office Supplies,1.0,72.79,West,Consumer,Credit Card
TX-14223,2024-12-22,CUST-0084,Mechanical Keyboard, accessories,2.0,79.99,south,Small Business,Credit Card
TX-10148,2025-12-02,CUST-0233,Pro Laptop,Electronics ,4.0,1200.0,West,Corporate,Cash
TX-10028,2025-02-11,CUST-0333,Noise-Cancelling Headphones,Electronics ,4.0,250.0,south,Consumer,Bank Transfer
TX-14165,2025-04-07,CUST-0182,Wireless Mouse, accessories,4.0,49.99,East,Consumer,Credit Card
TX-14066,2024-01-25,CUST-0088,Noise-Cancelling Headphones,Electronics ,3.0,200.0,West,Small Business,Bank Transfer
TX-13363,2025-12-28,CUST-0396,Pro Laptop,Electronics ,6.0,1200.0, North ,Corporate,PayPal
TX-10692,2024-12-25,CUST-0088,Premium Notebook,Office Supplies,2.0,15.5,West,Small Business,Credit Card
TX-12866,2025-02-19,CUST-0002,4K Monitor,Electronics ,1.0,350.0,East,Consumer,Cash
TX-13776,2025-07-18,CUST-0322,Ergonomic Chair,Office Supplies,2.0,281.99,south,Consumer,PayPal
TX-11386,2024-12-29,CUST-0217,Ergonomic Chair,Office Supplies,3.0,299.99,south,Small Business,Bank Transfer
TX-11845,2025-12-26,CUST-0310,Mechanical Keyboard, accessories,9.0,99.99,south,Corporate,Bank Transfer
TX-14759,2024-03-02,CUST-0035,Noise-Cancelling Headphones,Electronics ,2.0,250.0,south,Small Business,Cash
TX-10129,2024-02-28,CUST-0039,Desk Mat, accessories,3.0,25.0,south,Consumer,PayPal
TX-11599,2024-05-30,CUST-0312,Wireless Mouse, accessories,8.0,49.99,West,Corporate,Credit Card
TX-13629,2024-01-01,CUST-0152,Wireless Mouse, accessories,1.0,49.99,south,Small Business,Cash
TX-14529,2025-07-09,CUST-0359,Whiteboard,Office Supplies,4.0,79.99,East,Small Business,Credit Card
TX-10701,2024-11-20,CUST-0348,Gel Pens 12-Pack,Office Supplies,3.0,12.99,West,Small Business,Credit Card
TX-14039,2024-04-22,CUST-0273,Premium Tablet,Electronics ,4.0,600.0,East,Consumer,Cash
TX-13028,2024-04-11,CUST-0200,Premium Notebook,Office Supplies,3.0,15.5,south,Small Business,Credit Card
TX-12969,2025-04-01,CUST-0399,Noise-Cancelling Headphones,Electronics ,1.0,250.0,West,Consumer,Credit Card
TX-14382,2025-10-27,CUST-0299,Mechanical Keyboard, accessories,2.0,99.99, North ,Corporate,Cash
TX-11708,2024-09-13,CUST-0095,USB-C Multi-Hub, accessories,3.0,39.99,,Consumer,Cash
TX-12953,2025-06-19,CUST-0202,Mechanical Keyboard, accessories,,99.99,south,Corporate,Credit Card
TX-10454,2025-12-08,CUST-0105,Wireless Mouse, accessories,3.0,40.99,West,Consumer,Cash
TX-12868,2025-07-08,CUST-0376,Premium Notebook,Office Supplies,1.0,15.5,south,Consumer,Cash
TX-12040,2025-11-02,CUST-0177,Pro Laptop,Electronics ,2.0,1200.0,West,Corporate,Bank Transfer
TX-11772,2025-06-25,CUST-0007,Noise-Cancelling Headphones,Electronics ,4.0,202.5, North ,Consumer,Bank Transfer
TX-12315,2025-04-11,CUST-0334,USB-C Multi-Hub, accessories,1.0,39.99,East,Small Business,PayPal
TX-10609,2024-11-22,CUST-0077,Whiteboard,Office Supplies,2.0,67.19,south,Consumer,PayPal
TX-10167,2025-02-24,CUST-0257,Desk Mat, accessories,1.0,25.0,West,Small Business,PayPal
TX-10730,2024-02-04,CUST-0048,4K Monitor,Electronics ,2.0,350.0,East,Consumer,Credit Card
TX-14274,08/21/2024,CUST-0114,Premium Notebook,Office Supplies,3.0,15.5, North ,Small Business,Cash
TX-13358,2024-02-04,CUST-0042,Premium Tablet,Electronics ,2.0,600.0,south,Small Business,Bank Transfer
TX-13896,2025-09-09,CUST-0233,Smartwatch,Electronics ,9.0,200.0,West,Corporate,Credit Card
TX-12074,2024-11-03,CUST-0146,Standing Desk,Office Supplies,3.0,450.0,south,Corporate,PayPal
TX-14096,2024-08-16,CUST-0015,Premium Tablet,Electronics ,8.0,600.0,West,Corporate,Bank Transfer
TX-13700,2025-04-03,CUST-0053,Gel Pens 12-Pack,Office Supplies,4.0,12.99,East,Small Business,Bank Transfer
TX-11622,2024-09-12,CUST-0086,Desk Mat, accessories,1.0,21.5,West,Consumer,Bank Transfer
TX-10587,2024-09-26,CUST-0278,Gel Pens 12-Pack,Office Supplies,1.0,12.99,East,Consumer,Cash
TX-11401,2025-09-23,CUST-0064,Standing Desk,Office Supplies,1.0,378.0,West,Small Business,PayPal
TX-13045,2025-04-23,CUST-0068,Desk Mat, accessories,2.0,25.0,East,Small Business,Cash
TX-13224,2024-02-16,CUST-0319,Premium Notebook,Office Supplies,,15.5, North ,Consumer,PayPal
TX-11700,2024-04-22,CUST-0084,Smartwatch,Electronics ,2.0,200.0,south,Small Business,Bank Transfer
TX-13088,2024-10-27,CUST-0392,USB-C Multi-Hub, accessories,1.0,39.99, North ,Small Business,Bank Transfer
TX-14416,2025-03-07,CUST-0293,Desk Mat, accessories,10.0,25.0, North ,Corporate,Credit Card
TX-12981,11/12/2025,CUST-0053,Mechanical Keyboard, accessories,1.0,93.99,East,Small Business,PayPal
TX-10040,2025-11-06,CUST-0071,Wireless Mouse, accessories,2.0,49.99,south,Corporate,Bank Transfer
TX-11379,2024-12-17,CUST-0063,Gel Pens 12-Pack,Office Supplies,3.0,12.34,West,Small Business,Bank Transfer
TX-12089,2024-02-17,CUST-0351,Standing Desk,Office Supplies,5.0,450.0,East,Corporate,Bank Transfer
TX-12175,2024-12-09,CUST-0040,Noise-Cancelling Headphones,Electronics ,2.0,217.5,West,Corporate,Bank Transfer
TX-13217,2025-01-02,CUST-0253,Ergonomic Chair,Office Supplies,2.0,299.99,south,Consumer,Bank Transfer
TX-12885,2024-09-27,,Ergonomic Chair,Office Supplies,1.0,272.99, North ,Small Business,Credit Card
TX-10074,2024-02-01,CUST-0047,Laptop Sleeve, accessories,2.0,29.99,south,Small Business,Cash
TX-13965,2024-06-06,CUST-0017,Smartwatch,Electronics ,5.0,200.0,south,Corporate,Credit Card
TX-13946,2024-09-22,CUST-0305,Premium Tablet,Electronics ,2.0,600.0, North ,Consumer,Cash
TX-12657,2025-09-16,CUST-0178,Standing Desk,Office Supplies,1.0,450.0, North ,Consumer,PayPal
TX-13180,2025-08-30,,Smartwatch,Electronics ,9.0,200.0,,Corporate,PayPal
TX-12076,2024-12-07,CUST-0296,4K Monitor,Electronics ,3.0,315.0,south,Corporate,PayPal
TX-10441,2024-05-23,CUST-0368,Desk Mat, accessories,1.0,25.0,East,Consumer,Bank Transfer
TX-14103,2024-09-11,CUST-0383,Desk Mat, accessories,10.0,25.0,south,Corporate,Cash
TX-12051,2025-10-29,CUST-0118,Laptop Sleeve, accessories,3.0,29.99,south,Consumer,Cash
TX-12541,2025-09-14,CUST-0082,Laptop Sleeve, accessories,5.0,29.99,East,Corporate,Credit Card
TX-13306,2025-12-13,CUST-0298,Premium Tablet,Electronics ,7.0,510.0,West,Corporate,Credit Card
TX-11301,2024-01-17,CUST-0155,Whiteboard,Office Supplies,1.0,79.99,south,Small Business,Cash
TX-11781,2024-11-24,CUST-0360,Laptop Sleeve, accessories,4.0,29.99, North ,Small Business,PayPal
TX-10915,2024-03-13,CUST-0281,Desk Mat, accessories,1.0,25.0, North ,Consumer,Cash
TX-13430,2025-12-26,CUST-0175,Ergonomic Chair,Office Supplies,4.0,269.99,East,Consumer,PayPal
TX-11304,2025-01-25,CUST-0338,Desk Mat, accessories,3.0,25.0,East,Consumer,Credit Card
TX-10236,2025-04-06,CUST-0183,Desk Mat, accessories,4.0,25.0,West,Small Business,PayPal
TX-12599,2024-02-20,CUST-0200,Smartwatch,Electronics ,2.0,200.0,south,Small Business,Credit Card
TX-10520,2024-12-12,CUST-0315,Wireless Mouse, accessories,2.0,49.99, North ,Small Business,Cash
TX-12573,2025-07-24,CUST-0144,Standing Desk,Office Supplies,2.0,450.0, North ,Small Business,Bank Transfer
TX-13280,2024-11-03,CUST-0282,Premium Notebook,Office Supplies,2.0,15.5,south,Consumer,Cash
TX-13186,2024-05-09,CUST-0200,Smartwatch,Electronics ,3.0,200.0,south,Small Business,Cash
TX-12768,2025-07-22,CUST-0223,Noise-Cancelling Headphones,Electronics ,3.0,220.0,south,Corporate,Bank Transfer
TX-10735,2024-07-24,CUST-0313,Standing Desk,Office Supplies,9.0,373.5,West,Corporate,Credit Card
TX-14731,2025-10-25,CUST-0206,Gel Pens 12-Pack,Office Supplies,1.0,12.99,south,Consumer,Cash
TX-14959,2024-09-18,CUST-0192,Desk Mat, accessories,8.0,25.0, North ,Corporate,Credit Card
TX-12106,09/08/2025,CUST-0290,USB-C Multi-Hub, accessories,3.0,39.99,West,Corporate,Cash
TX-12679,2024-06-19,CUST-0006,Whiteboard,Office Supplies,4.0,67.19,West,Consumer,Bank Transfer
TX-13229,2024-04-22,CUST-0108,Gel Pens 12-Pack,Office Supplies,6.0,12.99,West,Corporate,Credit Card
TX-12761,2025-04-27,CUST-0188,Mechanical Keyboard, accessories,7.0,99.99, North ,Corporate,PayPal
TX-10592,2025-02-01,CUST-0270,Laptop Sleeve, accessories,3.0,29.99,West,Small Business,Credit Card
TX-11303,2024-12-09,CUST-0235,Premium Notebook,Office Supplies,2.0,15.5,East,Small Business,PayPal
TX-11387,2024-06-26,CUST-0289,Premium Notebook,Office Supplies,2.0,15.5, North ,Consumer,PayPal
TX-14722,2025-11-10,CUST-0196,Ergonomic Chair,Office Supplies,3.0,284.99,West,Small Business,Cash
TX-14552,2024-12-10,CUST-0091,Gel Pens 12-Pack,Office Supplies,4.0,12.99,south,Small Business,Cash
TX-14003,2025-02-04,CUST-0337,Smartwatch,Electronics ,2.0,200.0,West,Small Business,Credit Card
TX-11890,2024-06-04,CUST-0275,4K Monitor,Electronics ,3.0,350.0,West,Small Business,Bank Transfer
TX-12987,2025-08-17,CUST-0284,USB-C Multi-Hub, accessories,2.0,39.99,south,Small Business,PayPal
TX-14954,2024-01-29,CUST-0378,Ergonomic Chair,Office Supplies,4.0,272.99, North ,Small Business,Credit Card
TX-13297,2024-12-24,CUST-0203,Gel Pens 12-Pack,Office Supplies,3.0,12.99,south,Small Business,PayPal
TX-10904,2024-09-26,CUST-0314,Whiteboard,Office Supplies,7.0,79.99, North ,Corporate,Cash
TX-14909,2024-07-05,CUST-0106,Mechanical Keyboard, accessories,3.0,99.99,south,Small Business,Bank Transfer
TX-11279,2024-06-22,CUST-0083,Noise-Cancelling Headphones,Electronics ,3.0,230.0,south,Consumer,Bank Transfer
TX-10933,2024-05-28,CUST-0333,Smartwatch,Electronics ,2.0,200.0,south,Consumer,Credit Card
TX-14929,2025-07-08,CUST-0174,4K Monitor,Electronics ,3.0,350.0,south,Small Business,Credit Card
TX-12308,2025-08-13,CUST-0213,Ergonomic Chair,Office Supplies,2.0,239.99,East,Small Business,Cash
TX-11555,05/28/2025,CUST-0076,USB-C Multi-Hub, accessories,1.0,39.99,East,Small Business,PayPal
TX-14559,2024-07-22,CUST-0212,Gel Pens 12-Pack,Office Supplies,4.0,12.99,,Corporate,Credit Card
TX-13190,2025-04-23,CUST-0112,Pro Laptop,Electronics ,8.0,1200.0,West,Corporate,Credit Card
TX-14467,2025-11-07,CUST-0248,4K Monitor,Electronics ,1.0,350.0,south,Small Business,Bank Transfer
TX-10706,2024-07-11,CUST-0285,Premium Notebook,Office Supplies,4.0,15.5,south,Consumer,PayPal
TX-14717,2024-04-06,CUST-0379,4K Monitor,Electronics ,2.0,350.0,south,Consumer,Credit Card
TX-13070,2024-01-06,CUST-0193,USB-C Multi-Hub, accessories,2.0,39.99,south,Small Business,Credit Card
TX-10745,2025-08-30,CUST-0200,4K Monitor,Electronics ,-2.0,350.0,south,Small Business,Cash
TX-13594,2024-10-26,CUST-0322,Standing Desk,Office Supplies,1.0,450.0,south,Consumer,PayPal
TX-11939,2025-03-16,CUST-0269,USB-C Multi-Hub, accessories,10.0,39.99,East,Corporate,Credit Card
TX-10501,2025-06-10,CUST-0330,Standing Desk,Office Supplies,4.0,387.0, North ,Corporate,PayPal
TX-12862,2024-07-23,CUST-0381,Desk Mat, accessories,4.0,25.0,West,Corporate,Credit Card
TX-14053,2025-04-05,CUST-0317,Laptop Sleeve, accessories,4.0,29.99,south,Small Business,Credit Card
TX-10513,2024-09-17,CUST-0245,Pro Laptop,Electronics ,6.0,1200.0,West,Corporate,Cash
TX-10081,2024-06-28,CUST-0067,Whiteboard,Office Supplies,2.0,65.59, North ,Small Business,Bank Transfer
TX-10589,2025-07-05,CUST-0098,Desk Mat, accessories,2.0,25.0,south,Small Business,Bank Transfer
TX-11308,2024-05-07,CUST-0180,Gel Pens 12-Pack,Office Supplies,4.0,12.99, North ,Consumer,Credit Card
TX-14574,2025-05-23,CUST-0027,Smartwatch,Electronics ,2.0,200.0,south,Small Business,PayPal
TX-10914,08/05/2025,CUST-0067,Pro Laptop,Electronics ,3.0,1200.0, North ,Small Business,Bank Transfer
TX-13452,2025-03-17,CUST-0228,Noise-Cancelling Headphones,Electronics ,1.0,250.0,East,Small Business,PayPal
TX-13695,2025-07-17,CUST-0261,Standing Desk,Office Supplies,3.0,450.0,south,Small Business,Bank Transfer
TX-14833,2024-01-22,CUST-0151,Ergonomic Chair,Office Supplies,3.0,299.99,East,Corporate,Credit Card
TX-13156,2025-03-16,CUST-0238,Gel Pens 12-Pack,Office Supplies,3.0,12.99,West,Small Business,Bank Transfer
TX-12198,2024-05-30,CUST-0208,USB-C Multi-Hub, accessories,2.0,39.99,East,Consumer,Cash
TX-14257,2025-12-19,CUST-0032,Ergonomic Chair,Office Supplies,8.0,299.99,East,Corporate,Bank Transfer
TX-10774,2024-01-06,CUST-0023,Smartwatch,Electronics ,10.0,200.0, North ,Corporate,Credit Card
TX-10329,2024-12-01,CUST-0183,Whiteboard,Office Supplies,1.0,79.99,West,Small Business,Bank Transfer
TX-12054,2025-10-17,CUST-0394,Wireless Mouse, accessories,9.0,49.99,West,Corporate,PayPal
TX-12001,2024-01-17,CUST-0117,Premium Notebook,Office Supplies,4.0,15.5,East,Consumer,Cash
TX-10943,2025-02-03,CUST-0214,USB-C Multi-Hub, accessories,4.0,39.99,West,Small Business,PayPal
TX-10822,2024-03-19,CUST-0060,Pro Laptop,Electronics ,4.0,1200.0,south,Small Business,Bank Transfer
TX-14553,2025-05-02,CUST-0250,Whiteboard,Office Supplies,2.0,79.99,East,Consumer,Bank Transfer
TX-10909,2025-06-04,CUST-0140,Laptop Sleeve, accessories,2.0,29.99, North ,Small Business,Credit Card
TX-12516,2024-05-19,CUST-0004,Premium Notebook,Office Supplies,4.0,15.5, North ,Small Business,Bank Transfer
TX-10181,2025-10-18,CUST-0069,Desk Mat, accessories,3.0,25.0,East,Consumer,PayPal
TX-10164,2024-09-28,CUST-0398,Laptop Sleeve, accessories,5.0,29.99, North ,Corporate,Credit Card
TX-11523,2025-09-05,CUST-0209,Noise-Cancelling Headphones,Electronics ,2.0,250.0,south,Consumer,Cash
TX-10451,2025-07-29,CUST-0246,Laptop Sleeve, accessories,4.0,29.99,south,Small Business,Bank Transfer
TX-13983,2025-11-26,CUST-0118,Premium Notebook,Office Supplies,1.0,13.02,south,Consumer,PayPal
TX-12538,2025-02-09,CUST-0350,Noise-Cancelling Headphones,Electronics ,2.0,250.0,south,Consumer,Cash
TX-14706,2025-12-24,CUST-0017,Noise-Cancelling Headphones,Electronics ,4.0,250.0,south,Corporate,Cash
TX-14804,2025-11-04,CUST-0087,Laptop Sleeve, accessories,2.0,29.99,south,Consumer,Cash
TX-11311,2025-06-15,CUST-0308,Premium Notebook,Office Supplies,4.0,15.5, North ,Corporate,Cash
TX-13149,2025-04-04,CUST-0004,Smartwatch,Electronics ,4.0,200.0, North ,Small Business,Credit Card
TX-11111,2024-06-15,CUST-0224,Premium Notebook,Office Supplies,4.0,15.5, North ,Small Business,Bank Transfer
TX-14573,2025-08-28,CUST-0151,Premium Tablet,Electronics ,8.0,600.0,East,Corporate,Bank Transfer
TX-13874,2024-01-12,CUST-0101,4K Monitor,Electronics ,4.0,350.0, North ,Consumer,Cash
TX-13489,2024-05-25,CUST-0398,Desk Mat, accessories,7.0,22.5, North ,Corporate,Credit Card
TX-11287,2024-07-23,CUST-0206,Ergonomic Chair,Office Supplies,3.0,299.99,south,Consumer,Bank Transfer
TX-14345,2024-04-18,CUST-0235,Premium Notebook,Office Supplies,2.0,15.5,East,Small Business,Cash
TX-14672,2025-12-30,CUST-0212,Premium Notebook,Office Supplies,10.0,15.5, North ,Corporate,Bank Transfer
TX-13680,2024-06-27,CUST-0124,Gel Pens 12-Pack,Office Supplies,4.0,12.99,West,Small Business,Cash
TX-14356,2025-02-27,CUST-0330,Premium Tablet,Electronics ,9.0,600.0, North ,Corporate,PayPal
TX-14193,2024-02-03,CUST-0307,Standing Desk,Office Supplies,1.0,423.0,West,Consumer,Cash
TX-13300,2025-10-10,CUST-0299,Premium Tablet,Electronics ,9.0,600.0, North ,Corporate,Cash
TX-13310,2024-02-23,CUST-0358,USB-C Multi-Hub, accessories,10.0,33.59,East,Corporate,Credit Card
TX-14582,2024-07-22,CUST-0374,USB-C Multi-Hub, accessories,8.0,34.39,West,Corporate,PayPal
TX-13125,2024-07-16,CUST-0131,4K Monitor,Electronics ,3.0,350.0,south,Corporate,Bank Transfer
TX-10327,2024-11-17,CUST-0395,Smartwatch,Electronics ,3.0,200.0,East,Consumer,Cash
TX-11790,2024-12-04,CUST-0200,Noise-Cancelling Headphones,Electronics ,4.0,215.0,south,Small Business,Credit Card
TX-12490,2025-12-22,CUST-0350,Ergonomic Chair,Office Supplies,2.0,299.99,south,Consumer,PayPal
TX-12006,2024-11-13,CUST-0085,Pro Laptop,Electronics ,2.0,1044.0, North ,Consumer,Bank Transfer
TX-12007,2025-10-07,CUST-0013,Gel Pens 12-Pack,Office Supplies,3.0,12.99,East,Consumer,Cash
TX-11858,2024-01-17,CUST-0201,Standing Desk,Office Supplies,6.0,396.0,East,Corporate,Bank Transfer
TX-14712,2024-02-24,CUST-0277,Ergonomic Chair,Office Supplies,4.0,299.99,West,Consumer,Bank Transfer
TX-10312,2024-02-26,CUST-0256,Mechanical Keyboard, accessories,7.0,99.99, North ,Corporate,PayPal
TX-10832,2025-12-25,CUST-0358,Mechanical Keyboard, accessories,9.0,89.99,East,Corporate,Credit Card
TX-13079,2025-02-05,CUST-0068,4K Monitor,Electronics ,1.0,350.0,East,Small Business,PayPal
TX-14745,2024-08-29,CUST-0169,Standing Desk,Office Supplies,4.0,387.0, North ,Consumer,PayPal
TX-13462,2025-08-03,CUST-0071,Ergonomic Chair,Office Supplies,10.0,299.99,south,Corporate,Bank Transfer
TX-11201,2025-05-05,CUST-0341,Ergonomic Chair,Office Supplies,8.0,299.99, North ,Corporate,Cash
TX-14417,2025-10-30,CUST-0152,Premium Notebook,Office Supplies,3.0,15.5,south,Small Business,Bank Transfer
TX-13547,2024-07-07,CUST-0305,Mechanical Keyboard, accessories,4.0,99.99, North ,Consumer,Cash
TX-14050,2024-03-11,CUST-0012,Pro Laptop,Electronics ,3.0,1200.0,West,Small Business,Bank Transfer
TX-12134,2024-12-11,CUST-0400,Pro Laptop,Electronics ,1.0,1200.0, North ,Consumer,Credit Card
TX-13451,2024-02-01,CUST-0199,Standing Desk,Office Supplies,4.0,450.0,West,Consumer,Cash
TX-12209,2024-08-13,CUST-0327,Premium Notebook,Office Supplies,1.0,15.5,south,Small Business,Cash
TX-11901,2025-03-09,CUST-0191,Noise-Cancelling Headphones,Electronics ,8.0,250.0,East,Corporate,Credit Card
TX-11481,2024-04-09,CUST-0119,Gel Pens 12-Pack,Office Supplies,3.0,12.99,south,Small Business,Credit Card
TX-10777,2024-09-01,CUST-0047,Smartwatch,Electronics ,3.0,200.0,south,Small Business,PayPal
TX-10799,2024-11-23,CUST-0260,Premium Notebook,Office Supplies,4.0,15.5,West,Consumer,Bank Transfer
TX-13714,2025-05-30,CUST-0189,Smartwatch,Electronics ,9.0,200.0,south,Corporate,Bank Transfer
TX-13942,2025-08-07,CUST-0230,Premium Notebook,Office Supplies,2.0,15.5, North ,Small Business,Credit Card
TX-10054,2024-09-06,CUST-0065,Mechanical Keyboard, accessories,1.0,99.99,East,Small Business,PayPal
TX-12972,2024-09-04,CUST-0285,4K Monitor,Electronics ,2.0,350.0,south,Consumer,Credit Card
TX-13335,2024-04-17,CUST-0137,Premium Notebook,Office Supplies,2.0,15.5,south,Consumer,PayPal
TX-11920,2025-02-21,CUST-0353,Premium Tablet,Electronics ,9.0,600.0,West,Corporate,PayPal
TX-13715,2025-05-01,CUST-0025,Smartwatch,Electronics ,3.0,162.0,East,Small Business,Cash
TX-14673,2024-09-07,CUST-0136,Premium Notebook,Office Supplies,8.0,15.5,south,Corporate,Bank Transfer
TX-10946,2025-01-02,CUST-0134,Standing Desk,Office Supplies,4.0,450.0,East,Corporate,Credit Card
TX-11701,2025-01-17,CUST-0136,USB-C Multi-Hub, accessories,2.0,39.99,south,Corporate,Credit Card
TX-13293,2025-07-11,CUST-0021,Premium Tablet,Electronics ,4.0,600.0,East,Consumer,Cash
TX-12161,2025-10-16,CUST-0123,Premium Tablet,Electronics ,2.0,522.0,south,Consumer,Bank Transfer
TX-11136,2025-12-17,CUST-0367,Premium Tablet,Electronics ,3.0,600.0, North ,Consumer,Cash
TX-10987,2024-07-29,CUST-0126,Laptop Sleeve, accessories,4.0,29.99, North ,Consumer,Credit Card
TX-12549,2024-12-18,CUST-0310,Standing Desk,Office Supplies,9.0,414.0,south,Corporate,PayPal
TX-10193,2025-08-20,CUST-0251,4K Monitor,Electronics ,4.0,350.0,south,Small Business,Credit Card
TX-13057,2024-01-25,CUST-0380,Premium Notebook,Office Supplies,1.0,15.5,south,Small Business,Bank Transfer
TX-13246,2024-06-05,CUST-0121,Smartwatch,Electronics ,2.0,200.0,West,Consumer,PayPal
TX-11394,2025-06-14,CUST-0028,Pro Laptop,Electronics ,3.0,1200.0, North ,Consumer,Credit Card
TX-12637,2025-06-15,CUST-0147,Desk Mat, accessories,3.0,25.0, North ,Small Business,Bank Transfer
TX-10768,05/28/2024,CUST-0111,Desk Mat, accessories,4.0,25.0,West,Corporate,Cash
TX-14730,2025-08-25,CUST-0238,Smartwatch,Electronics ,2.0,180.0,West,Small Business,Credit Card
TX-13090,2024-10-12,CUST-0205,USB-C Multi-Hub, accessories,10.0,32.79, North ,Corporate,PayPal
TX-13495,2025-07-31,CUST-0242,Pro Laptop,Electronics ,4.0,1200.0,East,Consumer,PayPal
TX-13215,2024-01-08,CUST-0051,Premium Notebook,Office Supplies,3.0,15.5,East,Consumer,Bank Transfer
TX-10285,03/15/2025,CUST-0254,Premium Notebook,Office Supplies,3.0,15.5, North ,Consumer,Bank Transfer
TX-14968,2024-08-24,CUST-0051,Premium Notebook,Office Supplies,3.0,15.5,East,Consumer,Cash
TX-10428,2025-08-27,CUST-0248,Desk Mat, accessories,2.0,25.0,,Small Business,Cash
TX-14939,2024-10-23,CUST-0259,Whiteboard,Office Supplies,5.0,79.99,West,Corporate,Cash
TX-12332,2025-06-10,CUST-0063,Premium Tablet,Electronics ,1.0,600.0,West,Small Business,Cash
TX-12717,2025-01-14,CUST-0298,Pro Laptop,Electronics ,,1200.0,West,Corporate,Credit Card
TX-12079,2024-10-02,CUST-0071,Pro Laptop,Electronics ,2.0,1200.0,south,Corporate,Credit Card
TX-13389,2025-09-05,CUST-0031,USB-C Multi-Hub, accessories,3.0,37.19, North ,Corporate,Cash
TX-10722,2024-12-19,CUST-0387,Pro Laptop,Electronics ,4.0,1200.0,south,Corporate,Cash
TX-10951,2025-12-26,CUST-0260,Ergonomic Chair,Office Supplies,2.0,299.99,West,Consumer,Bank Transfer
TX-14409,2025-06-16,CUST-0119,Standing Desk,Office Supplies,2.0,450.0,south,Small Business,Cash
TX-14392,2024-09-08,CUST-0398,4K Monitor,Electronics ,10.0,350.0, North ,Corporate,Cash
TX-12262,2024-08-07,CUST-0215,Whiteboard,Office Supplies,1.0,79.99,East,Consumer,PayPal
TX-10989,2025-02-28,CUST-0013,USB-C Multi-Hub, accessories,4.0,31.99,East,Consumer,Bank Transfer
TX-13212,2025-06-11,CUST-0220,Desk Mat, accessories,6.0,21.25,West,Corporate,Cash
TX-11759,2025-09-10,CUST-0117,USB-C Multi-Hub, accessories,2.0,39.99,East,Consumer,Cash
TX-14571,2025-12-05,CUST-0329,Laptop Sleeve, accessories,4.0,25.19,East,Consumer,Credit Card
TX-10326,2024-11-30,CUST-0039,Premium Tablet,Electronics ,1.0,528.0,south,Consumer,PayPal
TX-12608,2025-04-06,CUST-0184,Pro Laptop,Electronics ,4.0,1200.0,West,Small Business,Credit Card
TX-11383,2024-01-01,CUST-0026,Standing Desk,Office Supplies,3.0,450.0,East,Small Business,Bank Transfer
TX-11724,2024-01-01,CUST-0039,Whiteboard,Office Supplies,3.0,79.99,south,Consumer,PayPal
TX-11086,2025-11-27,CUST-0113,Premium Tablet,Electronics ,2.0,600.0,West,Small Business,Credit Card
TX-12523,2025-06-21,CUST-0268,Desk Mat, accessories,1.0,25.0,West,Small Business,Bank Transfer
TX-10341,2024-08-26,CUST-0082,Premium Tablet,Electronics ,5.0,600.0,East,Corporate,Bank Transfer
TX-13701,2024-11-29,CUST-0040,Laptop Sleeve, accessories,8.0,29.99,West,Corporate,Credit Card
TX-10688,2024-07-21,CUST-0344,Wireless Mouse, accessories,9.0,41.49,south,Corporate,PayPal
TX-13432,2024-11-12,CUST-0297,Mechanical Keyboard, accessories,5.0,99.99,south,Corporate,Credit Card
TX-10966,2024-05-07,CUST-0230,Whiteboard,Office Supplies,1.0,79.99, North ,Small Business,Cash
TX-14755,2025-06-11,CUST-0018,Mechanical Keyboard, accessories,4.0,99.99, North ,Consumer,Bank Transfer
TX-12203,2024-11-14,CUST-0140,Wireless Mouse, accessories,1.0,49.99, North ,Small Business,PayPal
TX-12713,2024-06-09,CUST-0116,Laptop Sleeve, accessories,2.0,29.99,West,Small Business,Credit Card
TX-13572,2024-05-22,CUST-0238,USB-C Multi-Hub, accessories,2.0,39.99,West,Small Business,PayPal
TX-11990,2024-06-05,CUST-0274,Premium Tablet,Electronics ,1.0,600.0,East,Small Business,Bank Transfer
TX-14127,2024-07-31,CUST-0354,Pro Laptop,Electronics ,5.0,1056.0, North ,Corporate,Cash
TX-14771,2024-09-12,CUST-0293,Wireless Mouse, accessories,2.0,49.99, North ,Corporate,Cash
TX-13600,2025-02-10,CUST-0291,Noise-Cancelling Headphones,Electronics ,4.0,250.0, North ,Small Business,PayPal
TX-14593,2025-06-14,CUST-0237,Whiteboard,Office Supplies,4.0,79.99,West,Small Business,PayPal
TX-12464,2024-02-20,CUST-0033,Desk Mat, accessories,2.0,25.0,East,Consumer,Bank Transfer
TX-14149,2024-12-27,CUST-0227,Gel Pens 12-Pack,Office Supplies,4.0,11.95,West,Consumer,Credit Card
TX-10385,2025-04-20,CUST-0326,Pro Laptop,Electronics ,5.0,1200.0,East,Corporate,Bank Transfer
TX-14396,2024-06-29,CUST-0178,Smartwatch,Electronics ,3.0,200.0, North ,Consumer,Bank Transfer
TX-14595,2024-11-25,CUST-0336,Premium Notebook,Office Supplies,9.0,15.5, North ,Corporate,PayPal
TX-10536,2024-09-12,CUST-0317,Standing Desk,Office Supplies,1.0,450.0,south,Small Business,Credit Card
TX-14692,2024-05-23,CUST-0056,Whiteboard,Office Supplies,4.0,79.99,south,Consumer,Bank Transfer
TX-13507,2025-01-05,CUST-0245,Mechanical Keyboard, accessories,8.0,99.99,West,Corporate,Credit Card
TX-10201,2024-12-20,CUST-0372,Pro Laptop,Electronics ,8.0,1200.0,East,Corporate,Credit Card
TX-11332,2025-09-13,CUST-0103,USB-C Multi-Hub, accessories,3.0,39.99,East,Consumer,Credit Card
TX-13502,2025-03-20,CUST-0180,Gel Pens 12-Pack,Office Supplies,4.0,12.99, North ,Consumer,Cash
TX-12708,2025-06-30,CUST-0358,Standing Desk,Office Supplies,9.0,450.0,East,Corporate,Cash
TX-14021,2025-05-07,CUST-0345,Pro Laptop,Electronics ,1.0,1200.0,south,Small Business,PayPal
TX-11854,2024-11-16,CUST-0117,Mechanical Keyboard, accessories,1.0,99.99,East,Consumer,Bank Transfer
TX-14702,2025-04-09,CUST-0353,Mechanical Keyboard, accessories,4.0,99.99,West,Corporate,PayPal
TX-12872,2024-05-24,CUST-0389,USB-C Multi-Hub, accessories,2.0,36.39,East,Small Business,Credit Card
TX-13030,2024-02-02,CUST-0217,Mechanical Keyboard, accessories,3.0,79.99,south,Small Business,Bank Transfer
TX-11205,2024-03-25,CUST-0390,Standing Desk,Office Supplies,2.0,450.0,south,Small Business,PayPal
TX-11645,2025-08-06,CUST-0327,4K Monitor,Electronics ,2.0,350.0,south,Small Business,PayPal
TX-13417,2025-02-11,CUST-0308,Noise-Cancelling Headphones,Electronics ,10.0,250.0, North ,Corporate,Bank Transfer
TX-13476,2025-06-20,CUST-0376,Laptop Sleeve, accessories,1.0,29.99,south,Consumer,Bank Transfer
TX-12861,2024-07-10,CUST-0076,Wireless Mouse, accessories,,49.99,East,Small Business,Credit Card
TX-11792,2025-10-31,CUST-0140,Ergonomic Chair,Office Supplies,4.0,299.99, North ,Small Business,Cash
TX-13797,2025-11-09,CUST-0082,Mechanical Keyboard, accessories,10.0,99.99,East,Corporate,Credit Card
TX-13368,2025-11-18,CUST-0052,4K Monitor,Electronics ,4.0,290.5,south,Small Business,Credit Card
TX-13367,2024-06-08,CUST-0108,Standing Desk,Office Supplies,3.0,396.0,West,Corporate,Cash
TX-13533,2024-05-08,CUST-0337,Laptop Sleeve, accessories,2.0,29.99,West,Small Business,Cash
TX-13449,2024-07-25,CUST-0350,Gel Pens 12-Pack,Office Supplies,3.0,12.99,south,Consumer,Credit Card
TX-10603,2024-11-05,CUST-0110,Ergonomic Chair,Office Supplies,3.0,263.99, North ,Small Business,PayPal
TX-13056,2025-11-27,CUST-0357,Laptop Sleeve, accessories,10.0,29.99,East,Corporate,Cash
TX-14386,2024-04-07,CUST-0385,Laptop Sleeve, accessories,2.0,29.99,south,Corporate,PayPal
TX-10126,2024-07-03,CUST-0280,Premium Notebook,Office Supplies,1.0,15.5,East,Small Business,Credit Card
TX-13876,2025-05-09,CUST-0223,4K Monitor,Electronics ,5.0,350.0,south,Corporate,Cash
TX-12935,2024-05-01,CUST-0390,Gel Pens 12-Pack,Office Supplies,4.0,12.99,south,Small Business,Bank Transfer
TX-13531,2024-08-26,CUST-0243,Premium Notebook,Office Supplies,1.0,15.5,West,Small Business,Credit Card
TX-12730,2025-08-18,CUST-0275,Wireless Mouse, accessories,4.0,49.99,West,Small Business,Bank Transfer
TX-10827,2024-09-16,CUST-0023,Noise-Cancelling Headphones,Electronics ,2.0,250.0, North ,Corporate,Credit Card
TX-11639,2024-09-20,CUST-0327,Pro Laptop,Electronics ,2.0,1140.0,south,Small Business,Bank Transfer
TX-10984,2025-12-25,CUST-0331,4K Monitor,Electronics ,3.0,350.0,West,Corporate,PayPal
TX-13281,2024-01-25,CUST-0239,Noise-Cancelling Headphones,Electronics ,3.0,250.0,south,Small Business,Cash
TX-12586,2024-12-18,CUST-0316,Standing Desk,Office Supplies,,382.5, North ,Corporate,PayPal
TX-12188,2025-12-24,CUST-0321,Whiteboard,Office Supplies,4.0,79.99, North ,Small Business,Bank Transfer
TX-14639,2024-09-28,CUST-0055,Gel Pens 12-Pack,Office Supplies,4.0,12.99,West,Corporate,PayPal
TX-12443,2024-10-12,CUST-0302,Gel Pens 12-Pack,Office Supplies,3.0,11.04,south,Corporate,Bank Transfer
TX-10362,2024-03-30,CUST-0339,Laptop Sleeve, accessories,4.0,27.59,East,Consumer,PayPal
TX-12349,2025-06-25,CUST-0253,Mechanical Keyboard, accessories,1.0,99.99,south,Consumer,PayPal
TX-10345,2025-05-19,CUST-0278,Standing Desk,Office Supplies,4.0,414.0,East,Consumer,Credit Card
TX-10814,2025-05-19,CUST-0035,USB-C Multi-Hub, accessories,4.0,39.99,south,Small Business,Cash
TX-13205,2024-07-05,CUST-0351,Gel Pens 12-Pack,Office Supplies,4.0,12.99,East,Corporate,PayPal
TX-14459,2025-10-16,CUST-0063,Whiteboard,Office Supplies,2.0,79.99,West,Small Business,PayPal
TX-14824,2024-04-17,CUST-0009,Laptop Sleeve, accessories,4.0,29.99, North ,Small Business,PayPal
TX-13325,2024-04-13,CUST-0329,Noise-Cancelling Headphones,Electronics ,2.0,250.0,East,Consumer,Cash
TX-14106,2024-11-20,CUST-0305,Wireless Mouse, accessories,4.0,49.99, North ,Consumer,PayPal
TX-12116,2024-12-04,CUST-0299,4K Monitor,Electronics ,6.0,350.0, North ,Corporate,Credit Card
TX-11834,2024-12-11,CUST-0389,Desk Mat, accessories,1.0,25.0,East,Small Business,Bank Transfer
TX-10793,2024-11-09,CUST-0191,Ergonomic Chair,Office Supplies,4.0,299.99,East,Corporate,Bank Transfer
TX-14976,2025-05-05,CUST-0072,Gel Pens 12-Pack,Office Supplies,4.0,12.99, North ,Small Business,PayPal
TX-12674,2024-04-22,CUST-0253,Premium Tablet,Electronics ,2.0,600.0,south,Consumer,PayPal
TX-10094,2024-03-04,,Noise-Cancelling Headphones,Electronics ,1.0,210.0,East,Small Business,PayPal
TX-13756,2024-07-29,CUST-0050,Mechanical Keyboard, accessories,3.0,99.99,West,Consumer,Credit Card
TX-12891,2025-10-02,CUST-0375,Gel Pens 12-Pack,Office Supplies,4.0,12.99,East,Corporate,Bank Transfer
TX-12371,2025-09-11,CUST-0216,USB-C Multi-Hub, accessories,8.0,39.99, North ,Corporate,Cash
TX-14174,2024-02-14,CUST-0373,Premium Tablet,Electronics ,3.0,600.0,East,Corporate,PayPal
TX-14458,2025-11-27,CUST-0161,Whiteboard,Office Supplies,4.0,79.99,East,Consumer,Credit Card
TX-13228,2025-08-12,CUST-0250,Noise-Cancelling Headphones,Electronics ,3.0,250.0,East,Consumer,PayPal
TX-12853,2025-12-20,CUST-0275,Premium Notebook,Office Supplies,4.0,15.5,West,Small Business,Cash
TX-12912,08/29/2025,CUST-0319,Wireless Mouse, accessories,1.0,49.99, North ,Consumer,Credit Card
TX-11865,2024-09-09,CUST-0108,Standing Desk,Office Supplies,7.0,450.0,West,Corporate,Cash
TX-11857,2025-10-09,CUST-0008,Standing Desk,Office Supplies,2.0,450.0,south,Consumer,PayPal
TX-12645,2024-10-30,CUST-0098,Standing Desk,Office Supplies,-2.0,450.0,south,Small Business,Credit Card
TX-12243,2024-06-02,CUST-0295,Whiteboard,Office Supplies,4.0,79.99,West,Small Business,PayPal
TX-12336,2025-02-22,CUST-0127,Smartwatch,Electronics ,2.0,188.0,,Consumer,Bank Transfer
TX-10950,2024-06-20,CUST-0323,Premium Tablet,Electronics ,7.0,600.0,south,Corporate,PayPal
TX-13068,2025-06-08,CUST-0143,Mechanical Keyboard, accessories,1.0,99.99, North ,Consumer,PayPal
TX-11120,2024-06-23,CUST-0096,Mechanical Keyboard, accessories,5.0,80.99, North ,Corporate,Cash
TX-12597,2024-10-26,CUST-0287,Laptop Sleeve, accessories,2.0,24.29,,Small Business,PayPal
TX-12204,2024-08-17,CUST-0342,Desk Mat, accessories,4.0,23.5,,Small Business,Cash
TX-10419,2024-07-22,CUST-0312,Noise-Cancelling Headphones,Electronics ,10.0,250.0,West,Corporate,PayPal
TX-10922,2025-03-23,CUST-0245,Standing Desk,Office Supplies,4.0,450.0,West,Corporate,Bank Transfer
TX-11254,2024-03-02,CUST-0185,Noise-Cancelling Headphones,Electronics ,4.0,250.0, North ,Consumer,PayPal
TX-10477,05/19/2024,CUST-0280,Standing Desk,Office Supplies,3.0,450.0,East,Small Business,Bank Transfer
TX-12035,2025-06-05,CUST-0157,Gel Pens 12-Pack,Office Supplies,4.0,12.99,East,Consumer,PayPal
TX-11202,2025-11-29,CUST-0392,Whiteboard,Office Supplies,4.0,74.39, North ,Small Business,PayPal
TX-12626,2024-01-09,CUST-0092,Premium Notebook,Office Supplies,3.0,15.5,East,Corporate,PayPal
TX-14847,2024-02-03,CUST-0143,Whiteboard,Office Supplies,2.0,79.99, North ,Consumer,PayPal
TX-11970,2024-06-04,CUST-0012,Laptop Sleeve, accessories,3.0,24.29,West,Small Business,PayPal
TX-13110,2024-04-14,CUST-0134,Laptop Sleeve, accessories,8.0,29.99,East,Corporate,PayPal
TX-14018,2024-12-23,CUST-0178,Premium Notebook,Office Supplies,2.0,15.5, North ,Consumer,PayPal
TX-12151,2024-09-05,CUST-0080,Wireless Mouse, accessories,4.0,49.99,East,Corporate,Cash
TX-13687,2024-04-14,CUST-0378,Desk Mat, accessories,4.0,25.0, North ,Small Business,Bank Transfer
TX-11997,2024-07-30,CUST-0038,USB-C Multi-Hub, accessories,3.0,39.99,south,Small Business,Credit Card
TX-14033,2025-10-06,CUST-0007,Ergonomic Chair,Office Supplies,4.0,299.99, North ,Consumer,Cash
TX-13054,2025-04-07,CUST-0261,Laptop Sleeve, accessories,4.0,29.99,south,Small Business,Bank Transfer
TX-11248,2025-05-04,CUST-0058,Desk Mat, accessories,3.0,20.0, North ,Consumer,PayPal
TX-12192,2024-04-20,CUST-0400,Noise-Cancelling Headphones,Electronics ,2.0,250.0, North ,Consumer,Cash
TX-12712,2024-11-08,CUST-0056,Pro Laptop,Electronics ,2.0,1200.0,south,Consumer,PayPal
TX-10992,2024-11-01,CUST-0164,Smartwatch,Electronics ,3.0,200.0,East,Consumer,Bank Transfer
TX-12190,2025-08-16,CUST-0292,Premium Tablet,Electronics ,7.0,600.0,West,Corporate,Credit Card
TX-13762,2025-02-15,CUST-0128,Noise-Cancelling Headphones,Electronics ,7.0,235.0,West,Corporate,Bank Transfer
TX-13597,2024-11-24,CUST-0059,Desk Mat, accessories,2.0,25.0,south,Small Business,Cash
TX-11318,2024-09-08,CUST-0194,Ergonomic Chair,Office Supplies,3.0,299.99,south,Small Business,Credit Card
TX-11863,2024-12-12,CUST-0351,Desk Mat, accessories,3.0,25.0,East,Corporate,PayPal
TX-12343,2025-06-21,CUST-0071,Desk Mat, accessories,2.0,22.75,south,Corporate,Credit Card
TX-12449,2024-05-24,CUST-0194,Laptop Sleeve, accessories,4.0,29.99,south,Small Business,PayPal
TX-12136,2025-07-05,CUST-0030,Laptop Sleeve, accessories,1.0,29.99, North ,Consumer,PayPal
TX-11065,2025-01-30,CUST-0146,Premium Tablet,Electronics ,6.0,600.0,south,Corporate,Credit Card
TX-14990,2025-01-05,CUST-0249,Desk Mat, accessories,5.0,25.0, North ,Corporate,Cash
TX-12621,2024-04-01,CUST-0215,Smartwatch,Electronics ,3.0,200.0,East,Consumer,Cash
TX-10077,2025-03-28,CUST-0213,Standing Desk,Office Supplies,1.0,450.0,,Small Business,Bank Transfer
TX-12898,2024-04-21,CUST-0156,Laptop Sleeve, accessories,9.0,29.99,East,Corporate,Bank Transfer
TX-11314,2025-12-28,CUST-0324,Desk Mat, accessories,3.0,25.0, North ,Small Business,PayPal
TX-14398,2024-04-01,CUST-0396,Laptop Sleeve, accessories,4.0,29.99, North ,Corporate,Credit Card
TX-10872,2024-11-17,CUST-0209,Ergonomic Chair,Office Supplies,4.0,299.99,south,Consumer,PayPal
TX-13850,2025-05-15,CUST-0279,Whiteboard,Office Supplies,4.0,79.99,East,Corporate,Bank Transfer
TX-14816,2024-11-12,CUST-0345,Smartwatch,Electronics ,2.0,200.0,south,Small Business,Cash
TX-12965,2024-01-09,CUST-0107,Mechanical Keyboard, accessories,2.0,99.99,West,Consumer,Credit Card
TX-13391,2025-11-06,CUST-0074,Mechanical Keyboard, accessories,2.0,99.99,south,Small Business,PayPal
TX-12560,2025-04-09,CUST-0206,USB-C Multi-Hub, accessories,3.0,39.99,south,Consumer,PayPal
TX-14926,2025-06-22,CUST-0223,4K Monitor,Electronics ,6.0,350.0,south,Corporate,Credit Card
TX-12635,2024-01-09,CUST-0390,Desk Mat, accessories,2.0,25.0,south,Small Business,Credit Card
TX-13530,2024-10-24,CUST-0049,Laptop Sleeve, accessories,3.0,26.69,West,Corporate,Bank Transfer
TX-10375,2024-04-13,CUST-0275,Gel Pens 12-Pack,Office Supplies,3.0,12.99,West,Small Business,Cash
TX-11908,2024-07-26,CUST-0137,Noise-Cancelling Headphones,Electronics ,2.0,250.0,south,Consumer,PayPal
TX-14358,2025-10-29,CUST-0393,Standing Desk,Office Supplies,8.0,450.0,,Corporate,PayPal
TX-14405,2025-04-21,,Desk Mat, accessories,7.0,21.0, North ,Corporate,Credit Card
TX-14027,2024-08-19,CUST-0010,Premium Notebook,Office Supplies,1.0,15.5,south,Small Business,Cash
TX-11604,2024-07-04,CUST-0348,Premium Notebook,Office Supplies,1.0,15.5,West,Small Business,Cash
TX-11118,2024-08-02,CUST-0384,Premium Notebook,Office Supplies,2.0,15.5,south,Corporate,PayPal
TX-13677,2025-10-13,CUST-0048,Laptop Sleeve, accessories,1.0,29.99,East,Consumer,PayPal
TX-13490,2024-10-01,,Desk Mat, accessories,5.0,25.0,West,Corporate,Credit Card
TX-14893,2025-09-21,CUST-0114,Noise-Cancelling Headphones,Electronics ,4.0,250.0, North ,Small Business,Credit Card
TX-12958,2024-12-18,CUST-0224,4K Monitor,Electronics ,1.0,350.0, North ,Small Business,PayPal
TX-11994,2024-01-01,CUST-0148,Whiteboard,Office Supplies,4.0,79.99,south,Small Business,Cash
TX-14985,2024-07-27,CUST-0278,Laptop Sleeve, accessories,3.0,29.99,East,Consumer,Cash
TX-14381,2024-05-02,CUST-0039,Gel Pens 12-Pack,Office Supplies,3.0,12.99,south,Consumer,Bank Transfer
TX-12376,2024-05-20,CUST-0133,Gel Pens 12-Pack,Office Supplies,4.0,12.99,East,Corporate,Cash
TX-11342,2025-06-24,CUST-0021,Ergonomic Chair,Office Supplies,1.0,248.99,East,Consumer,Cash
TX-10320,2024-08-26,CUST-0278,Ergonomic Chair,Office Supplies,3.0,299.99,East,Consumer,Credit Card
TX-11619,2024-06-30,CUST-0002,USB-C Multi-Hub, accessories,4.0,39.99,East,Consumer,PayPal
TX-13713,2024-03-27,CUST-0313,Mechanical Keyboard, accessories,2.0,99.99,West,Corporate,Bank Transfer
TX-12060,2024-01-04,CUST-0123,Noise-Cancelling Headphones,Electronics ,2.0,250.0,south,Consumer,Credit Card
TX-12219,2024-10-30,CUST-0304,Premium Tablet,Electronics ,7.0,534.0, North ,Corporate,Credit Card
TX-11673,2025-08-10,CUST-0046,Standing Desk,Office Supplies,3.0,450.0,East,Consumer,Bank Transfer
TX-10260,2025-12-14,CUST-0023,Wireless Mouse, accessories,2.0,49.99, North ,Corporate,Bank Transfer
TX-14443,2025-12-25,CUST-0188,Laptop Sleeve, accessories,3.0,29.99, North ,Corporate,Credit Card
TX-12039,2024-05-05,CUST-0343,Laptop Sleeve, accessories,3.0,29.99,West,Small Business,PayPal
TX-10901,2025-07-26,CUST-0092,Standing Desk,Office Supplies,10.0,450.0,East,Corporate,Cash
TX-13744,2024-11-11,CUST-0231,Premium Tablet,Electronics ,1.0,600.0,East,Small Business,Bank Transfer
TX-12026,2024-10-20,CUST-0307,Whiteboard,Office Supplies,4.0,75.19,West,Consumer,Credit Card
TX-14234,2024-12-11,CUST-0088,Ergonomic Chair,Office Supplies,3.0,299.99,West,Small Business,Cash
TX-11917,2025-05-28,CUST-0279,4K Monitor,Electronics ,3.0,350.0,East,Corporate,Credit Card
TX-11828,2024-07-05,CUST-0230,Smartwatch,Electronics ,3.0,200.0, North ,Small Business,Bank Transfer
TX-11573,2025-02-14,CUST-0304,Premium Tablet,Electronics ,10.0,600.0,,Corporate,PayPal
TX-14420,2025-10-06,CUST-0102,Laptop Sleeve, accessories,4.0,29.99, North ,Consumer,Bank Transfer
TX-14208,2024-06-07,CUST-0205,Wireless Mouse, accessories,4.0,49.99, North ,Corporate,PayPal
TX-10224,2025-09-23,CUST-0248,Desk Mat, accessories,1.0,25.0,south,Small Business,Credit Card
TX-10723,2024-11-04,CUST-0386,Mechanical Keyboard, accessories,4.0,99.99, North ,Small Business,Cash
TX-14511,2025-11-28,CUST-0078,Standing Desk,Office Supplies,4.0,450.0,East,Consumer,Bank Transfer
TX-11141,2024-05-10,CUST-0161,Whiteboard,Office Supplies,1.0,69.59,East,Consumer,Bank Transfer
TX-12762,2025-06-25,CUST-0375,USB-C Multi-Hub, accessories,3.0,34.39,East,Corporate,Cash
TX-10846,2025-11-08,CUST-0278,Whiteboard,Office Supplies,1.0,79.99,East,Consumer,Credit Card
TX-12551,2025-02-24,CUST-0341,Noise-Cancelling Headphones,Electronics ,10.0,250.0, North ,Corporate,Bank Transfer
TX-12928,2024-04-28,CUST-0153,Smartwatch,Electronics ,1.0,200.0,East,Consumer,Credit Card
TX-10117,2024-03-28,CUST-0269,Ergonomic Chair,Office Supplies,10.0,299.99,East,Corporate,Credit Card
TX-10645,2024-11-07,CUST-0147,Standing Desk,Office Supplies,4.0,450.0, North ,Small Business,Bank Transfer
TX-10003,2024-07-31,CUST-0321,Noise-Cancelling Headphones,Electronics ,1.0,250.0, North ,Small Business,PayPal
TX-14170,2025-11-17,CUST-0239,Gel Pens 12-Pack,Office Supplies,1.0,12.99,south,Small Business,PayPal
TX-10467,2025-01-18,CUST-0261,Gel Pens 12-Pack,Office Supplies,1.0,12.99,south,Small Business,Bank Transfer
TX-10005,2024-10-16,CUST-0233,Premium Tablet,Electronics ,6.0,600.0,West,Corporate,PayPal
TX-10919,05/16/2025,CUST-0229,Gel Pens 12-Pack,Office Supplies,3.0,11.56,East,Small Business,Cash
TX-12595,2024-11-28,CUST-0135,Premium Tablet,Electronics ,,600.0,West,Consumer,PayPal
TX-11063,2025-04-07,CUST-0328,Ergonomic Chair,Office Supplies,2.0,299.99, North ,Consumer,Credit Card
TX-12590,2025-04-15,CUST-0024,Mechanical Keyboard, accessories,4.0,99.99, North ,Small Business,Cash
TX-10242,2025-02-01,CUST-0372,Mechanical Keyboard, accessories,10.0,99.99,East,Corporate,PayPal
TX-11160,2025-10-22,CUST-0153,Mechanical Keyboard, accessories,1.0,80.99,East,Consumer,Bank Transfer
TX-12870,2024-05-01,CUST-0050,Mechanical Keyboard, accessories,4.0,99.99,West,Consumer,Credit Card
TX-13735,2024-03-29,CUST-0281,Noise-Cancelling Headphones,Electronics ,2.0,250.0, North ,Consumer,Cash
TX-12397,2024-02-21,CUST-0168,Premium Notebook,Office Supplies,2.0,15.5,East,Small Business,Credit Card
TX-13517,2025-12-06,CUST-0073,4K Monitor,Electronics ,4.0,297.5,East,Small Business,Credit Card
TX-13421,2024-08-15,CUST-0043,Whiteboard,Office Supplies,2.0,79.99,East,Consumer,Cash
TX-12563,2024-10-19,CUST-0005,USB-C Multi-Hub, accessories,3.0,39.99, North ,Small Business,Credit Card
TX-11605,2025-02-28,CUST-0337,Noise-Cancelling Headphones,Electronics ,3.0,250.0,West,Small Business,Cash
TX-14857,05/18/2025,CUST-0008,Ergonomic Chair,Office Supplies,1.0,299.99,south,Consumer,Bank Transfer
TX-12324,2024-10-11,CUST-0318,Smartwatch,Electronics ,1.0,200.0, North ,Small Business,Cash
TX-12709,2024-08-20,CUST-0091,Mechanical Keyboard, accessories,4.0,99.99,south,Small Business,PayPal
TX-14424,2025-08-31,CUST-0388,Desk Mat, accessories,3.0,25.0, North ,Consumer,Bank Transfer
TX-11312,2025-02-04,CUST-0099,Desk Mat, accessories,1.0,21.25,,Consumer,Cash
TX-13448,2024-05-09,CUST-0246,USB-C Multi-Hub, accessories,1.0,39.99,,Small Business,Cash
TX-13812,2025-12-11,CUST-0325,Wireless Mouse, accessories,6.0,49.99,south,Corporate,Credit Card
TX-14800,2025-01-14,CUST-0038,4K Monitor,Electronics ,4.0,350.0,south,Small Business,PayPal
TX-12362,2025-03-04,CUST-0243,Gel Pens 12-Pack,Office Supplies,1.0,12.99,West,Small Business,PayPal
TX-11975,2024-03-24,CUST-0228,Standing Desk,Office Supplies,4.0,378.0,East,Small Business,Cash
TX-13514,2025-11-26,CUST-0080,Premium Tablet,Electronics ,3.0,600.0,East,Corporate,Cash
TX-11761,2024-06-24,CUST-0012,Desk Mat, accessories,1.0,25.0,West,Small Business,Bank Transfer
TX-12739,2025-01-14,CUST-0007,Pro Laptop,Electronics ,2.0,1200.0, North ,Consumer,Credit Card
TX-14686,2025-06-01,CUST-0040,Desk Mat, accessories,2.0,25.0,West,Corporate,Credit Card
TX-12472,2025-03-27,CUST-0028,Mechanical Keyboard, accessories,2.0,93.99, North ,Consumer,Credit Card
TX-14007,2025-06-20,CUST-0018,Smartwatch,Electronics ,2.0,190.0, North ,Consumer,Cash
TX-11493,2025-06-17,CUST-0163,4K Monitor,Electronics ,2.0,350.0,south,Corporate,Credit Card
TX-14206,2025-12-14,CUST-0163,Gel Pens 12-Pack,Office Supplies,9.0,12.99,south,Corporate,Credit Card
TX-12158,2024-10-13,CUST-0272,Wireless Mouse, accessories,5.0,49.99,West,Corporate,Credit Card
TX-11169,2025-09-29,CUST-0217,4K Monitor,Electronics ,3.0,350.0,south,Small Business,Bank Transfer
TX-14542,2024-08-08,CUST-0307,Premium Tablet,Electronics ,1.0,600.0,West,Consumer,Bank Transfer
TX-10232,2024-10-14,CUST-0289,Wireless Mouse, accessories,2.0,45.99, North ,Consumer,Bank Transfer
TX-10066,2024-11-16,CUST-0192,Smartwatch,Electronics ,3.0,200.0, North ,Corporate,Credit Card
TX-11603,2025-03-23,CUST-0353,Noise-Cancelling Headphones,Electronics ,10.0,250.0,West,Corporate,Credit Card
TX-13283,2025-10-04,CUST-0313,Smartwatch,Electronics ,3.0,190.0,West,Corporate,Cash
TX-13596,2025-12-03,CUST-0081,Laptop Sleeve, accessories,4.0,25.49, North ,Consumer,Cash
TX-10125,2025-05-24,CUST-0266,Ergonomic Chair,Office Supplies,4.0,299.99,south,Consumer,Credit Card
TX-11296,2025-08-15,CUST-0316,Noise-Cancelling Headphones,Electronics ,7.0,220.0, North ,Corporate,Credit Card
TX-11976,2024-07-29,CUST-0345,Gel Pens 12-Pack,Office Supplies,3.0,11.3,south,Small Business,Bank Transfer
TX-14543,2025-01-03,CUST-0330,Desk Mat, accessories,4.0,25.0, North ,Corporate,Credit Card
TX-14507,10/18/2025,CUST-0016,Desk Mat, accessories,2.0,25.0,East,Consumer,Bank Transfer
TX-12075,2025-09-09,,Noise-Cancelling Headphones,Electronics ,1.0,250.0,West,Consumer,Credit Card
TX-13086,2024-09-11,CUST-0005,4K Monitor,Electronics ,3.0,350.0, North ,Small Business,Cash
TX-14371,2025-11-30,CUST-0228,Smartwatch,Electronics ,1.0,200.0,East,Small Business,PayPal
TX-13345,2024-03-31,CUST-0012,Standing Desk,Office Supplies,,450.0,West,Small Business,PayPal
TX-14490,2025-04-10,CUST-0334,Gel Pens 12-Pack,Office Supplies,2.0,12.99,East,Small Business,Bank Transfer
TX-12797,2025-12-14,CUST-0106,Gel Pens 12-Pack,Office Supplies,2.0,11.04,south,Small Business,Cash
TX-10918,2024-11-13,CUST-0309,Noise-Cancelling Headphones,Electronics ,3.0,250.0,West,Corporate,Bank Transfer
TX-11646,2024-02-03,CUST-0051,Whiteboard,Office Supplies,1.0,79.99,East,Consumer,Bank Transfer
TX-10364,2025-11-07,CUST-0329,Desk Mat, accessories,2.0,25.0,East,Consumer,Bank Transfer
TX-13287,2025-04-05,CUST-0377,4K Monitor,Electronics ,4.0,350.0,south,Corporate,Cash
TX-12125,2025-09-17,CUST-0228,Premium Notebook,Office Supplies,3.0,15.5,East,Small Business,PayPal
TX-14123,2024-03-12,CUST-0224,Mechanical Keyboard, accessories,4.0,99.99, North ,Small Business,Cash
TX-10525,2025-11-21,CUST-0336,Premium Tablet,Electronics ,3.0,600.0, North ,Corporate,Bank Transfer
TX-10055,2024-08-26,CUST-0169,4K Monitor,Electronics ,1.0,350.0, North ,Consumer,Bank Transfer
TX-10638,2025-01-17,CUST-0095,Gel Pens 12-Pack,Office Supplies,4.0,11.95,south,Consumer,PayPal
TX-10302,2025-08-05,CUST-0216,Whiteboard,Office Supplies,4.0,79.99, North ,Corporate,Cash
TX-12766,2024-02-08,CUST-0263,Whiteboard,Office Supplies,2.0,79.99,West,Consumer,Credit Card
TX-11276,2024-12-13,CUST-0320,Ergonomic Chair,Office Supplies,4.0,299.99,south,Consumer,PayPal
TX-12055,2025-07-19,CUST-0060,Smartwatch,Electronics ,3.0,200.0,south,Small Business,PayPal
TX-13644,2024-05-18,CUST-0064,Noise-Cancelling Headphones,Electronics ,4.0,250.0,West,Small Business,Bank Transfer
TX-14143,03/30/2024,CUST-0169,Noise-Cancelling Headphones,Electronics ,3.0,250.0, North ,Consumer,Cash
TX-12878,2024-10-22,CUST-0077,Standing Desk,Office Supplies,1.0,450.0,south,Consumer,Bank Transfer
TX-14202,2025-01-09,CUST-0258,USB-C Multi-Hub, accessories,2.0,39.99,south,Small Business,Bank Transfer
TX-12286,2025-08-07,CUST-0017,Standing Desk,Office Supplies,3.0,450.0,south,Corporate,Cash
TX-12261,2024-04-20,CUST-0168,Pro Laptop,Electronics ,2.0,1200.0,,Small Business,PayPal
TX-12296,2025-05-25,CUST-0372,Premium Tablet,Electronics ,9.0,516.0,East,Corporate,Cash
TX-11753,2025-12-12,CUST-0126,Smartwatch,Electronics ,2.0,182.0, North ,Consumer,PayPal
TX-11968,08/03/2025,CUST-0058,Whiteboard,Office Supplies,3.0,79.99, North ,Consumer,Bank Transfer
TX-14377,2024-02-19,CUST-0071,Premium Notebook,Office Supplies,8.0,15.5,south,Corporate,Bank Transfer
TX-13117,2024-12-24,CUST-0045,Mechanical Keyboard, accessories,2.0,99.99,East,Corporate,PayPal
TX-12393,2024-11-17,,Laptop Sleeve, accessories,3.0,29.99,south,Small Business,Bank Transfer
TX-10523,2025-09-03,CUST-0030,Smartwatch,Electronics ,4.0,200.0, North ,Consumer,Credit Card
TX-13900,2025-01-29,CUST-0287,Ergonomic Chair,Office Supplies,4.0,299.99,East,Small Business,Cash
TX-13122,2024-01-06,CUST-0241,Premium Notebook,Office Supplies,3.0,15.5, North ,Corporate,Credit Card
TX-14156,2025-05-22,CUST-0144,Ergonomic Chair,Office Supplies,1.0,299.99, North ,Small Business,PayPal
TX-11969,2024-08-24,CUST-0310,USB-C Multi-Hub, accessories,10.0,39.99,south,Corporate,Bank Transfer
TX-10671,2025-11-19,CUST-0243,Premium Tablet,Electronics ,4.0,600.0,West,Small Business,PayPal
TX-14188,2025-02-24,CUST-0019,4K Monitor,Electronics ,2.0,350.0,West,Consumer,PayPal
TX-10666,2025-10-09,CUST-0093,Mechanical Keyboard, accessories,6.0,94.99,East,Corporate,PayPal
TX-14679,2024-06-03,CUST-0045,Laptop Sleeve, accessories,8.0,29.99,East,Corporate,Cash
TX-11887,2024-11-26,CUST-0325,Desk Mat, accessories,2.0,25.0,south,Corporate,Bank Transfer
TX-13266,2024-02-13,CUST-0349,Gel Pens 12-Pack,Office Supplies,2.0,12.21,East,Corporate,Bank Transfer
TX-10280,2025-06-10,CUST-0348,Premium Tablet,Electronics ,4.0,600.0,West,Small Business,Credit Card
TX-11719,2025-05-31,CUST-0262,Premium Tablet,Electronics ,2.0,504.0, North ,Consumer,Credit Card
TX-12947,2025-02-07,CUST-0351,Desk Mat, accessories,4.0,21.75,East,Corporate,Cash
TX-10899,2024-08-28,CUST-0242,Whiteboard,Office Supplies,1.0,79.99,,Consumer,Credit Card
TX-14879,2025-03-25,CUST-0391,Whiteboard,Office Supplies,2.0,79.99,West,Consumer,Cash
TX-10760,2024-04-30,CUST-0272,4K Monitor,Electronics ,7.0,350.0,West,Corporate,PayPal
TX-11906,2025-01-21,CUST-0016,Smartwatch,Electronics ,4.0,200.0,East,Consumer,Cash
TX-14042,2025-08-17,CUST-0316,Noise-Cancelling Headphones,Electronics ,8.0,250.0, North ,Corporate,PayPal
TX-13823,2024-08-10,CUST-0190,Gel Pens 12-Pack,Office Supplies,3.0,12.99,south,Consumer,Bank Transfer
TX-14138,2025-10-31,CUST-0209,Laptop Sleeve, accessories,4.0,29.99,south,Consumer,Credit Card
TX-13818,2025-02-08,CUST-0154,Laptop Sleeve, accessories,3.0,29.99,East,Corporate,Credit Card
TX-14300,2025-06-26,CUST-0331,Mechanical Keyboard, accessories,3.0,99.99,West,Corporate,Cash
TX-12593,2025-07-25,CUST-0348,Mechanical Keyboard, accessories,1.0,99.99,West,Small Business,Cash
TX-14164,2024-06-23,CUST-0070,Premium Notebook,Office Supplies,6.0,15.5,,Corporate,PayPal
TX-13031,2024-10-11,CUST-0036,Premium Notebook,Office Supplies,3.0,15.5,East,Small Business,Credit Card
TX-13579,2024-11-07,CUST-0184,Standing Desk,Office Supplies,4.0,450.0,West,Small Business,Credit Card
TX-12832,2025-09-28,CUST-0099,Gel Pens 12-Pack,Office Supplies,4.0,12.99,south,Consumer,Credit Card
TX-13472,2025-09-05,CUST-0069,4K Monitor,Electronics ,3.0,350.0,East,Consumer,Cash
TX-10137,2025-12-29,CUST-0359,Mechanical Keyboard, accessories,3.0,91.99,East,Small Business,PayPal
TX-12180,2024-11-24,CUST-0090,Noise-Cancelling Headphones,Electronics ,3.0,222.5,West,Consumer,Bank Transfer
TX-12128,2025-10-27,CUST-0378,Pro Laptop,Electronics ,2.0,1200.0, North ,Small Business,PayPal
TX-13177,2025-05-15,CUST-0124,Premium Tablet,Electronics ,2.0,600.0,West,Small Business,Cash
TX-14393,2025-12-22,CUST-0385,Mechanical Keyboard, accessories,4.0,99.99,south,Corporate,Credit Card
TX-14261,2025-07-10,CUST-0358,Smartwatch,Electronics ,10.0,200.0,East,Corporate,PayPal
TX-14344,2024-09-29,CUST-0119,Ergonomic Chair,Office Supplies,2.0,299.99,south,Small Business,Credit Card
TX-11331,2025-05-14,CUST-0222,Gel Pens 12-Pack,Office Supplies,6.0,12.99, North ,Corporate,Bank Transfer
TX-12017,2024-11-30,CUST-0367,Laptop Sleeve, accessories,3.0,29.99, North ,Consumer,PayPal
TX-12482,2025-07-12,CUST-0382,Gel Pens 12-Pack,Office Supplies,2.0,12.99,East,Consumer,PayPal
TX-11358,2024-04-22,CUST-0124,Smartwatch,Electronics ,2.0,170.0,West,Small Business,Bank Transfer
TX-11329,2025-02-13,CUST-0099,Standing Desk,Office Supplies,150.0,450.0,south,Consumer,Bank Transfer
TX-12150,2024-09-11,CUST-0265,Smartwatch,Electronics ,2.0,200.0,West,Consumer,Credit Card
TX-12122,2025-06-29,CUST-0216,Pro Laptop,Electronics ,4.0,1068.0, North ,Corporate,PayPal
TX-13981,2024-08-15,CUST-0172,Standing Desk,Office Supplies,5.0,450.0,,Corporate,Credit Card
TX-11252,2025-08-17,CUST-0270,Mechanical Keyboard, accessories,1.0,99.99,West,Small Business,PayPal
TX-13278,2025-06-05,CUST-0202,Mechanical Keyboard, accessories,2.0,99.99,south,Corporate,PayPal
TX-13374,2025-03-14,CUST-0097,Wireless Mouse, accessories,2.0,42.49, North ,Small Business,Credit Card
TX-12814,2024-10-11,CUST-0261,Premium Notebook,Office Supplies,3.0,13.02,south,Small Business,Bank Transfer
TX-11848,2024-03-18,CUST-0097,Noise-Cancelling Headphones,Electronics ,2.0,250.0, North ,Small Business,PayPal
TX-13037,2024-05-20,CUST-0215,Laptop Sleeve, accessories,1.0,29.99,East,Consumer,Bank Transfer
TX-10388,2024-10-02,CUST-0263,Pro Laptop,Electronics ,4.0,1200.0,West,Consumer,PayPal
TX-10235,2024-12-20,CUST-0119,Noise-Cancelling Headphones,Electronics ,4.0,227.5,south,Small Business,Bank Transfer
TX-11077,2024-02-15,CUST-0237,Pro Laptop,Electronics ,4.0,1200.0,West,Small Business,Cash
TX-11984,2025-12-25,CUST-0048,Laptop Sleeve, accessories,1.0,24.29,East,Consumer,Bank Transfer
TX-14363,2025-04-30,CUST-0238,Pro Laptop,Electronics ,4.0,1200.0,West,Small Business,PayPal
TX-13962,2025-03-04,CUST-0026,Wireless Mouse, accessories,1.0,46.99,East,Small Business,Bank Transfer
TX-10770,2024-03-02,CUST-0057,Gel Pens 12-Pack,Office Supplies,4.0,12.99,West,Consumer,PayPal
TX-12165,2025-10-08,CUST-0253,Premium Tablet,Electronics ,4.0,600.0,south,Consumer,Bank Transfer
TX-10673,2025-11-25,,Premium Tablet,Electronics ,3.0,558.0,West,Small Business,Bank Transfer
TX-10249,2025-07-17,CUST-0014,Desk Mat, accessories,2.0,25.0,south,Small Business,Cash
TX-11574,2025-09-03,CUST-0358,Mechanical Keyboard, accessories,4.0,99.99,East,Corporate,PayPal
TX-13419,2025-01-22,CUST-0008,Noise-Cancelling Headphones,Electronics ,2.0,250.0,south,Consumer,Bank Transfer
TX-12081,2025-08-28,CUST-0288,Pro Laptop,Electronics ,7.0,972.0,West,Corporate,PayPal
TX-11823,2024-12-31,CUST-0110,Ergonomic Chair,Office Supplies,3.0,299.99, North ,Small Business,Bank Transfer
TX-10716,2024-06-22,CUST-0337,Whiteboard,Office Supplies,1.0,79.99,West,Small Business,Bank Transfer
TX-14695,09/11/2024,CUST-0045,Smartwatch,Electronics ,8.0,200.0,East,Corporate,Cash
TX-12048,2024-02-10,CUST-0369,Laptop Sleeve, accessories,3.0,26.99,West,Small Business,Cash
TX-14178,2025-12-28,CUST-0356,Ergonomic Chair,Office Supplies,2.0,278.99,West,Consumer,Credit Card
TX-12724,2024-10-06,CUST-0005,Premium Notebook,Office Supplies,2.0,15.5, North ,Small Business,Credit Card
TX-14547,2025-03-19,CUST-0180,Premium Tablet,Electronics ,3.0,492.0, North ,Consumer,PayPal
TX-11460,08/07/2025,CUST-0191,Desk Mat, accessories,3.0,25.0,East,Corporate,Cash
TX-11668,2024-11-29,CUST-0379,Premium Tablet,Electronics ,4.0,546.0,south,Consumer,Bank Transfer
TX-12756,2025-04-19,CUST-0218,Whiteboard,Office Supplies,2.0,79.99,East,Consumer,Bank Transfer
TX-12000,2025-08-27,CUST-0389,Mechanical Keyboard, accessories,3.0,99.99,East,Small Business,Cash
TX-10404,2024-07-03,CUST-0399,Smartwatch,Electronics ,3.0,200.0,West,Consumer,PayPal
TX-10384,2024-09-12,CUST-0017,Ergonomic Chair,Office Supplies,7.0,299.99,south,Corporate,PayPal
TX-14518,2025-03-27,CUST-0204,Gel Pens 12-Pack,Office Supplies,8.0,12.99, North ,Corporate,Cash
TX-12152,2024-10-29,CUST-0268,USB-C Multi-Hub, accessories,4.0,36.39,West,Small Business,Bank Transfer
TX-11633,2024-05-25,CUST-0248,Noise-Cancelling Headphones,Electronics ,1.0,250.0,south,Small Business,Bank Transfer
TX-14612,2025-10-01,CUST-0064,USB-C Multi-Hub, accessories,2.0,39.99,West,Small Business,PayPal
TX-13925,2025-05-05,CUST-0400,Standing Desk,Office Supplies,1.0,450.0, North ,Consumer,Credit Card
TX-14158,2024-12-02,CUST-0025,Premium Tablet,Electronics ,4.0,600.0,East,Small Business,Bank Transfer
TX-10223,2024-08-24,CUST-0078,Premium Tablet,Electronics ,4.0,510.0,East,Consumer,Bank Transfer
TX-12193,2025-07-27,CUST-0029,Whiteboard,Office Supplies,2.0,67.99,south,Corporate,Cash
TX-13136,2024-01-22,CUST-0258,Wireless Mouse, accessories,4.0,41.99,south,Small Business,Cash
TX-11824,2025-04-02,CUST-0244,Standing Desk,Office Supplies,6.0,391.5,East,Corporate,Bank Transfer
TX-14627,2024-09-06,,Wireless Mouse, accessories,4.0,49.99, North ,Consumer,Bank Transfer
TX-10797,2024-02-05,CUST-0341,Premium Notebook,Office Supplies,4.0,15.5, North ,Corporate,Bank Transfer
TX-12871,2025-06-19,,Ergonomic Chair,Office Supplies,3.0,299.99,south,Consumer,Bank Transfer
TX-10009,2024-01-27,CUST-0346,Laptop Sleeve, accessories,1.0,29.99,East,Small Business,Bank Transfer
TX-11944,2024-08-25,CUST-0154,Smartwatch,Electronics ,2.0,166.0,East,Corporate,Bank Transfer
TX-11838,2025-07-19,CUST-0145,Ergonomic Chair,Office Supplies,4.0,299.99, North ,Small Business,Credit Card
TX-10255,2024-12-05,CUST-0221,Pro Laptop,Electronics ,3.0,1200.0,East,Corporate,Bank Transfer
TX-14534,2024-11-25,,Ergonomic Chair,Office Supplies,3.0,299.99,East,Consumer,Cash
TX-11581,2025-11-16,CUST-0114,Mechanical Keyboard, accessories,2.0,99.99, North ,Small Business,Bank Transfer
TX-12956,2024-12-01,CUST-0132,Noise-Cancelling Headphones,Electronics ,5.0,250.0, North ,Corporate,Bank Transfer
TX-10924,2025-06-09,CUST-0056,Desk Mat, accessories,4.0,25.0,south,Consumer,Credit Card
TX-14455,2024-01-01,CUST-0154,Wireless Mouse, accessories,5.0,49.99,East,Corporate,Cash
TX-12508,2025-01-18,CUST-0011,Smartwatch,Electronics ,4.0,200.0,West,Consumer,Cash
TX-13775,2024-08-23,CUST-0072,USB-C Multi-Hub, accessories,4.0,39.99, North ,Small Business,PayPal
TX-14136,2024-04-07,CUST-0154,4K Monitor,Electronics ,8.0,350.0,East,Corporate,PayPal
TX-12779,2025-08-07,CUST-0179,Mechanical Keyboard, accessories,10.0,99.99,West,Corporate,Credit Card
TX-10539,2025-08-13,CUST-0066,4K Monitor,Electronics ,4.0,350.0, North ,Small Business,Cash
TX-12745,2024-05-05,CUST-0139,Premium Notebook,Office Supplies,3.0,15.5,East,Consumer,PayPal
TX-14524,2024-12-30,CUST-0196,Premium Notebook,Office Supplies,4.0,15.5,West,Small Business,Bank Transfer
TX-14597,2025-02-17,CUST-0271,Premium Notebook,Office Supplies,4.0,14.57,West,Consumer,Cash
TX-11145,2025-12-06,CUST-0324,Smartwatch,Electronics ,3.0,166.0, North ,Small Business,Cash
TX-10667,2025-10-02,CUST-0378,4K Monitor,Electronics ,4.0,315.0, North ,Small Business,Cash
TX-13019,2025-10-24,CUST-0119,Wireless Mouse, accessories,1.0,49.99,south,Small Business,Credit Card
TX-10357,2024-10-28,CUST-0054,Noise-Cancelling Headphones,Electronics ,2.0,235.0,West,Small Business,Cash
TX-12831,2025-12-11,CUST-0110,Smartwatch,Electronics ,1.0,200.0, North ,Small Business,Credit Card
TX-12783,2025-08-17,CUST-0135,Ergonomic Chair,Office Supplies,3.0,299.99,West,Consumer,PayPal
TX-11353,2024-03-02,CUST-0344,Smartwatch,Electronics ,8.0,200.0,south,Corporate,PayPal
TX-10470,2025-03-10,CUST-0054,4K Monitor,Electronics ,4.0,350.0,West,Small Business,Credit Card
TX-12703,2025-03-08,CUST-0378,Mechanical Keyboard, accessories,1.0,80.99, North ,Small Business,Credit Card
TX-13330,2024-02-25,CUST-0299,Standing Desk,Office Supplies,8.0,450.0, North ,Corporate,Cash
TX-13637,2025-12-24,CUST-0305,Premium Tablet,Electronics ,4.0,600.0, North ,Consumer,Credit Card
TX-11396,2025-06-07,CUST-0028,Mechanical Keyboard, accessories,2.0,81.99, North ,Consumer,Cash
TX-13584,2024-01-30,CUST-0264,Whiteboard,Office Supplies,1.0,79.99,south,Small Business,Cash
TX-14512,2025-06-15,CUST-0387,Standing Desk,Office Supplies,7.0,450.0,south,Corporate,Bank Transfer
TX-13376,2024-05-01,CUST-0179,Ergonomic Chair,Office Supplies,,269.99,West,Corporate,PayPal
TX-11256,2024-04-30,CUST-0357,Mechanical Keyboard, accessories,8.0,99.99,East,Corporate,Credit Card
TX-13512,2024-04-01,CUST-0308,Pro Laptop,Electronics ,6.0,1200.0, North ,Corporate,Cash
TX-11250,2025-12-11,CUST-0309,USB-C Multi-Hub, accessories,4.0,39.99,West,Corporate,PayPal
TX-14836,2024-05-30,CUST-0351,Mechanical Keyboard, accessories,5.0,99.99,East,Corporate,Bank Transfer
TX-14298,2025-01-08,CUST-0147,4K Monitor,Electronics ,2.0,350.0, North ,Small Business,Bank Transfer
TX-13284,2024-06-14,CUST-0085,4K Monitor,Electronics ,1.0,350.0, North ,Consumer,Cash
TX-12933,2025-01-08,CUST-0391,Laptop Sleeve, accessories,4.0,29.99,West,Consumer,Bank Transfer
TX-14175,2025-11-30,CUST-0082,Standing Desk,Office Supplies,7.0,450.0,East,Corporate,Bank Transfer
TX-11852,2024-03-31,CUST-0395,Whiteboard,Office Supplies,1.0,79.99,East,Consumer,Bank Transfer
TX-14898,2024-09-05,CUST-0219,Smartwatch,Electronics ,3.0,200.0, North ,Small Business,Cash
TX-12105,2025-03-11,CUST-0129,USB-C Multi-Hub, accessories,2.0,39.99,West,Consumer,Cash
TX-10133,2025-10-27,CUST-0059,Premium Tablet,Electronics ,4.0,600.0,south,Small Business,Cash
TX-10928,2024-07-10,CUST-0109,Pro Laptop,Electronics ,3.0,1200.0,south,Consumer,Credit Card
TX-10823,2025-01-06,CUST-0072,Whiteboard,Office Supplies,3.0,79.99, North ,Small Business,PayPal
TX-14569,2025-11-25,CUST-0239,Desk Mat, accessories,2.0,25.0,south,Small Business,PayPal
TX-11531,2024-07-02,CUST-0077,Ergonomic Chair,Office Supplies,1.0,299.99,south,Consumer,Bank Transfer
TX-11214,2025-05-18,CUST-0156,Pro Laptop,Electronics ,2.0,1200.0,East,Corporate,PayPal
TX-10504,2025-08-10,CUST-0069,Laptop Sleeve, accessories,1.0,27.29,East,Consumer,PayPal
TX-14285,2025-09-08,CUST-0170,Whiteboard,Office Supplies,4.0,67.99,East,Consumer,Cash
TX-11996,2025-06-20,CUST-0209,4K Monitor,Electronics ,4.0,350.0,south,Consumer,PayPal
TX-13072,2025-08-17,CUST-0337,4K Monitor,Electronics ,1.0,283.5,West,Small Business,Bank Transfer
TX-11958,2025-08-02,CUST-0157,Noise-Cancelling Headphones,Electronics ,4.0,250.0,East,Consumer,Bank Transfer
TX-11384,2025-05-29,CUST-0341,Mechanical Keyboard, accessories,3.0,83.99, North ,Corporate,Bank Transfer
TX-10894,2025-05-21,CUST-0196,Smartwatch,Electronics ,2.0,200.0,West,Small Business,PayPal
TX-10455,2025-07-29,CUST-0115,Laptop Sleeve, accessories,4.0,29.99, North ,Consumer,PayPal
TX-14663,2025-03-28,CUST-0305,USB-C Multi-Hub, accessories,1.0,39.99, North ,Consumer,Cash
TX-13709,2024-06-25,CUST-0387,Premium Notebook,Office Supplies,10.0,15.5,south,Corporate,Credit Card
TX-14645,2025-01-08,CUST-0173,Mechanical Keyboard, accessories,3.0,99.99,East,Small Business,Bank Transfer
TX-14268,2025-11-16,CUST-0316,Laptop Sleeve, accessories,9.0,29.99, North ,Corporate,Credit Card
TX-13522,2025-06-17,CUST-0059,Wireless Mouse, accessories,3.0,42.49,south,Small Business,Credit Card
TX-14134,2025-02-02,CUST-0201,Whiteboard,Office Supplies,9.0,69.59,East,Corporate,Credit Card
TX-13602,2025-04-07,CUST-0250,Smartwatch,Electronics ,3.0,200.0,East,Consumer,Bank Transfer
TX-10713,2025-09-16,CUST-0046,Smartwatch,Electronics ,1.0,200.0,East,Consumer,Bank Transfer
TX-14186,2024-08-09,CUST-0119,Mechanical Keyboard, accessories,4.0,99.99,south,Small Business,Cash
TX-12214,2024-07-22,CUST-0104,Standing Desk,Office Supplies,3.0,450.0,south,Corporate,PayPal
TX-12923,2025-04-21,CUST-0257,Pro Laptop,Electronics ,2.0,1200.0,West,Small Business,Bank Transfer
TX-11810,2025-10-13,CUST-0079,Whiteboard,Office Supplies,3.0,67.99, North ,Small Business,PayPal
TX-13486,2024-11-24,CUST-0275,Noise-Cancelling Headphones,Electronics ,2.0,250.0,West,Small Business,Bank Transfer
TX-13141,2025-11-04,CUST-0336,Ergonomic Chair,Office Supplies,6.0,299.99, North ,Corporate,Cash
TX-11827,2025-01-25,CUST-0245,Pro Laptop,Electronics ,7.0,1200.0,West,Corporate,Cash
TX-11155,2024-06-01,CUST-0207,Pro Laptop,Electronics ,3.0,1200.0,West,Corporate,PayPal
TX-11324,2025-09-06,CUST-0082,USB-C Multi-Hub, accessories,3.0,39.99,East,Corporate,PayPal
TX-14312,2024-08-26,CUST-0135,USB-C Multi-Hub, accessories,4.0,39.99,West,Consumer,Credit Card
TX-10510,2025-09-06,CUST-0273,Wireless Mouse, accessories,1.0,49.99,East,Consumer,Cash
TX-11680,2025-04-24,CUST-0313,Mechanical Keyboard, accessories,3.0,99.99,West,Corporate,Cash
TX-10499,2024-08-16,CUST-0265,Premium Notebook,Office Supplies,3.0,15.5,West,Consumer,Cash
TX-14562,2025-11-05,CUST-0046,Gel Pens 12-Pack,Office Supplies,2.0,12.99,East,Consumer,Credit Card
TX-11856,2025-01-29,CUST-0215,Premium Tablet,Electronics ,3.0,600.0,East,Consumer,Cash
TX-11388,2025-03-02,CUST-0155,Ergonomic Chair,Office Supplies,3.0,299.99,south,Small Business,Cash
TX-13719,2024-02-18,CUST-0113,Smartwatch,Electronics ,3.0,200.0,West,Small Business,Bank Transfer
TX-12386,2025-03-29,CUST-0265,Premium Tablet,Electronics ,3.0,600.0,West,Consumer,PayPal
TX-13236,2025-03-26,CUST-0341,Gel Pens 12-Pack,Office Supplies,6.0,12.99, North ,Corporate,Cash
TX-11540,2025-04-28,CUST-0168,Whiteboard,Office Supplies,1.0,79.99,East,Small Business,PayPal
TX-11217,2025-11-01,CUST-0229,Pro Laptop,Electronics ,3.0,1200.0,East,Small Business,Bank Transfer
TX-12681,2024-08-02,CUST-0082,USB-C Multi-Hub, accessories,8.0,39.99,East,Corporate,PayPal
TX-12993,2025-01-15,CUST-0143,Pro Laptop,Electronics ,1.0,996.0, North ,Consumer,Cash
TX-11191,2025-01-17,CUST-0058,Standing Desk,Office Supplies,1.0,450.0, North ,Consumer,Bank Transfer
TX-11542,2024-11-20,CUST-0310,Premium Tablet,Electronics ,6.0,600.0,south,Corporate,PayPal
TX-13301,2024-09-26,CUST-0048,Whiteboard,Office Supplies,1.0,79.99,East,Consumer,Credit Card
TX-13324,2024-04-26,CUST-0389,Noise-Cancelling Headphones,Electronics ,3.0,250.0,East,Small Business,PayPal
TX-12539,12/30/2024,CUST-0300,4K Monitor,Electronics ,2.0,350.0,East,Small Business,PayPal
TX-10953,2025-04-30,CUST-0175,Whiteboard,Office Supplies,2.0,79.99,East,Consumer,Credit Card
TX-14330,2025-04-17,CUST-0012,Noise-Cancelling Headphones,Electronics ,3.0,250.0,West,Small Business,Cash
TX-10732,2025-12-13,CUST-0039,Desk Mat, accessories,3.0,25.0,south,Consumer,Cash
TX-11156,2024-11-05,CUST-0089,Desk Mat, accessories,3.0,25.0,south,Corporate,Cash
TX-13294,2025-03-07,CUST-0250,Whiteboard,Office Supplies,1.0,79.99,East,Consumer,Credit Card
TX-12982,2025-01-15,CUST-0398,Standing Desk,Office Supplies,2.0,450.0, North ,Corporate,Bank Transfer
TX-12156,2024-08-22,CUST-0370,USB-C Multi-Hub, accessories,7.0,39.99,south,Corporate,PayPal
TX-11062,2024-07-28,CUST-0033,Desk Mat, accessories,2.0,21.5,East,Consumer,Cash
TX-12616,2025-01-26,CUST-0097,4K Monitor,Electronics ,3.0,350.0, North ,Small Business,PayPal
TX-11167,2025-06-06,CUST-0108,Wireless Mouse, accessories,2.0,46.49,West,Corporate,PayPal
TX-13222,2025-02-20,CUST-0274,Ergonomic Chair,Office Supplies,2.0,299.99,East,Small Business,Bank Transfer
TX-13636,2024-03-21,CUST-0392,Whiteboard,Office Supplies,2.0,79.99, North ,Small Business,PayPal
TX-12938,2024-12-03,CUST-0069,4K Monitor,Electronics ,3.0,350.0,East,Consumer,Cash
TX-14491,2025-11-21,CUST-0274,Gel Pens 12-Pack,Office Supplies,4.0,12.99,East,Small Business,Cash
TX-13140,2024-10-09,CUST-0288,Noise-Cancelling Headphones,Electronics ,4.0,250.0,West,Corporate,Cash
TX-10143,2024-08-18,CUST-0266,Ergonomic Chair,Office Supplies,3.0,299.99,south,Consumer,PayPal
TX-13577,2025-11-24,CUST-0150,Ergonomic Chair,Office Supplies,6.0,299.99, North ,Corporate,Cash
TX-12782,2024-07-11,,Desk Mat, accessories,1.0,22.5, North ,Consumer,Cash
TX-10717,2024-05-09,CUST-0259,Noise-Cancelling Headphones,Electronics ,6.0,250.0,West,Corporate,PayPal
TX-11819,2025-01-30,CUST-0291,Mechanical Keyboard, accessories,3.0,99.99, North ,Small Business,PayPal
TX-12502,2025-09-20,CUST-0114,USB-C Multi-Hub, accessories,2.0,39.99, North ,Small Business,Bank Transfer
TX-14360,2025-08-22,CUST-0100,Ergonomic Chair,Office Supplies,1.0,299.99, North ,Small Business,Cash
TX-14171,2024-01-27,CUST-0002,Whiteboard,Office Supplies,2.0,79.99,East,Consumer,Cash
TX-10395,2025-09-06,CUST-0164,Mechanical Keyboard, accessories,1.0,99.99,East,Consumer,Cash
TX-14865,2024-08-21,CUST-0263,Smartwatch,Electronics ,4.0,200.0,West,Consumer,PayPal
TX-14492,2025-09-06,CUST-0100,Pro Laptop,Electronics ,4.0,1200.0, North ,Small Business,Bank Transfer
TX-11365,2024-08-13,CUST-0376,USB-C Multi-Hub, accessories,4.0,36.79,south,Consumer,PayPal
TX-14584,2024-10-10,CUST-0015,Standing Desk,Office Supplies,9.0,373.5,West,Corporate,PayPal
TX-10595,2025-12-26,CUST-0137,Wireless Mouse, accessories,1.0,45.99,south,Consumer,Bank Transfer
TX-13952,2024-03-20,CUST-0220,4K Monitor,Electronics ,9.0,350.0,West,Corporate,Credit Card
TX-12914,2024-04-11,CUST-0302,Whiteboard,Office Supplies,8.0,79.99,south,Corporate,Credit Card
TX-12326,2025-06-27,CUST-0333,Noise-Cancelling Headphones,Electronics ,3.0,250.0,south,Consumer,Bank Transfer
TX-13766,2025-12-25,CUST-0384,Premium Notebook,Office Supplies,6.0,15.5,south,Corporate,Credit Card
TX-13440,2024-03-16,CUST-0320,Premium Tablet,Electronics ,2.0,558.0,south,Consumer,PayPal
TX-13851,2024-04-10,,Mechanical Keyboard, accessories,3.0,99.99, North ,Corporate,Bank Transfer
TX-14132,2025-03-12,CUST-0314,Whiteboard,Office Supplies,9.0,73.59, North ,Corporate,Bank Transfer
TX-14617,2025-10-05,CUST-0286,Ergonomic Chair,Office Supplies,2.0,281.99,West,Corporate,Bank Transfer
TX-12143,2025-07-30,CUST-0063,Smartwatch,Electronics ,2.0,200.0,West,Small Business,Bank Transfer
TX-11571,2025-04-29,CUST-0125,Premium Notebook,Office Supplies,3.0,15.5, North ,Consumer,Cash
TX-14079,2025-04-18,CUST-0312,Pro Laptop,Electronics ,3.0,1140.0,West,Corporate,Cash
TX-11122,2024-07-15,CUST-0133,Gel Pens 12-Pack,Office Supplies,3.0,12.21,East,Corporate,PayPal
TX-12786,2024-04-26,CUST-0397,4K Monitor,Electronics ,2.0,350.0,West,Consumer,Cash
TX-12967,2025-05-22,CUST-0040,Smartwatch,Electronics ,10.0,200.0,West,Corporate,Credit Card
TX-12504,2024-02-04,CUST-0250,Laptop Sleeve, accessories,1.0,29.99,East,Consumer,Credit Card
TX-13465,2025-08-04,CUST-0358,USB-C Multi-Hub, accessories,7.0,39.99,East,Corporate,Credit Card
TX-10675,2024-11-11,CUST-0162,Wireless Mouse, accessories,3.0,40.99,East,Consumer,Cash
TX-12808,2025-10-12,CUST-0136,Noise-Cancelling Headphones,Electronics ,3.0,217.5,south,Corporate,Credit Card
TX-13348,2025-08-10,CUST-0068,Noise-Cancelling Headphones,Electronics ,4.0,250.0,East,Small Business,PayPal
TX-10728,2024-07-03,CUST-0161,Wireless Mouse, accessories,1.0,46.99,East,Consumer,Credit Card
TX-10412,2025-02-17,CUST-0010,Premium Tablet,Electronics ,2.0,600.0,south,Small Business,PayPal
TX-13146,2025-03-07,CUST-0249,Gel Pens 12-Pack,Office Supplies,4.0,11.69, North ,Corporate,Cash
TX-11516,2025-11-02,CUST-0220,Premium Tablet,Electronics ,8.0,600.0,West,Corporate,Bank Transfer
TX-10825,2024-11-10,CUST-0218,Wireless Mouse, accessories,1.0,49.99,East,Consumer,Credit Card
TX-13267,2025-05-04,CUST-0346,Mechanical Keyboard, accessories,3.0,99.99,East,Small Business,Bank Transfer
TX-13974,2025-12-21,CUST-0154,Gel Pens 12-Pack,Office Supplies,3.0,12.99,East,Corporate,Bank Transfer
TX-10616,2024-07-14,CUST-0305,Wireless Mouse, accessories,3.0,49.99, North ,Consumer,PayPal
TX-10114,2024-08-31,CUST-0025,Smartwatch,Electronics ,4.0,162.0,East,Small Business,Credit Card
TX-10417,2024-04-13,CUST-0139,Laptop Sleeve, accessories,2.0,29.99,East,Consumer,Cash
TX-13069,2025-12-11,CUST-0380,Smartwatch,Electronics ,1.0,200.0,south,Small Business,Cash
TX-11625,2024-02-01,CUST-0106,Desk Mat, accessories,4.0,25.0,south,Small Business,PayPal
TX-14980,2025-06-28,CUST-0268,Premium Notebook,Office Supplies,3.0,15.5,West,Small Business,PayPal
TX-14185,2025-12-23,CUST-0004,Gel Pens 12-Pack,Office Supplies,4.0,12.99,,Small Business,Bank Transfer
TX-12896,2025-03-28,CUST-0262,Whiteboard,Office Supplies,3.0,79.99,,Consumer,Cash
TX-14698,2024-12-12,,Premium Tablet,Electronics ,4.0,600.0, North ,Small Business,Cash
TX-12082,2025-12-18,CUST-0323,Smartwatch,Electronics ,5.0,162.0,south,Corporate,PayPal
TX-10753,2024-08-06,CUST-0392,4K Monitor,Electronics ,2.0,318.5, North ,Small Business,Bank Transfer
TX-12546,2025-02-07,CUST-0079,4K Monitor,Electronics ,4.0,350.0, North ,Small Business,Bank Transfer
TX-13969,2024-08-16,CUST-0112,Whiteboard,Office Supplies,10.0,79.99,West,Corporate,Bank Transfer
TX-13373,2025-12-14,CUST-0224,Whiteboard,Office Supplies,3.0,79.99, North ,Small Business,Cash
TX-14107,2025-06-27,CUST-0246,Wireless Mouse, accessories,2.0,49.99,south,Small Business,Bank Transfer
TX-12444,2025-03-22,CUST-0343,Gel Pens 12-Pack,Office Supplies,3.0,10.52,West,Small Business,Credit Card
TX-14380,2024-01-03,CUST-0250,Laptop Sleeve, accessories,1.0,29.99,East,Consumer,Credit Card
TX-11066,2025-01-12,CUST-0088,Gel Pens 12-Pack,Office Supplies,,12.99,West,Small Business,PayPal
TX-13913,2025-01-23,CUST-0371,Laptop Sleeve, accessories,4.0,26.09,East,Corporate,Cash
TX-13498,2024-01-09,CUST-0227,Premium Tablet,Electronics ,1.0,600.0,West,Consumer,Credit Card
TX-12738,2024-04-18,CUST-0284,Gel Pens 12-Pack,Office Supplies,2.0,10.52,south,Small Business,Credit Card
TX-14000,2025-03-08,CUST-0259,4K Monitor,Electronics ,2.0,283.5,West,Corporate,Credit Card
TX-11568,2024-04-17,CUST-0323,Ergonomic Chair,Office Supplies,4.0,299.99,south,Corporate,Cash
TX-12427,2025-07-19,CUST-0329,USB-C Multi-Hub, accessories,2.0,35.19,East,Consumer,Credit Card
TX-13746,2024-05-11,CUST-0168,USB-C Multi-Hub, accessories,3.0,32.79,East,Small Business,Credit Card
TX-14666,2025-03-23,CUST-0335,Premium Tablet,Electronics ,3.0,600.0, North ,Small Business,Credit Card
TX-11687,2025-07-07,CUST-0179,Noise-Cancelling Headphones,Electronics ,7.0,250.0,West,Corporate,PayPal
TX-10851,2024-10-18,CUST-0015,Wireless Mouse, accessories,4.0,49.99,West,Corporate,Bank Transfer
TX-13546,2024-11-11,CUST-0021,Noise-Cancelling Headphones,Electronics ,1.0,250.0,East,Consumer,Credit Card
TX-10895,2024-10-16,CUST-0097,Standing Desk,Office Supplies,4.0,360.0, North ,Small Business,PayPal
TX-14592,2025-06-30,CUST-0057,Laptop Sleeve, accessories,3.0,29.99,West,Consumer,Credit Card
TX-10335,2024-06-25,CUST-0182,Premium Tablet,Electronics ,3.0,600.0,East,Consumer,Bank Transfer
TX-12839,2024-06-24,CUST-0083,Pro Laptop,Electronics ,2.0,1200.0,south,Consumer,Cash
TX-13087,2025-12-22,CUST-0193,Desk Mat, accessories,1.0,25.0,south,Small Business,PayPal
TX-14611,2025-10-02,CUST-0191,Ergonomic Chair,Office Supplies,7.0,299.99,East,Corporate,PayPal
TX-11348,2024-03-17,CUST-0353,Desk Mat, accessories,6.0,25.0,West,Corporate,PayPal
TX-11015,2025-04-22,CUST-0254,Whiteboard,Office Supplies,1.0,64.79, North ,Consumer,PayPal
TX-12816,2024-07-20,,Laptop Sleeve, accessories,1.0,29.99,East,Consumer,Credit Card
TX-11631,2025-06-07,CUST-0226,Ergonomic Chair,Office Supplies,3.0,299.99,south,Corporate,PayPal
TX-12489,2024-04-12,CUST-0237,Desk Mat, accessories,1.0,20.75,West,Small Business,Credit Card
TX-13730,2024-12-07,CUST-0126,Standing Desk,Office Supplies,2.0,450.0, North ,Consumer,PayPal
TX-13251,2025-03-06,CUST-0255,Premium Notebook,Office Supplies,5.0,15.5,south,Corporate,Credit Card
TX-14661,2024-10-11,CUST-0158,Ergonomic Chair,Office Supplies,6.0,299.99, North ,Corporate,Cash
TX-12070,2025-07-20,CUST-0372,Ergonomic Chair,Office Supplies,2.0,299.99,East,Corporate,Bank Transfer
TX-14452,2025-06-25,CUST-0208,USB-C Multi-Hub, accessories,2.0,37.19,East,Consumer,Credit Card
TX-14912,2024-12-18,CUST-0071,Ergonomic Chair,Office Supplies,9.0,299.99,south,Corporate,Cash
TX-11635,2025-03-31,CUST-0170,Premium Notebook,Office Supplies,3.0,15.5,East,Consumer,Credit Card
TX-12479,2024-06-06,CUST-0181,Laptop Sleeve, accessories,4.0,29.99,East,Consumer,PayPal
TX-12265,2025-09-22,CUST-0271,4K Monitor,Electronics ,4.0,350.0,West,Consumer,Credit Card
TX-12959,2025-06-23,CUST-0133,Premium Tablet,Electronics ,,600.0,East,Corporate,PayPal
TX-14760,2025-08-30,CUST-0319,Noise-Cancelling Headphones,Electronics ,3.0,202.5, North ,Consumer,PayPal
TX-13059,2025-07-28,CUST-0217,Wireless Mouse, accessories,4.0,44.49,south,Small Business,Cash
TX-12141,2024-02-15,CUST-0307,Pro Laptop,Electronics ,,1200.0,West,Consumer,PayPal
TX-13118,2025-09-28,CUST-0299,Wireless Mouse, accessories,5.0,43.99, North ,Corporate,Cash
TX-14753,2024-09-10,CUST-0258,Wireless Mouse, accessories,1.0,49.99,south,Small Business,Bank Transfer
TX-14045,2024-04-23,CUST-0288,Wireless Mouse, accessories,6.0,49.99,West,Corporate,Credit Card
TX-13356,2025-09-06,CUST-0054,Ergonomic Chair,Office Supplies,2.0,299.99,West,Small Business,Bank Transfer
TX-12744,2024-02-05,CUST-0016,Premium Tablet,Electronics ,4.0,600.0,East,Consumer,Bank Transfer
TX-13506,2025-12-12,CUST-0297,Noise-Cancelling Headphones,Electronics ,5.0,250.0,south,Corporate,Credit Card
TX-11679,2025-10-11,CUST-0286,4K Monitor,Electronics ,4.0,350.0,West,Corporate,Credit Card
TX-14249,2025-05-30,CUST-0266,Laptop Sleeve, accessories,4.0,29.99,south,Consumer,Cash
TX-13147,2025-08-13,CUST-0193,Noise-Cancelling Headphones,Electronics ,2.0,222.5,south,Small Business,Credit Card
TX-12294,2025-05-15,CUST-0372,Desk Mat, accessories,9.0,22.25,East,Corporate,PayPal
TX-10580,2025-12-08,CUST-0306,Noise-Cancelling Headphones,Electronics ,1.0,235.0,West,Consumer,PayPal
TX-11470,2024-08-23,CUST-0292,4K Monitor,Electronics ,5.0,350.0,West,Corporate,Cash
TX-14070,2024-08-27,CUST-0185,Pro Laptop,Electronics ,1.0,1200.0, North ,Consumer,Bank Transfer
TX-13343,2025-04-26,CUST-0122,Laptop Sleeve, accessories,10.0,29.99,East,Corporate,Credit Card
TX-14583,2024-09-10,CUST-0209,Desk Mat, accessories,3.0,25.0,south,Consumer,Credit Card
TX-13672,2024-10-30,CUST-0284,Standing Desk,Office Supplies,1.0,450.0,south,Small Business,PayPal
TX-10559,2024-03-26,CUST-0054,Whiteboard,Office Supplies,2.0,79.99,West,Small Business,Credit Card
TX-12849,2024-05-13,CUST-0241,Ergonomic Chair,Office Supplies,9.0,299.99, North ,Corporate,Bank Transfer
TX-10512,2025-12-15,CUST-0118,Gel Pens 12-Pack,Office Supplies,3.0,12.99,south,Consumer,Credit Card
TX-11081,07/01/2025,CUST-0380,Standing Desk,Office Supplies,1.0,450.0,south,Small Business,Credit Card
TX-11664,2024-11-09,CUST-0382,Gel Pens 12-Pack,Office Supplies,3.0,12.99,East,Consumer,Cash
TX-11012,2024-03-07,CUST-0066,Whiteboard,Office Supplies,2.0,67.99, North ,Small Business,Bank Transfer
TX-11931,04/07/2024,CUST-0066,Wireless Mouse, accessories,4.0,49.99, North ,Small Business,Credit Card
TX-11150,2025-08-17,CUST-0028,USB-C Multi-Hub, accessories,4.0,39.99, North ,Consumer,PayPal
TX-12838,2024-08-09,CUST-0316,Ergonomic Chair,Office Supplies,5.0,299.99,,Corporate,Credit Card
TX-10116,2024-01-02,CUST-0315,Standing Desk,Office Supplies,4.0,450.0, North ,Small Business,PayPal
TX-10740,2024-03-12,CUST-0277,Pro Laptop,Electronics ,4.0,1044.0,West,Consumer,Cash
TX-14835,2025-04-11,CUST-0293,Standing Desk,Office Supplies,2.0,450.0, North ,Corporate,Cash
TX-13675,2025-03-02,CUST-0005,Laptop Sleeve, accessories,3.0,29.99, North ,Small Business,Credit Card
TX-10830,2024-03-10,CUST-0297,4K Monitor,Electronics ,5.0,350.0,south,Corporate,PayPal
TX-10119,2024-12-19,CUST-0322,4K Monitor,Electronics ,3.0,304.5,south,Consumer,PayPal
TX-14808,2024-11-22,CUST-0240,Wireless Mouse, accessories,7.0,49.99,East,Corporate,Credit Card
TX-14767,2024-09-13,CUST-0200,Mechanical Keyboard, accessories,2.0,99.99,south,Small Business,PayPal
TX-10635,2025-02-27,CUST-0211,Gel Pens 12-Pack,Office Supplies,6.0,12.99,East,Corporate,PayPal
TX-14465,2025-10-02,CUST-0192,Noise-Cancelling Headphones,Electronics ,7.0,250.0, North ,Corporate,Credit Card
TX-14364,2025-08-07,CUST-0170,Laptop Sleeve, accessories,3.0,29.99,East,Consumer,Credit Card
TX-14142,2024-06-27,CUST-0175,Mechanical Keyboard, accessories,3.0,99.99,East,Consumer,Credit Card
TX-10991,2024-06-06,CUST-0158,Standing Desk,Office Supplies,2.0,378.0, North ,Corporate,Bank Transfer
TX-10876,2024-10-08,CUST-0131,Wireless Mouse, accessories,9.0,49.99,south,Corporate,Bank Transfer
TX-10004,2025-07-19,CUST-0002,Gel Pens 12-Pack,Office Supplies,4.0,11.82,East,Consumer,Bank Transfer
TX-13051,2024-09-08,CUST-0203,Gel Pens 12-Pack,Office Supplies,2.0,12.99,south,Small Business,Credit Card
TX-13124,06/19/2024,CUST-0276,USB-C Multi-Hub, accessories,3.0,39.99,south,Corporate,Bank Transfer
TX-12660,2024-05-14,CUST-0024,4K Monitor,Electronics ,3.0,280.0, North ,Small Business,Cash
TX-12491,2025-02-19,CUST-0368,USB-C Multi-Hub, accessories,2.0,39.99,East,Consumer,Bank Transfer
TX-13854,2025-11-20,CUST-0361,Laptop Sleeve, accessories,4.0,29.99,south,Consumer,Credit Card
TX-11715,2024-07-09,CUST-0131,Gel Pens 12-Pack,Office Supplies,10.0,12.99,south,Corporate,Cash
TX-11148,11/25/2025,CUST-0179,Gel Pens 12-Pack,Office Supplies,3.0,12.99,West,Corporate,Bank Transfer
TX-13261,2024-05-30,CUST-0302,Mechanical Keyboard, accessories,8.0,99.99,south,Corporate,PayPal
TX-10574,2024-05-29,CUST-0029,Gel Pens 12-Pack,Office Supplies,3.0,10.65,south,Corporate,Cash
TX-13769,2025-01-26,CUST-0195,Laptop Sleeve, accessories,,25.19, North ,Corporate,Credit Card
TX-13736,2024-10-10,CUST-0040,Premium Notebook,Office Supplies,9.0,15.5,West,Corporate,Cash
TX-14146,2025-01-02,CUST-0274,Wireless Mouse, accessories,4.0,49.99,East,Small Business,Credit Card
TX-10853,2024-12-31,CUST-0029,Mechanical Keyboard, accessories,5.0,99.99,south,Corporate,PayPal
TX-11982,2024-08-22,CUST-0138,Premium Notebook,Office Supplies,4.0,12.71, North ,Small Business,PayPal
TX-12774,2024-12-15,CUST-0015,Wireless Mouse, accessories,3.0,49.99,West,Corporate,Credit Card
TX-11166,2024-10-27,CUST-0296,Premium Notebook,Office Supplies,10.0,15.5,south,Corporate,Bank Transfer
TX-10971,2025-04-01,CUST-0040,Whiteboard,Office Supplies,8.0,79.99,West,Corporate,Cash
TX-12701,2025-09-21,CUST-0390,Whiteboard,Office Supplies,3.0,79.99,south,Small Business,Credit Card
TX-14495,2025-01-31,CUST-0071,Laptop Sleeve, accessories,8.0,27.59,south,Corporate,Cash
TX-13847,2025-01-16,CUST-0366,Ergonomic Chair,Office Supplies,3.0,257.99,West,Corporate,Cash
TX-12368,2025-05-21,CUST-0283,Mechanical Keyboard, accessories,2.0,99.99,West,Small Business,Cash
TX-14115,2025-06-24,CUST-0218,Noise-Cancelling Headphones,Electronics ,4.0,250.0,East,Consumer,Cash
TX-14131,2024-04-24,CUST-0213,Desk Mat, accessories,2.0,25.0,East,Small Business,Credit Card
TX-12950,2025-12-24,CUST-0107,Laptop Sleeve, accessories,4.0,29.99,West,Consumer,Cash
TX-10524,2025-11-03,CUST-0266,Standing Desk,Office Supplies,1.0,450.0,south,Consumer,PayPal
TX-12455,2025-07-20,CUST-0390,USB-C Multi-Hub, accessories,2.0,39.99,,Small Business,Credit Card
TX-11841,2024-12-15,CUST-0080,Desk Mat, accessories,7.0,25.0,East,Corporate,Credit Card
TX-10537,2025-11-23,CUST-0004,Wireless Mouse, accessories,-2.0,49.99, North ,Small Business,Bank Transfer
TX-12806,2024-09-19,CUST-0036,Desk Mat, accessories,,25.0,East,Small Business,Credit Card
TX-14341,2025-05-15,CUST-0101,Whiteboard,Office Supplies,2.0,79.99, North ,Consumer,PayPal
TX-13175,2024-09-05,CUST-0382,Desk Mat, accessories,4.0,25.0,East,Consumer,Credit Card
TX-10784,2025-10-26,CUST-0298,Mechanical Keyboard, accessories,5.0,99.99,West,Corporate,Bank Transfer
TX-14057,2025-07-23,CUST-0024,Gel Pens 12-Pack,Office Supplies,4.0,10.65, North ,Small Business,PayPal
TX-11409,2024-05-23,CUST-0143,USB-C Multi-Hub, accessories,4.0,39.99, North ,Consumer,Credit Card
TX-12537,2024-05-13,CUST-0258,Smartwatch,Electronics ,3.0,200.0,south,Small Business,Credit Card
TX-10154,2025-04-13,CUST-0111,USB-C Multi-Hub, accessories,2.0,39.99,West,Corporate,Credit Card
TX-13009,2025-07-08,CUST-0088,Gel Pens 12-Pack,Office Supplies,4.0,12.99,West,Small Business,PayPal
TX-11686,2024-07-30,CUST-0158,Pro Laptop,Electronics ,2.0,1200.0, North ,Corporate,Credit Card
TX-12901,10/14/2025,CUST-0130,USB-C Multi-Hub, accessories,2.0,39.99,West,Consumer,Bank Transfer
TX-14979,2025-06-04,CUST-0135,Wireless Mouse, accessories,4.0,49.99,West,Consumer,Bank Transfer
TX-14721,2025-10-06,CUST-0182,Noise-Cancelling Headphones,Electronics ,2.0,250.0,East,Consumer,Bank Transfer
TX-13863,2025-06-19,CUST-0200,Whiteboard,Office Supplies,1.0,79.99,south,Small Business,Credit Card
TX-12733,2024-06-24,CUST-0061,Premium Tablet,Electronics ,4.0,600.0,West,Small Business,PayPal
TX-11895,2024-02-25,CUST-0118,USB-C Multi-Hub, accessories,2.0,39.99,south,Consumer,Credit Card
TX-10569,2025-06-13,CUST-0392,USB-C Multi-Hub, accessories,3.0,39.99, North ,Small Business,Bank Transfer
TX-11816,2025-02-22,CUST-0158,Smartwatch,Electronics ,4.0,170.0, North ,Corporate,Cash
TX-12065,2025-03-18,CUST-0054,Desk Mat, accessories,2.0,21.25,West,Small Business,PayPal
TX-10127,2024-10-29,CUST-0309,Desk Mat, accessories,4.0,25.0,West,Corporate,Cash
TX-13394,2025-07-21,CUST-0138,Whiteboard,Office Supplies,1.0,79.99, North ,Small Business,PayPal
TX-13327,2025-02-25,CUST-0348,Premium Notebook,Office Supplies,2.0,15.5,West,Small Business,PayPal
TX-11073,2025-03-18,CUST-0235,Standing Desk,Office Supplies,1.0,450.0,East,Small Business,Cash
TX-12975,2025-05-20,CUST-0093,Wireless Mouse, accessories,4.0,49.99,East,Corporate,Credit Card
TX-10980,2025-01-21,CUST-0244,Laptop Sleeve, accessories,4.0,29.99,East,Corporate,PayPal
TX-12300,2024-04-10,CUST-0069,Gel Pens 12-Pack,Office Supplies,1.0,10.65,East,Consumer,PayPal
TX-10190,2025-07-16,CUST-0242,Mechanical Keyboard, accessories,2.0,99.99,East,Consumer,Credit Card
TX-11139,2025-01-21,CUST-0368,Desk Mat, accessories,4.0,25.0,East,Consumer,PayPal
TX-10699,2025-08-17,CUST-0326,Premium Tablet,Electronics ,4.0,600.0,East,Corporate,Cash
TX-14809,2025-11-02,CUST-0371,Laptop Sleeve, accessories,6.0,29.99,East,Corporate,Bank Transfer
TX-10606,2025-05-09,CUST-0089,Whiteboard,Office Supplies,3.0,66.39,south,Corporate,Bank Transfer
TX-14276,02/07/2024,CUST-0029,Premium Notebook,Office Supplies,5.0,15.5,south,Corporate,Bank Transfer
TX-10301,2024-03-13,CUST-0271,Noise-Cancelling Headphones,Electronics ,3.0,250.0,West,Consumer,PayPal
TX-13420,2024-09-01,CUST-0110,Premium Tablet,Electronics ,3.0,600.0,,Small Business,Bank Transfer
TX-14849,2025-06-12,,Gel Pens 12-Pack,Office Supplies,1.0,12.99,East,Consumer,PayPal
TX-11060,2025-12-03,CUST-0391,Laptop Sleeve, accessories,3.0,29.99,West,Consumer,Bank Transfer
TX-12565,2025-01-15,CUST-0295,Gel Pens 12-Pack,Office Supplies,3.0,10.65,West,Small Business,Cash
TX-14767,2024-09-13,CUST-0200,Mechanical Keyboard, accessories,2.0,99.99,south,Small Business,PayPal
TX-11069,2025-05-29,CUST-0367,Desk Mat, accessories,3.0,23.25, North ,Consumer,PayPal
TX-12524,2025-03-20,CUST-0055,4K Monitor,Electronics ,8.0,350.0,West,Corporate,PayPal
TX-12205,2025-01-31,CUST-0258,Pro Laptop,Electronics ,1.0,1200.0,south,Small Business,PayPal
TX-11243,2024-08-17,CUST-0145,Ergonomic Chair,Office Supplies,3.0,299.99, North ,Small Business,Credit Card
TX-10016,2024-05-14,CUST-0148,Gel Pens 12-Pack,Office Supplies,1.0,12.99,south,Small Business,Credit Card
TX-13120,2025-09-15,CUST-0001,Gel Pens 12-Pack,Office Supplies,4.0,12.99, North ,Consumer,Credit Card
TX-14642,2024-01-22,CUST-0193,Ergonomic Chair,Office Supplies,2.0,299.99,south,Small Business,PayPal
TX-14754,2024-02-02,CUST-0301,Smartwatch,Electronics ,2.0,200.0,West,Small Business,Credit Card
TX-10815,2025-10-05,CUST-0062,Whiteboard,Office Supplies,2.0,75.19, North ,Corporate,Bank Transfer
TX-13067,2025-07-05,CUST-0002,Premium Notebook,Office Supplies,2.0,15.5,East,Consumer,Bank Transfer
TX-14813,2024-10-11,CUST-0084,Whiteboard,Office Supplies,3.0,66.39,south,Small Business,Bank Transfer
TX-10959,2025-11-28,CUST-0156,USB-C Multi-Hub, accessories,7.0,39.99,East,Corporate,Credit Card
TX-10225,2025-02-25,CUST-0007,4K Monitor,Electronics ,3.0,290.5, North ,Consumer,Bank Transfer
TX-13354,2025-01-27,CUST-0368,Whiteboard,Office Supplies,4.0,79.99,East,Consumer,Credit Card
TX-12485,2024-12-04,CUST-0229,Premium Notebook,Office Supplies,1.0,15.5,East,Small Business,Cash
TX-10562,2024-11-29,CUST-0240,USB-C Multi-Hub, accessories,10.0,32.39,East,Corporate,Cash
TX-13436,2024-05-01,,Premium Notebook,Office Supplies,2.0,15.5, North ,Small Business,Credit Card
TX-11693,2024-08-03,CUST-0260,Gel Pens 12-Pack,Office Supplies,3.0,12.99,West,Consumer,Credit Card
TX-11045,08/18/2025,CUST-0206,Laptop Sleeve, accessories,1.0,29.99,south,Consumer,PayPal
TX-13446,2024-09-08,CUST-0276,Mechanical Keyboard, accessories,5.0,99.99,south,Corporate,Credit Card
TX-14565,2024-07-17,CUST-0235,Smartwatch,Electronics ,3.0,200.0,East,Small Business,PayPal
TX-10954,2025-02-28,CUST-0185,Mechanical Keyboard, accessories,2.0,99.99, North ,Consumer,Cash
TX-13543,2025-12-28,,Ergonomic Chair,Office Supplies,8.0,299.99, North ,Corporate,Bank Transfer
TX-12735,2024-07-02,CUST-0139,USB-C Multi-Hub, accessories,3.0,39.99,East,Consumer,Credit Card
TX-14933,2024-08-19,CUST-0334,USB-C Multi-Hub, accessories,3.0,39.99,East,Small Business,Credit Card
TX-14735,2025-03-10,CUST-0240,USB-C Multi-Hub, accessories,10.0,39.99,East,Corporate,Cash
TX-14852,2024-09-30,CUST-0145,Smartwatch,Electronics ,4.0,200.0, North ,Small Business,Cash
TX-11218,2024-07-25,CUST-0274,Mechanical Keyboard, accessories,1.0,86.99,East,Small Business,PayPal
TX-11527,2025-03-04,CUST-0205,Noise-Cancelling Headphones,Electronics ,3.0,250.0, North ,Corporate,Cash
TX-13987,2025-12-26,CUST-0167,Desk Mat, accessories,1.0,25.0, North ,Small Business,Bank Transfer
TX-11300,2024-08-02,CUST-0098,Laptop Sleeve, accessories,1.0,29.99,south,Small Business,Bank Transfer
TX-14921,2024-06-25,CUST-0015,Desk Mat, accessories,3.0,25.0,West,Corporate,PayPal
TX-10160,2025-05-27,CUST-0021,Pro Laptop,Electronics ,2.0,1200.0,East,Consumer,Bank Transfer
TX-14067,2024-12-31,CUST-0304,Gel Pens 12-Pack,Office Supplies,6.0,12.99,,Corporate,PayPal
TX-10956,2025-03-29,CUST-0006,Laptop Sleeve, accessories,1.0,29.99,West,Consumer,Credit Card
TX-13791,2025-07-27,CUST-0368,USB-C Multi-Hub, accessories,3.0,39.99,East,Consumer,Credit Card
TX-13234,2024-02-15,CUST-0120,Noise-Cancelling Headphones,Electronics ,2.0,250.0,West,Consumer,Bank Transfer
TX-12869,2024-09-21,CUST-0021,Pro Laptop,Electronics ,3.0,1200.0,East,Consumer,PayPal
TX-13777,2025-10-22,CUST-0137,USB-C Multi-Hub, accessories,4.0,39.99,south,Consumer,PayPal
TX-14433,2025-11-09,CUST-0241,4K Monitor,Electronics ,9.0,325.5, North ,Corporate,PayPal
TX-12961,2024-06-28,CUST-0330,Smartwatch,Electronics ,3.0,200.0, North ,Corporate,Credit Card
TX-12200,2024-03-15,,4K Monitor,Electronics ,9.0,290.5,West,Corporate,Cash
TX-10098,2024-12-24,CUST-0336,Desk Mat, accessories,4.0,25.0, North ,Corporate,Credit Card
TX-12557,02/05/2024,CUST-0354,Pro Laptop,Electronics ,3.0,1200.0, North ,Corporate,Bank Transfer
TX-13183,2024-08-21,CUST-0390,4K Monitor,Electronics ,3.0,283.5,south,Small Business,Bank Transfer
TX-10253,2025-01-03,CUST-0360,Laptop Sleeve, accessories,1.0,29.99, North ,Small Business,Credit Card
TX-13923,2025-09-05,CUST-0157,Premium Tablet,Electronics ,3.0,600.0,East,Consumer,PayPal
TX-14199,2024-05-28,CUST-0032,Standing Desk,Office Supplies,4.0,450.0,East,Corporate,PayPal
TX-11445,2025-01-28,CUST-0254,Smartwatch,Electronics ,4.0,184.0, North ,Consumer,Cash
TX-11648,2024-09-10,,Standing Desk,Office Supplies,2.0,450.0, North ,Consumer,PayPal
TX-14682,2024-04-13,CUST-0163,USB-C Multi-Hub, accessories,2.0,39.99,south,Corporate,Credit Card
TX-14723,2025-07-04,CUST-0332,Gel Pens 12-Pack,Office Supplies,,12.99,south,Consumer,PayPal
TX-13991,2024-03-18,CUST-0301,Premium Tablet,Electronics ,3.0,600.0,West,Small Business,Credit Card
TX-11696,2025-02-03,CUST-0242,Noise-Cancelling Headphones,Electronics ,3.0,227.5,East,Consumer,Credit Card
TX-13191,2025-02-15,CUST-0374,Ergonomic Chair,Office Supplies,9.0,299.99,West,Corporate,Credit Card
TX-14499,2024-05-31,CUST-0166,Noise-Cancelling Headphones,Electronics ,2.0,250.0,East,Small Business,PayPal
TX-11154,2025-04-30,CUST-0092,Pro Laptop,Electronics ,10.0,1200.0,East,Corporate,Bank Transfer
TX-12255,2025-05-31,CUST-0364,Premium Notebook,Office Supplies,3.0,15.5,south,Small Business,Credit Card
TX-11682,2025-04-09,CUST-0271,Desk Mat, accessories,1.0,25.0,West,Consumer,Cash
TX-13170,2025-12-12,CUST-0240,Wireless Mouse, accessories,7.0,40.49,East,Corporate,Cash
TX-12056,2024-07-24,CUST-0008,Desk Mat, accessories,1.0,25.0,south,Consumer,Bank Transfer
TX-14090,2024-11-06,CUST-0193,Laptop Sleeve, accessories,1.0,29.99,south,Small Business,Cash
TX-13108,2025-11-14,CUST-0070,Ergonomic Chair,Office Supplies,7.0,275.99,East,Corporate,PayPal
TX-14548,2024-08-28,CUST-0240,Wireless Mouse, accessories,9.0,49.99,East,Corporate,Credit Card
TX-13723,2024-10-19,CUST-0071,USB-C Multi-Hub, accessories,5.0,39.99,south,Corporate,Cash
TX-12049,02/21/2025,CUST-0302,Wireless Mouse, accessories,9.0,49.99,south,Corporate,Cash
TX-13643,2025-04-04,CUST-0320,Wireless Mouse, accessories,3.0,49.99,south,Consumer,PayPal
TX-14957,2024-03-25,CUST-0339,Desk Mat, accessories,2.0,25.0,East,Consumer,Cash
TX-10623,2025-09-24,,Smartwatch,Electronics ,1.0,200.0,East,Consumer,Credit Card
TX-10262,2025-03-12,CUST-0237,Smartwatch,Electronics ,2.0,200.0,West,Small Business,PayPal
TX-13369,2024-04-11,CUST-0360,Smartwatch,Electronics ,1.0,200.0, North ,Small Business,PayPal
TX-14061,2025-10-13,CUST-0266,USB-C Multi-Hub, accessories,3.0,39.99,south,Consumer,Credit Card
TX-11802,2024-06-05,CUST-0175,Standing Desk,Office Supplies,3.0,450.0,East,Consumer,Cash
TX-14736,2024-07-12,CUST-0186,Wireless Mouse, accessories,2.0,49.99, North ,Small Business,Credit Card
TX-11117,2024-04-01,CUST-0056,Laptop Sleeve, accessories,3.0,29.99,south,Consumer,PayPal
TX-12385,2024-01-03,CUST-0206,Whiteboard,Office Supplies,2.0,79.99,south,Consumer,Credit Card
TX-11959,2025-03-10,CUST-0343,Mechanical Keyboard, accessories,2.0,84.99,West,Small Business,Bank Transfer
TX-12976,2024-08-15,CUST-0179,Wireless Mouse, accessories,6.0,41.49,West,Corporate,Cash
TX-10488,2024-05-23,CUST-0276,Noise-Cancelling Headphones,Electronics ,3.0,250.0,south,Corporate,Credit Card
TX-11843,2024-01-04,CUST-0222,Mechanical Keyboard, accessories,5.0,99.99, North ,Corporate,Credit Card
TX-11734,2025-10-15,CUST-0371,USB-C Multi-Hub, accessories,6.0,39.99,East,Corporate,Bank Transfer
TX-12911,2025-06-01,CUST-0030,Premium Tablet,Electronics ,1.0,528.0, North ,Consumer,PayPal
TX-13219,2024-05-15,CUST-0150,Wireless Mouse, accessories,7.0,49.99, North ,Corporate,Credit Card
TX-10146,2024-01-30,CUST-0042,4K Monitor,Electronics ,3.0,350.0,south,Small Business,PayPal
TX-11986,07/09/2024,CUST-0118,Premium Notebook,Office Supplies,2.0,15.5,south,Consumer,Credit Card
TX-11369,2025-03-14,,Premium Tablet,Electronics ,6.0,504.0,south,Corporate,Credit Card
TX-12811,2025-06-25,CUST-0387,Mechanical Keyboard, accessories,7.0,99.99,south,Corporate,PayPal
TX-10659,2024-02-20,CUST-0056,Standing Desk,Office Supplies,2.0,450.0,south,Consumer,Bank Transfer
TX-11794,2024-05-11,CUST-0115,Pro Laptop,Electronics ,1.0,1200.0, North ,Consumer,PayPal
TX-12511,2025-04-15,CUST-0276,Standing Desk,Office Supplies,2.0,450.0,south,Corporate,PayPal
TX-13397,2025-03-23,CUST-0328,USB-C Multi-Hub, accessories,4.0,39.99, North ,Consumer,Credit Card
TX-14282,2024-10-19,CUST-0120,Desk Mat, accessories,3.0,25.0,West,Consumer,Cash
TX-11147,2025-02-05,CUST-0154,Mechanical Keyboard, accessories,2.0,99.99,East,Corporate,Cash
TX-13272,2025-03-24,CUST-0231,Desk Mat, accessories,1.0,25.0,East,Small Business,PayPal
TX-10608,2024-05-03,CUST-0395,4K Monitor,Electronics ,1.0,304.5,East,Consumer,Cash
TX-13582,2024-05-23,CUST-0045,USB-C Multi-Hub, accessories,9.0,39.99,East,Corporate,Bank Transfer
TX-11930,2024-12-11,CUST-0018,Premium Notebook,Office Supplies,4.0,15.5, North ,Consumer,PayPal
TX-10197,2024-07-03,CUST-0394,Smartwatch,Electronics ,7.0,200.0,West,Corporate,Cash
TX-12931,10/26/2024,CUST-0006,Ergonomic Chair,Office Supplies,4.0,299.99,West,Consumer,Credit Card
TX-12327,2024-06-11,CUST-0351,Wireless Mouse, accessories,5.0,46.99,East,Corporate,Bank Transfer
TX-14389,2024-07-27,CUST-0111,USB-C Multi-Hub, accessories,9.0,39.99,West,Corporate,Credit Card
TX-10766,2024-11-29,CUST-0167,Pro Laptop,Electronics ,2.0,1200.0, North ,Small Business,Cash
TX-14496,2025-09-03,CUST-0268,Noise-Cancelling Headphones,Electronics ,4.0,250.0,West,Small Business,Cash
TX-14218,2024-04-15,CUST-0371,Smartwatch,Electronics ,6.0,200.0,East,Corporate,Credit Card
TX-13255,2024-08-03,CUST-0282,Desk Mat, accessories,4.0,25.0,south,Consumer,PayPal
TX-10202,2024-03-09,CUST-0018,Whiteboard,Office Supplies,1.0,79.99, North ,Consumer,PayPal
TX-13510,2025-07-27,CUST-0107,USB-C Multi-Hub, accessories,4.0,39.99,West,Consumer,Bank Transfer
TX-11733,2025-09-09,CUST-0307,Standing Desk,Office Supplies,4.0,450.0,West,Consumer,Cash
TX-12777,2024-06-23,CUST-0200,Whiteboard,Office Supplies,3.0,79.99,south,Small Business,Cash
TX-11707,2024-03-25,CUST-0381,Smartwatch,Electronics ,6.0,200.0,West,Corporate,Credit Card
TX-13474,2024-04-05,CUST-0289,Noise-Cancelling Headphones,Electronics ,1.0,205.0, North ,Consumer,Credit Card
TX-10854,2025-08-29,CUST-0044,Wireless Mouse, accessories,3.0,49.99,south,Consumer,Credit Card
TX-14737,2025-05-23,CUST-0135,Desk Mat, accessories,3.0,25.0,West,Consumer,Cash
TX-14097,2025-12-07,CUST-0217,Mechanical Keyboard, accessories,3.0,99.99,south,Small Business,Credit Card
TX-12160,2024-05-17,CUST-0239,Wireless Mouse, accessories,3.0,49.99,south,Small Business,Credit Card
TX-10698,2025-09-02,CUST-0395,Premium Notebook,Office Supplies,4.0,12.87,East,Consumer,Credit Card
TX-14977,2024-09-08,CUST-0045,Standing Desk,Office Supplies,2.0,382.5,East,Corporate,PayPal
TX-12999,2024-06-11,CUST-0338,Laptop Sleeve, accessories,3.0,29.99,East,Consumer,Bank Transfer
TX-13696,2025-09-17,CUST-0331,Gel Pens 12-Pack,Office Supplies,10.0,12.99,West,Corporate,Cash
TX-11636,2024-05-31,CUST-0268,Ergonomic Chair,Office Supplies,2.0,299.99,West,Small Business,Bank Transfer
TX-13457,2024-05-12,CUST-0215,Gel Pens 12-Pack,Office Supplies,3.0,11.04,East,Consumer,Credit Card
TX-13581,2024-07-23,CUST-0127,Premium Notebook,Office Supplies,4.0,15.5,south,Consumer,Credit Card
TX-11291,2025-12-01,CUST-0130,Mechanical Keyboard, accessories,1.0,88.99,West,Consumer,PayPal
TX-14659,2024-10-06,CUST-0379,4K Monitor,Electronics ,2.0,350.0,south,Consumer,Bank Transfer
TX-11853,2024-11-22,CUST-0381,Premium Notebook,Office Supplies,9.0,15.5,West,Corporate,Bank Transfer
TX-13763,2024-03-05,CUST-0165,Pro Laptop,Electronics ,2.0,1200.0,West,Small Business,Credit Card
TX-13304,2025-07-02,CUST-0118,Wireless Mouse, accessories,3.0,49.99,,Consumer,Cash
TX-14942,2024-09-21,CUST-0225,Wireless Mouse, accessories,3.0,46.99,West,Consumer,Cash
TX-13743,2024-03-09,CUST-0182,Premium Tablet,Electronics ,1.0,600.0,East,Consumer,Cash
TX-13445,2024-07-16,CUST-0012,Pro Laptop,Electronics ,2.0,1200.0,West,Small Business,Cash
TX-11998,2025-02-26,CUST-0196,Premium Notebook,Office Supplies,3.0,15.5,West,Small Business,Credit Card
TX-10663,2024-12-03,CUST-0269,Premium Tablet,Electronics ,2.0,600.0,East,Corporate,Credit Card
TX-14779,2025-12-21,CUST-0156,Mechanical Keyboard, accessories,4.0,99.99,East,Corporate,Credit Card
TX-13748,2025-07-04,CUST-0383,Desk Mat, accessories,8.0,25.0,south,Corporate,Bank Transfer
TX-14413,2024-07-20,CUST-0324,Laptop Sleeve, accessories,2.0,29.99, North ,Small Business,Bank Transfer
TX-14744,2024-02-10,CUST-0202,Mechanical Keyboard, accessories,10.0,99.99,south,Corporate,Cash
TX-10709,2025-03-10,CUST-0283,Gel Pens 12-Pack,Office Supplies,3.0,11.17,West,Small Business,PayPal
TX-11282,2025-09-26,CUST-0349,Smartwatch,Electronics ,7.0,200.0,East,Corporate,Bank Transfer
TX-12675,2025-02-01,CUST-0128,4K Monitor,Electronics ,9.0,315.0,West,Corporate,PayPal
TX-14029,2025-12-10,CUST-0268,Desk Mat, accessories,2.0,25.0,West,Small Business,PayPal
TX-11306,2025-09-30,CUST-0279,Smartwatch,Electronics ,10.0,200.0,East,Corporate,Credit Card
TX-12237,2025-09-04,CUST-0367,USB-C Multi-Hub, accessories,3.0,39.99, North ,Consumer,PayPal
TX-13302,2025-07-14,CUST-0166,Premium Tablet,Electronics ,3.0,504.0,East,Small Business,Bank Transfer
TX-12038,2024-10-16,CUST-0353,Whiteboard,Office Supplies,5.0,79.99,West,Corporate,Cash
TX-11529,07/28/2024,CUST-0366,Whiteboard,Office Supplies,6.0,79.99,West,Corporate,Cash
TX-11663,2025-03-02,CUST-0138,Noise-Cancelling Headphones,Electronics ,4.0,250.0, North ,Small Business,Bank Transfer
TX-14964,2024-01-25,CUST-0008,Ergonomic Chair,Office Supplies,2.0,299.99,south,Consumer,PayPal
TX-14983,2025-08-08,CUST-0280,4K Monitor,Electronics ,4.0,350.0,East,Small Business,Credit Card
TX-13627,2024-02-17,CUST-0072,Noise-Cancelling Headphones,Electronics ,4.0,250.0, North ,Small Business,Credit Card
TX-14891,2024-01-25,CUST-0240,Noise-Cancelling Headphones,Electronics ,6.0,250.0,East,Corporate,Bank Transfer
TX-12693,11/01/2024,CUST-0054,Wireless Mouse, accessories,3.0,49.99,West,Small Business,Bank Transfer
TX-13060,2024-07-10,CUST-0032,Smartwatch,Electronics ,4.0,200.0,East,Corporate,Credit Card
TX-11597,2025-05-20,CUST-0221,Premium Notebook,Office Supplies,9.0,15.5,East,Corporate,PayPal
TX-12729,2024-09-05,CUST-0148,Whiteboard,Office Supplies,3.0,79.99,south,Small Business,PayPal
TX-12625,2025-01-24,CUST-0115,Standing Desk,Office Supplies,1.0,450.0, North ,Consumer,Bank Transfer
TX-13157,2024-10-06,CUST-0071,Noise-Cancelling Headphones,Electronics ,6.0,250.0,south,Corporate,Bank Transfer
TX-13314,2025-02-19,CUST-0324,USB-C Multi-Hub, accessories,4.0,33.59, North ,Small Business,Bank Transfer
TX-11722,2025-10-12,CUST-0385,Mechanical Keyboard, accessories,10.0,99.99,south,Corporate,Cash
TX-11059,01/10/2024,CUST-0256,USB-C Multi-Hub, accessories,7.0,39.99, North ,Corporate,PayPal
TX-14636,2024-05-31,CUST-0148,Laptop Sleeve, accessories,2.0,29.99,south,Small Business,Cash
TX-13242,2025-05-07,CUST-0150,Mechanical Keyboard, accessories,3.0,94.99, North ,Corporate,Cash
TX-11678,2024-02-02,CUST-0259,Whiteboard,Office Supplies,9.0,79.99,West,Corporate,Bank Transfer
TX-11757,2024-03-19,CUST-0355,Noise-Cancelling Headphones,Electronics ,2.0,202.5,East,Consumer,PayPal
TX-14191,2024-02-08,CUST-0222,Desk Mat, accessories,2.0,25.0, North ,Corporate,Credit Card
TX-10563,2025-07-06,CUST-0306,Whiteboard,Office Supplies,4.0,79.99,West,Consumer,Bank Transfer
TX-12790,2025-08-22,CUST-0107,Noise-Cancelling Headphones,Electronics ,1.0,250.0,West,Consumer,Bank Transfer
TX-10863,2024-09-14,CUST-0233,Laptop Sleeve, accessories,4.0,29.99,West,Corporate,Credit Card
TX-11484,2025-09-22,CUST-0161,Noise-Cancelling Headphones,Electronics ,3.0,227.5,,Consumer,PayPal
TX-10206,2024-06-28,CUST-0321,Desk Mat, accessories,4.0,25.0, North ,Small Business,Credit Card
TX-14488,2025-10-14,CUST-0179,Wireless Mouse, accessories,9.0,39.99,West,Corporate,Bank Transfer
TX-10870,2024-02-07,CUST-0104,Noise-Cancelling Headphones,Electronics ,4.0,250.0,south,Corporate,Credit Card
TX-14493,2025-06-21,CUST-0206,Smartwatch,Electronics ,3.0,200.0,south,Consumer,Cash
TX-10502,2024-05-01,CUST-0339,Smartwatch,Electronics ,3.0,200.0,East,Consumer,Credit Card
TX-11028,2025-03-22,CUST-0334,Premium Notebook,Office Supplies,2.0,15.5,East,Small Business,PayPal
TX-13840,2025-01-16,CUST-0179,Wireless Mouse, accessories,7.0,49.99,West,Corporate,Cash
TX-12690,2024-08-17,CUST-0081,Pro Laptop,Electronics ,2.0,996.0, North ,Consumer,PayPal
TX-11570,2024-07-09,CUST-0386,Smartwatch,Electronics ,4.0,200.0, North ,Small Business,Cash
TX-12773,2024-05-19,CUST-0295,Gel Pens 12-Pack,Office Supplies,4.0,12.99,West,Small Business,Bank Transfer
TX-12731,2025-06-30,CUST-0015,Premium Notebook,Office Supplies,7.0,15.5,West,Corporate,Credit Card
TX-10804,2025-04-01,CUST-0347,Wireless Mouse, accessories,10.0,44.99,West,Corporate,Cash
TX-13645,2024-12-30,CUST-0049,Laptop Sleeve, accessories,10.0,29.99,West,Corporate,Credit Card
TX-12454,2025-10-08,CUST-0287,Smartwatch,Electronics ,1.0,200.0,East,Small Business,Bank Transfer
TX-14598,2025-12-17,CUST-0062,4K Monitor,Electronics ,4.0,350.0, North ,Corporate,PayPal
TX-13104,2025-11-05,CUST-0205,4K Monitor,Electronics ,3.0,350.0, North ,Corporate,Bank Transfer
TX-14875,2025-01-04,CUST-0091,Noise-Cancelling Headphones,Electronics ,3.0,250.0,south,Small Business,PayPal
TX-10200,2025-04-19,CUST-0279,Whiteboard,Office Supplies,8.0,79.99,East,Corporate,PayPal
TX-13099,2025-07-20,CUST-0205,Laptop Sleeve, accessories,9.0,29.99, North ,Corporate,Cash
TX-12278,2025-05-17,CUST-0354,Smartwatch,Electronics ,9.0,200.0, North ,Corporate,Cash
TX-13561,2025-05-21,CUST-0111,Gel Pens 12-Pack,Office Supplies,6.0,12.99,West,Corporate,Bank Transfer
TX-14474,2024-05-14,CUST-0370,Premium Tablet,Electronics ,2.0,600.0,south,Corporate,Cash
TX-14514,2024-11-03,CUST-0074,Smartwatch,Electronics ,2.0,200.0,south,Small Business,Bank Transfer
TX-10391,2025-06-17,CUST-0320,Whiteboard,Office Supplies,1.0,79.99,south,Consumer,Credit Card
TX-11495,2025-05-23,CUST-0145,Premium Tablet,Electronics ,1.0,564.0, North ,Small Business,PayPal
TX-12695,2025-08-06,CUST-0258,Gel Pens 12-Pack,Office Supplies,4.0,12.99,south,Small Business,PayPal
TX-12027,2024-01-09,CUST-0077,Desk Mat, accessories,4.0,25.0,south,Consumer,Credit Card
TX-12568,2024-10-19,CUST-0334,Laptop Sleeve, accessories,2.0,29.99,East,Small Business,PayPal
TX-10064,2025-09-11,CUST-0221,Pro Laptop,Electronics ,10.0,1200.0,East,Corporate,PayPal
TX-13884,2024-05-13,CUST-0173,Wireless Mouse, accessories,4.0,46.99,East,Small Business,Credit Card
TX-12062,2024-12-30,CUST-0181,Smartwatch,Electronics ,2.0,200.0,East,Consumer,Bank Transfer
TX-10492,2024-04-02,CUST-0204,Whiteboard,Office Supplies,2.0,79.99, North ,Corporate,PayPal
TX-10379,2024-11-06,CUST-0252,Wireless Mouse, accessories,2.0,49.99,East,Consumer,PayPal
TX-14859,2024-05-09,CUST-0395,Premium Notebook,Office Supplies,4.0,15.5,East,Consumer,Credit Card
TX-13993,2025-04-26,CUST-0355,Premium Notebook,Office Supplies,3.0,15.5,East,Consumer,Cash
TX-14887,2024-02-24,CUST-0005,Whiteboard,Office Supplies,2.0,79.99, North ,Small Business,Cash
TX-11076,2025-05-31,CUST-0167,Gel Pens 12-Pack,Office Supplies,2.0,12.99, North ,Small Business,Bank Transfer
TX-10878,2024-05-28,CUST-0186,Premium Notebook,Office Supplies,3.0,15.5, North ,Small Business,Credit Card
TX-10337,2025-07-17,CUST-0246,Pro Laptop,Electronics ,3.0,1104.0,,Small Business,Cash
TX-11016,2025-06-29,CUST-0003,Standing Desk,Office Supplies,3.0,450.0,south,Consumer,Credit Card
TX-11275,2025-05-28,CUST-0265,Laptop Sleeve, accessories,3.0,29.99,West,Consumer,Cash
TX-13798,2024-04-23,CUST-0270,Premium Tablet,Electronics ,2.0,600.0,West,Small Business,Bank Transfer
TX-14551,2025-05-26,CUST-0294,Pro Laptop,Electronics ,5.0,1020.0,East,Corporate,Cash
TX-13342,2025-08-14,CUST-0014,Ergonomic Chair,Office Supplies,4.0,299.99,south,Small Business,PayPal
TX-14911,2024-08-09,CUST-0312,Whiteboard,Office Supplies,4.0,79.99,West,Corporate,Credit Card
TX-10995,2024-03-08,CUST-0248,Smartwatch,Electronics ,2.0,200.0,south,Small Business,Credit Card
TX-11981,2024-12-19,CUST-0011,Gel Pens 12-Pack,Office Supplies,-2.0,11.82,West,Consumer,Cash
TX-14297,2025-10-26,CUST-0289,Wireless Mouse, accessories,4.0,49.99, North ,Consumer,Credit Card
TX-10161,2025-06-15,CUST-0311,Mechanical Keyboard, accessories,7.0,79.99,East,Corporate,Bank Transfer
TX-14798,2025-12-18,CUST-0256,Standing Desk,Office Supplies,3.0,450.0, North ,Corporate,Credit Card
TX-11500,2025-03-11,CUST-0060,Smartwatch,Electronics ,3.0,200.0,south,Small Business,Credit Card
TX-13843,2025-11-01,CUST-0228,Noise-Cancelling Headphones,Electronics ,1.0,222.5,East,Small Business,Cash
TX-12613,2025-05-10,CUST-0309,Premium Tablet,Electronics ,9.0,600.0,West,Corporate,Cash
TX-13461,2024-10-26,CUST-0354,Wireless Mouse, accessories,6.0,49.99, North ,Corporate,Bank Transfer
TX-11021,2025-08-15,CUST-0064,Pro Laptop,Electronics ,1.0,1200.0,West,Small Business,Cash
TX-13073,2024-02-17,CUST-0028,Mechanical Keyboard, accessories,4.0,81.99, North ,Consumer,Bank Transfer
TX-13943,2025-02-11,CUST-0029,Whiteboard,Office Supplies,7.0,79.99,south,Corporate,Bank Transfer
TX-11585,2025-05-07,CUST-0018,Gel Pens 12-Pack,Office Supplies,2.0,12.99, North ,Consumer,PayPal
TX-11955,2025-04-26,CUST-0198,Laptop Sleeve, accessories,2.0,29.99,south,Consumer,Cash
TX-13152,2024-01-09,CUST-0320,Laptop Sleeve, accessories,1.0,29.99,south,Consumer,Credit Card
TX-10034,2024-09-17,CUST-0236,Ergonomic Chair,Office Supplies,4.0,299.99,south,Consumer,Bank Transfer
TX-14014,2025-06-11,CUST-0371,Gel Pens 12-Pack,Office Supplies,7.0,12.99,East,Corporate,Credit Card
TX-10775,2025-02-07,CUST-0246,Wireless Mouse, accessories,4.0,49.99,south,Small Business,Cash
TX-12556,2025-11-13,CUST-0121,Premium Tablet,Electronics ,3.0,600.0,West,Consumer,PayPal
TX-11478,2025-02-22,CUST-0380,Premium Notebook,Office Supplies,4.0,15.5,south,Small Business,PayPal
TX-11363,2024-09-11,CUST-0057,Pro Laptop,Electronics ,1.0,1200.0,West,Consumer,Credit Card
TX-12612,2025-10-24,CUST-0019,Laptop Sleeve, accessories,4.0,26.69,West,Consumer,PayPal
TX-12824,2025-09-17,CUST-0018,USB-C Multi-Hub, accessories,4.0,36.39, North ,Consumer,Cash
TX-12041,2025-05-24,CUST-0204,USB-C Multi-Hub, accessories,9.0,39.99, North ,Corporate,PayPal
TX-10241,04/05/2024,CUST-0306,USB-C Multi-Hub, accessories,4.0,39.99,West,Consumer,Credit Card
TX-12061,2024-12-11,CUST-0239,Wireless Mouse, accessories,4.0,49.99,south,Small Business,Bank Transfer
TX-12363,2025-01-24,CUST-0289,Noise-Cancelling Headphones,Electronics ,4.0,250.0, North ,Consumer,Credit Card
TX-10600,2025-07-17,CUST-0167,Gel Pens 12-Pack,Office Supplies,4.0,12.99, North ,Small Business,Bank Transfer
TX-12435,2024-04-29,CUST-0008,Premium Tablet,Electronics ,2.0,510.0,south,Consumer,Credit Card
TX-12888,2025-03-15,CUST-0167,Noise-Cancelling Headphones,Electronics ,3.0,250.0, North ,Small Business,Cash
TX-10646,2024-02-25,CUST-0073,Gel Pens 12-Pack,Office Supplies,1.0,11.17,East,Small Business,Credit Card
TX-13890,2025-06-10,CUST-0006,4K Monitor,Electronics ,2.0,350.0,West,Consumer,PayPal
TX-13556,2025-05-22,CUST-0131,Smartwatch,Electronics ,10.0,200.0,south,Corporate,Cash
TX-13202,2025-03-22,CUST-0066,Premium Tablet,Electronics ,3.0,558.0, North ,Small Business,Cash
TX-11528,2025-11-23,CUST-0191,Mechanical Keyboard, accessories,4.0,99.99,East,Corporate,Bank Transfer
TX-11267,2024-03-20,CUST-0186,USB-C Multi-Hub, accessories,1.0,39.99, North ,Small Business,PayPal
TX-11899,2025-09-26,CUST-0026,Noise-Cancelling Headphones,Electronics ,1.0,250.0,East,Small Business,Bank Transfer
TX-14658,2025-04-05,CUST-0386,Gel Pens 12-Pack,Office Supplies,4.0,12.99, North ,Small Business,Cash
TX-13005,2024-01-08,CUST-0155,Desk Mat, accessories,4.0,25.0,south,Small Business,Credit Card
TX-12734,2024-02-10,CUST-0149,Laptop Sleeve, accessories,1.0,29.99, North ,Small Business,Credit Card
TX-10189,2024-08-12,CUST-0069,Standing Desk,Office Supplies,4.0,450.0,East,Consumer,Bank Transfer
TX-11806,2024-01-18,CUST-0317,Mechanical Keyboard, accessories,3.0,80.99,south,Small Business,Bank Transfer
TX-10975,2025-07-26,CUST-0061,Desk Mat, accessories,1.0,25.0,West,Small Business,Credit Card
TX-12747,2025-02-14,CUST-0192,Noise-Cancelling Headphones,Electronics ,2.0,207.5, North ,Corporate,Cash
TX-12047,2025-06-25,CUST-0303,Laptop Sleeve, accessories,2.0,29.99,south,Small Business,Cash
TX-12558,2025-06-25,CUST-0256,Ergonomic Chair,Office Supplies,7.0,299.99, North ,Corporate,Bank Transfer
TX-11082,2024-06-06,CUST-0226,Standing Desk,Office Supplies,5.0,450.0,south,Corporate,Credit Card
TX-10474,2025-10-18,CUST-0382,Wireless Mouse, accessories,1.0,49.99,East,Consumer,Bank Transfer
TX-12904,2025-04-19,CUST-0343,Standing Desk,Office Supplies,3.0,450.0,West,Small Business,PayPal
TX-14843,2025-04-12,CUST-0115,Ergonomic Chair,Office Supplies,1.0,299.99, North ,Consumer,Cash
TX-14117,2024-02-01,CUST-0008,Wireless Mouse, accessories,3.0,49.99,south,Consumer,Cash
TX-13385,2025-10-31,CUST-0188,Noise-Cancelling Headphones,Electronics ,8.0,250.0, North ,Corporate,Credit Card
TX-14555,2025-09-01,CUST-0038,USB-C Multi-Hub, accessories,2.0,39.99,south,Small Business,Credit Card
TX-11184,2024-03-27,CUST-0381,Whiteboard,Office Supplies,9.0,79.99,West,Corporate,Credit Card
TX-12433,2024-08-31,CUST-0053,Pro Laptop,Electronics ,4.0,1200.0,East,Small Business,Credit Card
TX-12391,2025-05-04,CUST-0127,Desk Mat, accessories,1.0,22.0,south,Consumer,Bank Transfer
TX-10769,2025-04-13,CUST-0324,Premium Notebook,Office Supplies,2.0,13.17, North ,Small Business,Bank Transfer
TX-11685,2025-08-11,CUST-0182,Laptop Sleeve, accessories,2.0,29.99,East,Consumer,PayPal
TX-10130,2024-05-26,CUST-0348,Ergonomic Chair,Office Supplies,2.0,299.99,West,Small Business,Credit Card
TX-12919,2024-02-27,CUST-0367,Smartwatch,Electronics ,,190.0, North ,Consumer,Cash
TX-13171,2024-03-22,CUST-0389,Laptop Sleeve, accessories,4.0,29.99,East,Small Business,Cash
TX-13444,2025-01-11,CUST-0255,Pro Laptop,Electronics ,6.0,1200.0,south,Corporate,PayPal
TX-14426,2025-10-26,CUST-0393,Smartwatch,Electronics ,9.0,200.0,East,Corporate,PayPal
TX-10466,2024-11-24,CUST-0059,Premium Notebook,Office Supplies,3.0,15.5,south,Small Business,Credit Card
TX-13092,2025-02-13,CUST-0211,Premium Tablet,Electronics ,4.0,600.0,East,Corporate,PayPal
TX-13772,2025-05-26,CUST-0183,Desk Mat, accessories,2.0,25.0,West,Small Business,Cash
TX-10860,2025-08-10,CUST-0116,Wireless Mouse, accessories,1.0,49.99,West,Small Business,Bank Transfer
